{
"type": "FeatureCollection",
"name": "arron",
"crs": { "type": "name", "properties": { "name": "urn:ogc:def:crs:EPSG::32631" } },
"features": [
{ "type": "Feature", "properties": { "LEFT_FID": 6, "RIGHT_FID": 5 }, "geometry": { "type": "MultiLineString", "coordinates": [ [ [ 425973.021884472458623, 701846.666922854492441 ], [ 425969.470999999786727, 701797.649599999655038 ] ] ] } },
{ "type": "Feature", "properties": { "LEFT_FID": -1, "RIGHT_FID": 6 }, "geometry": { "type": "MultiLineString", "coordinates": [ [ [ 425973.021884472458623, 701846.666922854492441 ], [ 425970.831499999330845, 701816.38489999959711 ], [ 425969.874099999491591, 701803.150500000454485 ], [ 425969.476189062115736, 701797.650198482675478 ], [ 425969.470999999786727, 701797.649599999655038 ] ] ] } },
{ "type": "Feature", "properties": { "LEFT_FID": -1, "RIGHT_FID": 5 }, "geometry": { "type": "MultiLineString", "coordinates": [ [ [ 425983.922899999073707, 702669.465500000282191 ], [ 425973.341999999945983, 702637.761000000871718 ], [ 425967.243480498727877, 702608.385183288599364 ], [ 425964.109900000097696, 702593.290499999187887 ], [ 425962.700064434669912, 702587.061921272543259 ], [ 425951.162000000244007, 702536.110200000344776 ], [ 425938.657000000472181, 702500.365399998961948 ], [ 425926.683400001027621, 702461.281899999943562 ], [ 425931.730500000528991, 702416.642999998643063 ], [ 425938.46750000101747, 702344.620500000892207 ], [ 425946.686957079567946, 702294.847093839198351 ], [ 425947.561900000553578, 702289.544400000129826 ], [ 425948.897584263584577, 702270.830298875458539 ], [ 425953.731599998951424, 702203.100500000407919 ], [ 425960.493999999656808, 702168.954999999143183 ], [ 425968.476400000799913, 702075.440700000035577 ], [ 425970.646100000361912, 702010.909299999824725 ], [ 425971.595900000596885, 701955.97350000066217 ], [ 425972.921000000904314, 701884.960999998613261 ], [ 425973.525300000270363, 701853.621200001100078 ], [ 425973.021884472458623, 701846.666922854492441 ] ] ] } },
{ "type": "Feature", "properties": { "LEFT_FID": 6, "RIGHT_FID": 5 }, "geometry": { "type": "MultiLineString", "coordinates": [ [ [ 425994.102981537347659, 702694.520768710062839 ], [ 425983.922899999073707, 702669.465500000282191 ] ] ] } },
{ "type": "Feature", "properties": { "LEFT_FID": -1, "RIGHT_FID": 6 }, "geometry": { "type": "MultiLineString", "coordinates": [ [ [ 425994.102981537347659, 702694.520768710062839 ], [ 425986.628400000219699, 702676.11510000040289 ], [ 425983.922899999073707, 702669.465500000282191 ] ] ] } },
{ "type": "Feature", "properties": { "LEFT_FID": -1, "RIGHT_FID": 5 }, "geometry": { "type": "MultiLineString", "coordinates": [ [ [ 426164.827800000784919, 702983.284200000227429 ], [ 426134.946999999636319, 702941.19849999982398 ], [ 426101.798400000203401, 702898.299200000241399 ], [ 426066.230300000519492, 702851.415799999260344 ], [ 426042.2095, 702817.578999999212101 ], [ 426030.454299999342766, 702793.590099998749793 ], [ 426024.844579122669529, 702775.016185505781323 ], [ 426019.159500000823755, 702756.189999998663552 ], [ 425998.318699998781085, 702704.901699999230914 ], [ 425994.102981537347659, 702694.520768710062839 ] ] ] } },
{ "type": "Feature", "properties": { "LEFT_FID": 6, "RIGHT_FID": 5 }, "geometry": { "type": "MultiLineString", "coordinates": [ [ [ 426215.341699999989942, 703052.164399999310263 ], [ 426164.827800000784919, 702983.284200000227429 ] ] ] } },
{ "type": "Feature", "properties": { "LEFT_FID": -1, "RIGHT_FID": 6 }, "geometry": { "type": "MultiLineString", "coordinates": [ [ [ 426215.341699999989942, 703052.164399999310263 ], [ 426203.246200001041871, 703035.666800000704825 ], [ 426164.827800000784919, 702983.284200000227429 ] ] ] } },
{ "type": "Feature", "properties": { "LEFT_FID": -1, "RIGHT_FID": 5 }, "geometry": { "type": "MultiLineString", "coordinates": [ [ [ 426312.688599999295548, 703157.434599999338388 ], [ 426264.968899998930283, 703120.988400000147521 ], [ 426263.134200000669807, 703119.557499999529682 ], [ 426241.745199998782482, 703102.61099999921862 ], [ 426230.484699999680743, 703087.039299999945797 ], [ 426215.341699999989942, 703052.164399999310263 ] ] ] } },
{ "type": "Feature", "properties": { "LEFT_FID": 6, "RIGHT_FID": 5 }, "geometry": { "type": "MultiLineString", "coordinates": [ [ [ 426404.112299999222159, 703218.739400000078604 ], [ 426312.688599999295548, 703157.434599999338388 ] ] ] } },
{ "type": "Feature", "properties": { "LEFT_FID": -1, "RIGHT_FID": 6 }, "geometry": { "type": "MultiLineString", "coordinates": [ [ [ 426404.112299999222159, 703218.739400000078604 ], [ 426395.886200000124518, 703213.212100000237115 ], [ 426312.688599999295548, 703157.434599999338388 ] ] ] } },
{ "type": "Feature", "properties": { "LEFT_FID": -1, "RIGHT_FID": 5 }, "geometry": { "type": "MultiLineString", "coordinates": [ [ [ 426558.747899998910725, 703302.517899999860674 ], [ 426522.677199999510776, 703284.785799999604933 ], [ 426505.890700000163633, 703276.228400000138208 ], [ 426463.600399999762885, 703254.652399998973124 ], [ 426404.112299999222159, 703218.739400000078604 ] ] ] } },
{ "type": "Feature", "properties": { "LEFT_FID": 6, "RIGHT_FID": 5 }, "geometry": { "type": "MultiLineString", "coordinates": [ [ [ 426585.453099998529069, 703323.392300000996329 ], [ 426558.747899998910725, 703302.517899999860674 ] ] ] } },
{ "type": "Feature", "properties": { "LEFT_FID": -1, "RIGHT_FID": 6 }, "geometry": { "type": "MultiLineString", "coordinates": [ [ [ 426585.453099998529069, 703323.392300000996329 ], [ 426571.892199999885634, 703312.786800000700168 ], [ 426558.747899998910725, 703302.517899999860674 ] ] ] } },
{ "type": "Feature", "properties": { "LEFT_FID": -1, "RIGHT_FID": 5 }, "geometry": { "type": "MultiLineString", "coordinates": [ [ [ 425969.470999999786727, 701797.649599999655038 ], [ 425951.216900001221802, 701795.544199998490512 ], [ 425902.03369999997085, 701789.601600000634789 ], [ 425852.93650000076741, 701783.397500001825392 ], [ 425803.929399999789894, 701776.93100000009872 ], [ 425706.201000001223292, 701763.207499999203719 ], [ 425654.346199998690281, 701755.825099999317899 ], [ 425602.467600000672974, 701748.818699999945238 ], [ 425550.56590000068536, 701742.174399998853914 ], [ 425498.641599999391474, 701735.877699999487959 ], [ 425446.69530000037048, 701729.914499999838881 ], [ 425394.727699999464676, 701724.27050000091549 ], [ 425342.73940000042785, 701718.931399998837151 ], [ 425290.730899999267422, 701713.883099998696707 ], [ 425238.70299999951385, 701709.111199999926612 ], [ 425186.656199999386445, 701704.601500000106171 ], [ 425134.591199999209493, 701700.3398999995552 ], [ 425082.508499999472406, 701696.311899999389425 ], [ 425030.408800000383053, 701692.503399999928661 ], [ 424978.292699999001343, 701688.900200000731274 ], [ 424926.160799999081064, 701685.488000000244938 ], [ 424874.013699999894015, 701682.252499999362044 ], [ 424821.852000000653788, 701679.17949999962002 ], [ 424769.676500000408851, 701676.254799998365343 ], [ 424717.487499999988358, 701673.463999999919906 ], [ 424665.285899999260437, 701670.793099998845719 ], [ 424613.07220000110101, 701668.227600000682287 ], [ 424560.847000000183471, 701665.753500000224449 ], [ 424508.610999999160413, 701663.356300000683405 ], [ 424456.364700000616722, 701661.021999999065883 ], [ 424404.108699999400415, 701658.736099998583086 ], [ 424351.843799999041948, 701656.484600000665523 ], [ 424299.570500000030734, 701654.253100000671111 ], [ 424247.289300000586081, 701652.027400000370108 ], [ 424195.001100000808947, 701649.793299999088049 ], [ 424142.706199999141973, 701647.536399998818524 ], [ 424090.405500000109896, 701645.242699999012984 ], [ 424038.099399998784065, 701642.897700000321493 ], [ 423985.788599999796133, 701640.487299999105744 ], [ 423933.473700000264216, 701637.997199998120777 ], [ 423881.155400000396185, 701635.41330000013113 ], [ 423828.834200000797864, 701632.72110000171233 ], [ 423776.510799999348819, 701629.906500000972301 ], [ 423724.185799999861047, 701626.955299999797717 ], [ 423671.859700000612065, 701623.85319999884814 ], [ 423619.533300000650343, 701620.585899998783134 ], [ 423567.207100000407081, 701617.139199999161065 ], [ 423514.881699999212287, 701613.498899999540299 ], [ 423462.557799999485724, 701609.650699998368509 ], [ 423410.236000000557397, 701605.580299998633564 ], [ 423357.916899999487214, 701601.273600000771694 ], [ 423305.601099999912549, 701596.716200000024401 ], [ 423253.289200001163408, 701591.893999999156222 ], [ 423200.9818000002997, 701586.792700001155026 ], [ 423096.383200001029763, 701575.695699999923818 ], [ 423072.111100000678562, 701573.047599999932572 ], [ 423047.824900000763591, 701570.538100000354461 ], [ 423023.525400000391528, 701568.160299999406561 ], [ 422999.213100000051782, 701565.907199999084696 ], [ 422974.888800000946503, 701563.771500000264496 ], [ 422950.553100000135601, 701561.746400000411086 ], [ 422926.206700000155251, 701559.82480000006035 ], [ 422901.850200000219047, 701557.999700001324527 ], [ 422877.484399999375455, 701556.263900001649745 ], [ 422853.109800000325777, 701554.61049999948591 ], [ 422828.727199999964796, 701553.032500001252629 ], [ 422804.337199999659788, 701551.522700000088662 ], [ 422779.940399998740759, 701550.074200000963174 ], [ 422755.537600000679959, 701548.679900000337511 ], [ 422731.129400000325404, 701547.332800000091083 ], [ 422706.716500000096858, 701546.025800001109019 ], [ 422682.299499999324325, 701544.751999999396503 ], [ 422657.87920000142185, 701543.504100000718608 ], [ 422633.456100000301376, 701542.275299999979325 ], [ 422609.030900000594556, 701541.058500000042841 ], [ 422584.604300000355579, 701539.846699998597614 ], [ 422560.17699999990873, 701538.632699999725446 ], [ 422535.749699999403674, 701537.409599999780767 ], [ 422511.322899999446236, 701536.17029999953229 ], [ 422486.897400001238566, 701534.907800000859424 ], [ 422462.473799999570474, 701533.615100001101382 ], [ 422438.052799999190029, 701532.2850999989314 ], [ 422413.635100000363309, 701530.910700001870282 ], [ 422389.221300000150222, 701529.484999999520369 ], [ 422364.81209999875864, 701528.000900001381524 ], [ 422340.408200000936631, 701526.451299999724142 ], [ 422316.010199999262113, 701524.829299999400973 ], [ 422291.618699999700766, 701523.12769999820739 ], [ 422267.234600000025239, 701521.339600001112558 ], [ 422242.858299999730662, 701519.457900000037625 ], [ 422218.490600000077393, 701517.475500000291504 ], [ 422194.132199999119621, 701515.385500000440516 ], [ 422169.783700000552926, 701513.180700000259094 ], [ 422145.445800000219606, 701510.854200000176206 ], [ 422121.11909999960335, 701508.398900001309812 ], [ 422096.804299998912029, 701505.8077 ], [ 422072.502100000740029, 701503.073699999018572 ], [ 422048.213200000813231, 701500.189799999352545 ], [ 422023.938200000615325, 701497.149000000441447 ], [ 421999.677699999476317, 701493.944100000080653 ], [ 421975.432500000810251, 701490.568199998815544 ], [ 421951.203199999465141, 701487.014300000737421 ], [ 421926.990399999194779, 701483.27530000009574 ], [ 421878.617300000274554, 701475.213699999731034 ], [ 421865.457899998815265, 701472.857600000221282 ], [ 421852.307299999985844, 701470.402499998919666 ], [ 421839.164900000032503, 701467.85419999982696 ], [ 421826.030200000735931, 701465.218599999090657 ], [ 421812.902400000835769, 701462.50159999972675 ], [ 421799.780899998848327, 701459.709200000972487 ], [ 421786.66509999986738, 701456.847200000076555 ], [ 421773.554400000255555, 701453.921599998837337 ], [ 421760.448099999746773, 701450.938300000037998 ], [ 421756.575214730692096, 701450.041103412513621 ], [ 421764.099300000583753, 701507.670800001476891 ], [ 421794.205286387936212, 701686.604802290559746 ], [ 421795.312897161056753, 701693.187900476739742 ], [ 421795.691840096551459, 701695.440175753668882 ], [ 421797.138017459772527, 701704.035597061389126 ], [ 421840.174799999338575, 701959.823400000808761 ], [ 421065.473299999721348, 702074.123600000981241 ], [ 421008.323099998640828, 702283.674000001046807 ], [ 420951.173000000766478, 703185.375799999921583 ], [ 420532.072200000809971, 703426.676299999351613 ] ] ] } },
{ "type": "Feature", "properties": { "LEFT_FID": -1, "RIGHT_FID": 7 }, "geometry": { "type": "MultiLineString", "coordinates": [ [ [ 420532.072200000809971, 703426.676299999351613 ], [ 420102.60789999953704, 703777.833200000110082 ], [ 419327.156899999419693, 704412.59149999904912 ] ] ] } },
{ "type": "Feature", "properties": { "LEFT_FID": 7, "RIGHT_FID": 5 }, "geometry": { "type": "MultiLineString", "coordinates": [ [ [ 420532.072200000809971, 703426.676299999351613 ], [ 419327.156899999419693, 704412.59149999904912 ] ] ] } },
{ "type": "Feature", "properties": { "LEFT_FID": -1, "RIGHT_FID": 5 }, "geometry": { "type": "MultiLineString", "coordinates": [ [ [ 419327.156899999419693, 704412.59149999904912 ], [ 418728.668650000181515, 704671.278799999854527 ], [ 418724.565799159056041, 704673.978415238671005 ], [ 418476.753399998880923, 704837.037299999385141 ], [ 418708.92090581334196, 705261.77549682056997 ], [ 418806.138700000941753, 705439.630299999378622 ], [ 418809.63018207042478, 705442.695920421159826 ], [ 419049.540471722371876, 705653.346432207967155 ] ] ] } },
{ "type": "Feature", "properties": { "LEFT_FID": -1, "RIGHT_FID": 7 }, "geometry": { "type": "MultiLineString", "coordinates": [ [ [ 419049.540471722371876, 705653.346432207967155 ], [ 419051.703599999775179, 705655.245800000499003 ], [ 419054.683468120987527, 705657.247312441235408 ] ] ] } },
{ "type": "Feature", "properties": { "LEFT_FID": -1, "RIGHT_FID": 23 }, "geometry": { "type": "MultiLineString", "coordinates": [ [ [ 419049.540471722371876, 705653.346432207967155 ], [ 419051.703599999775179, 705655.245800000499003 ], [ 419054.683468120987527, 705657.247312441235408 ] ] ] } },
{ "type": "Feature", "properties": { "LEFT_FID": 7, "RIGHT_FID": 5 }, "geometry": { "type": "MultiLineString", "coordinates": [ [ [ 419049.540471722371876, 705653.346432207967155 ], [ 419054.683468120987527, 705657.247312441235408 ] ] ] } },
{ "type": "Feature", "properties": { "LEFT_FID": 23, "RIGHT_FID": 5 }, "geometry": { "type": "MultiLineString", "coordinates": [ [ [ 419049.540471722371876, 705653.346432207967155 ], [ 419054.683468120987527, 705657.247312441235408 ] ] ] } },
{ "type": "Feature", "properties": { "LEFT_FID": -1, "RIGHT_FID": 5 }, "geometry": { "type": "MultiLineString", "coordinates": [ [ [ 419054.683468120987527, 705657.247312441235408 ], [ 419395.484299999836367, 705886.155800000298768 ], [ 419384.442970052594319, 705961.716596898273565 ] ] ] } },
{ "type": "Feature", "properties": { "LEFT_FID": -1, "RIGHT_FID": 7 }, "geometry": { "type": "MultiLineString", "coordinates": [ [ [ 419384.442970052594319, 705961.716596898273565 ], [ 419383.302002317504957, 705969.524753321078606 ] ] ] } },
{ "type": "Feature", "properties": { "LEFT_FID": -1, "RIGHT_FID": 23 }, "geometry": { "type": "MultiLineString", "coordinates": [ [ [ 419384.442970052594319, 705961.716596898273565 ], [ 419383.302002317504957, 705969.524753321078606 ] ] ] } },
{ "type": "Feature", "properties": { "LEFT_FID": 7, "RIGHT_FID": 7 }, "geometry": { "type": "MultiLineString", "coordinates": [ [ [ 419383.302002317504957, 705969.524753321078606 ], [ 419380.40330000029644, 705992.69859999907203 ], [ 419380.092500000551809, 705995.713199998717755 ] ] ] } },
{ "type": "Feature", "properties": { "LEFT_FID": 7, "RIGHT_FID": 23 }, "geometry": { "type": "MultiLineString", "coordinates": [ [ [ 419383.302002317504957, 705969.524753321078606 ], [ 419380.40330000029644, 705992.69859999907203 ], [ 419380.092500000551809, 705995.713199998717755 ] ] ] } },
{ "type": "Feature", "properties": { "LEFT_FID": 7, "RIGHT_FID": 5 }, "geometry": { "type": "MultiLineString", "coordinates": [ [ [ 419384.442970052594319, 705961.716596898273565 ], [ 419380.092500000551809, 705995.713199998717755 ] ] ] } },
{ "type": "Feature", "properties": { "LEFT_FID": 23, "RIGHT_FID": 5 }, "geometry": { "type": "MultiLineString", "coordinates": [ [ [ 419384.442970052594319, 705961.716596898273565 ], [ 419380.092500000551809, 705995.713199998717755 ] ] ] } },
{ "type": "Feature", "properties": { "LEFT_FID": -1, "RIGHT_FID": 7 }, "geometry": { "type": "MultiLineString", "coordinates": [ [ [ 419377.303100000310224, 706022.763599998317659 ], [ 419379.833500000066124, 705997.736700000590645 ], [ 419380.092500000551809, 705995.713199998717755 ] ] ] } },
{ "type": "Feature", "properties": { "LEFT_FID": -1, "RIGHT_FID": 5 }, "geometry": { "type": "MultiLineString", "coordinates": [ [ [ 419380.092500000551809, 705995.713199998717755 ], [ 419377.303100000310224, 706022.763599998317659 ] ] ] } },
{ "type": "Feature", "properties": { "LEFT_FID": 7, "RIGHT_FID": 5 }, "geometry": { "type": "MultiLineString", "coordinates": [ [ [ 419377.303100000310224, 706022.763599998317659 ], [ 419374.798800001037307, 706052.523000000510365 ], [ 419369.3399000003119, 706126.509999998728745 ], [ 419366.269699999422301, 706161.305400001583621 ], [ 419363.529200000804849, 706186.440099999308586 ] ] ] } },
{ "type": "Feature", "properties": { "LEFT_FID": -1, "RIGHT_FID": 7 }, "geometry": { "type": "MultiLineString", "coordinates": [ [ [ 419358.723233333905227, 706224.195066666230559 ], [ 419359.404499999305699, 706217.476099999737926 ], [ 419363.529200000804849, 706186.440099999308586 ] ] ] } },
{ "type": "Feature", "properties": { "LEFT_FID": -1, "RIGHT_FID": 5 }, "geometry": { "type": "MultiLineString", "coordinates": [ [ [ 419363.529200000804849, 706186.440099999308586 ], [ 419358.723233333905227, 706224.195066666230559 ] ] ] } },
{ "type": "Feature", "properties": { "LEFT_FID": 7, "RIGHT_FID": 7 }, "geometry": { "type": "MultiLineString", "coordinates": [ [ [ 419358.723233333905227, 706224.195066666230559 ], [ 419358.5197, 706225.794200000236742 ], [ 419358.453900000080466, 706226.851800000411458 ] ] ] } },
{ "type": "Feature", "properties": { "LEFT_FID": 7, "RIGHT_FID": 23 }, "geometry": { "type": "MultiLineString", "coordinates": [ [ [ 419358.723233333905227, 706224.195066666230559 ], [ 419358.5197, 706225.794200000236742 ], [ 419358.453900000080466, 706226.851800000411458 ] ] ] } },
{ "type": "Feature", "properties": { "LEFT_FID": 7, "RIGHT_FID": 5 }, "geometry": { "type": "MultiLineString", "coordinates": [ [ [ 419358.723233333905227, 706224.195066666230559 ], [ 419358.453900000080466, 706226.851800000411458 ] ] ] } },
{ "type": "Feature", "properties": { "LEFT_FID": 23, "RIGHT_FID": 5 }, "geometry": { "type": "MultiLineString", "coordinates": [ [ [ 419358.723233333905227, 706224.195066666230559 ], [ 419358.453900000080466, 706226.851800000411458 ] ] ] } },
{ "type": "Feature", "properties": { "LEFT_FID": -1, "RIGHT_FID": 7 }, "geometry": { "type": "MultiLineString", "coordinates": [ [ [ 419357.777927011193242, 706237.710501682246104 ], [ 419358.281099999148864, 706228.555899999802932 ], [ 419358.453900000080466, 706226.851800000411458 ] ] ] } },
{ "type": "Feature", "properties": { "LEFT_FID": -1, "RIGHT_FID": 5 }, "geometry": { "type": "MultiLineString", "coordinates": [ [ [ 419358.453900000080466, 706226.851800000411458 ], [ 419357.777927011193242, 706237.710501682246104 ] ] ] } },
{ "type": "Feature", "properties": { "LEFT_FID": 7, "RIGHT_FID": 5 }, "geometry": { "type": "MultiLineString", "coordinates": [ [ [ 419357.777927011193242, 706237.710501682246104 ], [ 419357.777599999390077, 706237.715899999486282 ] ] ] } },
{ "type": "Feature", "properties": { "LEFT_FID": 7, "RIGHT_FID": 7 }, "geometry": { "type": "MultiLineString", "coordinates": [ [ [ 419357.777599999390077, 706237.715899999486282 ], [ 419357.322700000542682, 706245.024500000290573 ], [ 419357.291599999472965, 706246.559399998746812 ] ] ] } },
{ "type": "Feature", "properties": { "LEFT_FID": 7, "RIGHT_FID": 23 }, "geometry": { "type": "MultiLineString", "coordinates": [ [ [ 419357.777599999390077, 706237.715899999486282 ], [ 419357.322700000542682, 706245.024500000290573 ], [ 419357.291599999472965, 706246.559399998746812 ] ] ] } },
{ "type": "Feature", "properties": { "LEFT_FID": 7, "RIGHT_FID": 5 }, "geometry": { "type": "MultiLineString", "coordinates": [ [ [ 419357.777599999390077, 706237.715899999486282 ], [ 419357.291599999472965, 706246.559399998746812 ] ] ] } },
{ "type": "Feature", "properties": { "LEFT_FID": 23, "RIGHT_FID": 5 }, "geometry": { "type": "MultiLineString", "coordinates": [ [ [ 419357.777599999390077, 706237.715899999486282 ], [ 419357.291599999472965, 706246.559399998746812 ] ] ] } },
{ "type": "Feature", "properties": { "LEFT_FID": -1, "RIGHT_FID": 7 }, "geometry": { "type": "MultiLineString", "coordinates": [ [ [ 419356.316399999079295, 706291.125700001604855 ], [ 419357.225900000485126, 706247.75429999968037 ], [ 419357.291599999472965, 706246.559399998746812 ] ] ] } },
{ "type": "Feature", "properties": { "LEFT_FID": -1, "RIGHT_FID": 5 }, "geometry": { "type": "MultiLineString", "coordinates": [ [ [ 419357.291599999472965, 706246.559399998746812 ], [ 419356.44379999965895, 706288.361400000867434 ], [ 419356.316399999079295, 706291.125700001604855 ] ] ] } },
{ "type": "Feature", "properties": { "LEFT_FID": 7, "RIGHT_FID": 5 }, "geometry": { "type": "MultiLineString", "coordinates": [ [ [ 419356.316399999079295, 706291.125700001604855 ], [ 419356.26139999931911, 706293.748100000550039 ] ] ] } },
{ "type": "Feature", "properties": { "LEFT_FID": 23, "RIGHT_FID": 5 }, "geometry": { "type": "MultiLineString", "coordinates": [ [ [ 419356.316399999079295, 706291.125700001604855 ], [ 419356.26139999931911, 706293.748100000550039 ] ] ] } },
{ "type": "Feature", "properties": { "LEFT_FID": 7, "RIGHT_FID": 7 }, "geometry": { "type": "MultiLineString", "coordinates": [ [ [ 419356.316399999079295, 706291.125700001604855 ], [ 419356.027899999986403, 706297.386000000871718 ] ] ] } },
{ "type": "Feature", "properties": { "LEFT_FID": 7, "RIGHT_FID": 23 }, "geometry": { "type": "MultiLineString", "coordinates": [ [ [ 419356.316399999079295, 706291.125700001604855 ], [ 419356.027899999986403, 706297.386000000871718 ] ] ] } },
{ "type": "Feature", "properties": { "LEFT_FID": 7, "RIGHT_FID": 5 }, "geometry": { "type": "MultiLineString", "coordinates": [ [ [ 419356.26139999931911, 706293.748100000550039 ], [ 419356.027899999986403, 706297.386000000871718 ] ] ] } },
{ "type": "Feature", "properties": { "LEFT_FID": 23, "RIGHT_FID": 5 }, "geometry": { "type": "MultiLineString", "coordinates": [ [ [ 419356.26139999931911, 706293.748100000550039 ], [ 419356.027899999986403, 706297.386000000871718 ] ] ] } },
{ "type": "Feature", "properties": { "LEFT_FID": -1, "RIGHT_FID": 7 }, "geometry": { "type": "MultiLineString", "coordinates": [ [ [ 419355.342899999930523, 706308.056199999176897 ], [ 419356.027899999986403, 706297.386000000871718 ] ] ] } },
{ "type": "Feature", "properties": { "LEFT_FID": -1, "RIGHT_FID": 5 }, "geometry": { "type": "MultiLineString", "coordinates": [ [ [ 419356.027899999986403, 706297.386000000871718 ], [ 419355.699099999968894, 706304.518899998744018 ], [ 419355.342899999930523, 706308.056199999176897 ] ] ] } },
{ "type": "Feature", "properties": { "LEFT_FID": 7, "RIGHT_FID": 5 }, "geometry": { "type": "MultiLineString", "coordinates": [ [ [ 419355.342899999930523, 706308.056199999176897 ], [ 419355.051099999342114, 706312.601100000669248 ] ] ] } },
{ "type": "Feature", "properties": { "LEFT_FID": 23, "RIGHT_FID": 5 }, "geometry": { "type": "MultiLineString", "coordinates": [ [ [ 419355.342899999930523, 706308.056199999176897 ], [ 419355.051099999342114, 706312.601100000669248 ] ] ] } },
{ "type": "Feature", "properties": { "LEFT_FID": 7, "RIGHT_FID": 7 }, "geometry": { "type": "MultiLineString", "coordinates": [ [ [ 419355.342899999930523, 706308.056199999176897 ], [ 419354.391099999949802, 706317.507500001345761 ] ] ] } },
{ "type": "Feature", "properties": { "LEFT_FID": 7, "RIGHT_FID": 23 }, "geometry": { "type": "MultiLineString", "coordinates": [ [ [ 419355.342899999930523, 706308.056199999176897 ], [ 419354.391099999949802, 706317.507500001345761 ] ] ] } },
{ "type": "Feature", "properties": { "LEFT_FID": 7, "RIGHT_FID": 5 }, "geometry": { "type": "MultiLineString", "coordinates": [ [ [ 419355.051099999342114, 706312.601100000669248 ], [ 419354.391099999949802, 706317.507500001345761 ] ] ] } },
{ "type": "Feature", "properties": { "LEFT_FID": 23, "RIGHT_FID": 5 }, "geometry": { "type": "MultiLineString", "coordinates": [ [ [ 419355.051099999342114, 706312.601100000669248 ], [ 419354.391099999949802, 706317.507500001345761 ] ] ] } },
{ "type": "Feature", "properties": { "LEFT_FID": -1, "RIGHT_FID": 7 }, "geometry": { "type": "MultiLineString", "coordinates": [ [ [ 419352.74889999977313, 706329.715300000272691 ], [ 419354.391099999949802, 706317.507500001345761 ] ] ] } },
{ "type": "Feature", "properties": { "LEFT_FID": -1, "RIGHT_FID": 5 }, "geometry": { "type": "MultiLineString", "coordinates": [ [ [ 419354.391099999949802, 706317.507500001345761 ], [ 419353.798399999795947, 706323.392999998643063 ], [ 419352.74889999977313, 706329.715300000272691 ] ] ] } },
{ "type": "Feature", "properties": { "LEFT_FID": 7, "RIGHT_FID": 5 }, "geometry": { "type": "MultiLineString", "coordinates": [ [ [ 419352.74889999977313, 706329.715300000272691 ], [ 419352.508099999336991, 706331.505700000212528 ] ] ] } },
{ "type": "Feature", "properties": { "LEFT_FID": 23, "RIGHT_FID": 5 }, "geometry": { "type": "MultiLineString", "coordinates": [ [ [ 419352.74889999977313, 706329.715300000272691 ], [ 419352.508099999336991, 706331.505700000212528 ] ] ] } },
{ "type": "Feature", "properties": { "LEFT_FID": 7, "RIGHT_FID": 7 }, "geometry": { "type": "MultiLineString", "coordinates": [ [ [ 419352.74889999977313, 706329.715300000272691 ], [ 419352.295500000182074, 706332.447099999524653 ] ] ] } },
{ "type": "Feature", "properties": { "LEFT_FID": 7, "RIGHT_FID": 23 }, "geometry": { "type": "MultiLineString", "coordinates": [ [ [ 419352.74889999977313, 706329.715300000272691 ], [ 419352.295500000182074, 706332.447099999524653 ] ] ] } },
{ "type": "Feature", "properties": { "LEFT_FID": 7, "RIGHT_FID": 5 }, "geometry": { "type": "MultiLineString", "coordinates": [ [ [ 419352.508099999336991, 706331.505700000212528 ], [ 419352.295500000182074, 706332.447099999524653 ] ] ] } },
{ "type": "Feature", "properties": { "LEFT_FID": 23, "RIGHT_FID": 5 }, "geometry": { "type": "MultiLineString", "coordinates": [ [ [ 419352.508099999336991, 706331.505700000212528 ], [ 419352.295500000182074, 706332.447099999524653 ] ] ] } },
{ "type": "Feature", "properties": { "LEFT_FID": -1, "RIGHT_FID": 7 }, "geometry": { "type": "MultiLineString", "coordinates": [ [ [ 419349.058166665548924, 706346.779500000760891 ], [ 419352.295500000182074, 706332.447099999524653 ] ] ] } },
{ "type": "Feature", "properties": { "LEFT_FID": -1, "RIGHT_FID": 5 }, "geometry": { "type": "MultiLineString", "coordinates": [ [ [ 419352.295500000182074, 706332.447099999524653 ], [ 419352.002099999284837, 706334.214500000700355 ], [ 419350.232900000293739, 706342.357899999362417 ], [ 419349.058166665548924, 706346.779500000760891 ] ] ] } },
{ "type": "Feature", "properties": { "LEFT_FID": 7, "RIGHT_FID": 5 }, "geometry": { "type": "MultiLineString", "coordinates": [ [ [ 419349.058166665548924, 706346.779500000760891 ], [ 419348.827000000455882, 706347.802799999364652 ] ] ] } },
{ "type": "Feature", "properties": { "LEFT_FID": 23, "RIGHT_FID": 5 }, "geometry": { "type": "MultiLineString", "coordinates": [ [ [ 419349.058166665548924, 706346.779500000760891 ], [ 419348.827000000455882, 706347.802799999364652 ] ] ] } },
{ "type": "Feature", "properties": { "LEFT_FID": 7, "RIGHT_FID": 7 }, "geometry": { "type": "MultiLineString", "coordinates": [ [ [ 419349.058166665548924, 706346.779500000760891 ], [ 419348.703300000925083, 706348.115199999301694 ] ] ] } },
{ "type": "Feature", "properties": { "LEFT_FID": 7, "RIGHT_FID": 23 }, "geometry": { "type": "MultiLineString", "coordinates": [ [ [ 419349.058166665548924, 706346.779500000760891 ], [ 419348.703300000925083, 706348.115199999301694 ] ] ] } },
{ "type": "Feature", "properties": { "LEFT_FID": 7, "RIGHT_FID": 5 }, "geometry": { "type": "MultiLineString", "coordinates": [ [ [ 419348.827000000455882, 706347.802799999364652 ], [ 419348.703300000925083, 706348.115199999301694 ] ] ] } },
{ "type": "Feature", "properties": { "LEFT_FID": 23, "RIGHT_FID": 5 }, "geometry": { "type": "MultiLineString", "coordinates": [ [ [ 419348.827000000455882, 706347.802799999364652 ], [ 419348.703300000925083, 706348.115199999301694 ] ] ] } },
{ "type": "Feature", "properties": { "LEFT_FID": -1, "RIGHT_FID": 7 }, "geometry": { "type": "MultiLineString", "coordinates": [ [ [ 419345.996799998742063, 706354.949199999682605 ], [ 419348.703300000925083, 706348.115199999301694 ] ] ] } },
{ "type": "Feature", "properties": { "LEFT_FID": -1, "RIGHT_FID": 5 }, "geometry": { "type": "MultiLineString", "coordinates": [ [ [ 419348.703300000925083, 706348.115199999301694 ], [ 419348.453800001123454, 706349.054500000085682 ], [ 419346.958200000401121, 706352.995400000712834 ], [ 419345.996799998742063, 706354.949199999682605 ] ] ] } },
{ "type": "Feature", "properties": { "LEFT_FID": 7, "RIGHT_FID": 5 }, "geometry": { "type": "MultiLineString", "coordinates": [ [ [ 419345.996799998742063, 706354.949199999682605 ], [ 419345.674200000066776, 706355.763900000834838 ] ] ] } },
{ "type": "Feature", "properties": { "LEFT_FID": 23, "RIGHT_FID": 5 }, "geometry": { "type": "MultiLineString", "coordinates": [ [ [ 419345.996799998742063, 706354.949199999682605 ], [ 419345.674200000066776, 706355.763900000834838 ] ] ] } },
{ "type": "Feature", "properties": { "LEFT_FID": 7, "RIGHT_FID": 7 }, "geometry": { "type": "MultiLineString", "coordinates": [ [ [ 419345.996799998742063, 706354.949199999682605 ], [ 419345.129233334446326, 706356.712500000256114 ] ] ] } },
{ "type": "Feature", "properties": { "LEFT_FID": 7, "RIGHT_FID": 23 }, "geometry": { "type": "MultiLineString", "coordinates": [ [ [ 419345.996799998742063, 706354.949199999682605 ], [ 419345.129233334446326, 706356.712500000256114 ] ] ] } },
{ "type": "Feature", "properties": { "LEFT_FID": 7, "RIGHT_FID": 5 }, "geometry": { "type": "MultiLineString", "coordinates": [ [ [ 419345.674200000066776, 706355.763900000834838 ], [ 419345.129233334446326, 706356.712500000256114 ] ] ] } },
{ "type": "Feature", "properties": { "LEFT_FID": 23, "RIGHT_FID": 5 }, "geometry": { "type": "MultiLineString", "coordinates": [ [ [ 419345.674200000066776, 706355.763900000834838 ], [ 419345.129233334446326, 706356.712500000256114 ] ] ] } },
{ "type": "Feature", "properties": { "LEFT_FID": -1, "RIGHT_FID": 7 }, "geometry": { "type": "MultiLineString", "coordinates": [ [ [ 419340.057500000111759, 706365.539999998989515 ], [ 419345.129233334446326, 706356.712500000256114 ] ] ] } },
{ "type": "Feature", "properties": { "LEFT_FID": -1, "RIGHT_FID": 5 }, "geometry": { "type": "MultiLineString", "coordinates": [ [ [ 419345.129233334446326, 706356.712500000256114 ], [ 419344.184399998979643, 706358.632700000074692 ], [ 419340.670000000623986, 706364.627000000677072 ], [ 419340.057500000111759, 706365.539999998989515 ] ] ] } },
{ "type": "Feature", "properties": { "LEFT_FID": 7, "RIGHT_FID": 5 }, "geometry": { "type": "MultiLineString", "coordinates": [ [ [ 419340.057500000111759, 706365.539999998989515 ], [ 419339.694899998954497, 706366.171199999982491 ] ] ] } },
{ "type": "Feature", "properties": { "LEFT_FID": 23, "RIGHT_FID": 5 }, "geometry": { "type": "MultiLineString", "coordinates": [ [ [ 419340.057500000111759, 706365.539999998989515 ], [ 419339.694899998954497, 706366.171199999982491 ] ] ] } },
{ "type": "Feature", "properties": { "LEFT_FID": 7, "RIGHT_FID": 7 }, "geometry": { "type": "MultiLineString", "coordinates": [ [ [ 419340.057500000111759, 706365.539999998989515 ], [ 419336.032300000893883, 706371.540399999939837 ] ] ] } },
{ "type": "Feature", "properties": { "LEFT_FID": 7, "RIGHT_FID": 23 }, "geometry": { "type": "MultiLineString", "coordinates": [ [ [ 419340.057500000111759, 706365.539999998989515 ], [ 419336.032300000893883, 706371.540399999939837 ] ] ] } },
{ "type": "Feature", "properties": { "LEFT_FID": 7, "RIGHT_FID": 5 }, "geometry": { "type": "MultiLineString", "coordinates": [ [ [ 419339.694899998954497, 706366.171199999982491 ], [ 419336.032300000893883, 706371.540399999939837 ] ] ] } },
{ "type": "Feature", "properties": { "LEFT_FID": 23, "RIGHT_FID": 5 }, "geometry": { "type": "MultiLineString", "coordinates": [ [ [ 419339.694899998954497, 706366.171199999982491 ], [ 419336.032300000893883, 706371.540399999939837 ] ] ] } },
{ "type": "Feature", "properties": { "LEFT_FID": -1, "RIGHT_FID": 7 }, "geometry": { "type": "MultiLineString", "coordinates": [ [ [ 419332.506999999168329, 706376.708499998901971 ], [ 419336.032300000893883, 706371.540399999939837 ] ] ] } },
{ "type": "Feature", "properties": { "LEFT_FID": -1, "RIGHT_FID": 5 }, "geometry": { "type": "MultiLineString", "coordinates": [ [ [ 419336.032300000893883, 706371.540399999939837 ], [ 419333.23289999953704, 706375.713600001297891 ], [ 419332.506999999168329, 706376.708499998901971 ] ] ] } },
{ "type": "Feature", "properties": { "LEFT_FID": 7, "RIGHT_FID": 5 }, "geometry": { "type": "MultiLineString", "coordinates": [ [ [ 419332.506999999168329, 706376.708499998901971 ], [ 419332.077900000032969, 706377.337500000372529 ] ] ] } },
{ "type": "Feature", "properties": { "LEFT_FID": 23, "RIGHT_FID": 5 }, "geometry": { "type": "MultiLineString", "coordinates": [ [ [ 419332.506999999168329, 706376.708499998901971 ], [ 419332.077900000032969, 706377.337500000372529 ] ] ] } },
{ "type": "Feature", "properties": { "LEFT_FID": 7, "RIGHT_FID": 7 }, "geometry": { "type": "MultiLineString", "coordinates": [ [ [ 419332.506999999168329, 706376.708499998901971 ], [ 419315.458599999488797, 706400.07329999958165 ], [ 419314.371399999770802, 706401.656099998624995 ] ] ] } },
{ "type": "Feature", "properties": { "LEFT_FID": 7, "RIGHT_FID": 23 }, "geometry": { "type": "MultiLineString", "coordinates": [ [ [ 419332.506999999168329, 706376.708499998901971 ], [ 419315.458599999488797, 706400.07329999958165 ], [ 419314.371399999770802, 706401.656099998624995 ] ] ] } },
{ "type": "Feature", "properties": { "LEFT_FID": 7, "RIGHT_FID": 5 }, "geometry": { "type": "MultiLineString", "coordinates": [ [ [ 419332.077900000032969, 706377.337500000372529 ], [ 419314.371399999770802, 706401.656099998624995 ] ] ] } },
{ "type": "Feature", "properties": { "LEFT_FID": 23, "RIGHT_FID": 5 }, "geometry": { "type": "MultiLineString", "coordinates": [ [ [ 419332.077900000032969, 706377.337500000372529 ], [ 419314.371399999770802, 706401.656099998624995 ] ] ] } },
{ "type": "Feature", "properties": { "LEFT_FID": -1, "RIGHT_FID": 7 }, "geometry": { "type": "MultiLineString", "coordinates": [ [ [ 419311.938833332504146, 706405.197466665995307 ], [ 419313.249099999433383, 706403.197499999194406 ], [ 419314.371399999770802, 706401.656099998624995 ] ] ] } },
{ "type": "Feature", "properties": { "LEFT_FID": -1, "RIGHT_FID": 5 }, "geometry": { "type": "MultiLineString", "coordinates": [ [ [ 419314.371399999770802, 706401.656099998624995 ], [ 419311.938833332504146, 706405.197466665995307 ] ] ] } },
{ "type": "Feature", "properties": { "LEFT_FID": 7, "RIGHT_FID": 7 }, "geometry": { "type": "MultiLineString", "coordinates": [ [ [ 419311.938833332504146, 706405.197466665995307 ], [ 419309.159399999771267, 706409.244000000762753 ], [ 419307.874400000669993, 706411.401699999463744 ] ] ] } },
{ "type": "Feature", "properties": { "LEFT_FID": 7, "RIGHT_FID": 23 }, "geometry": { "type": "MultiLineString", "coordinates": [ [ [ 419311.938833332504146, 706405.197466665995307 ], [ 419309.159399999771267, 706409.244000000762753 ], [ 419307.874400000669993, 706411.401699999463744 ] ] ] } },
{ "type": "Feature", "properties": { "LEFT_FID": 7, "RIGHT_FID": 5 }, "geometry": { "type": "MultiLineString", "coordinates": [ [ [ 419311.938833332504146, 706405.197466665995307 ], [ 419307.874400000669993, 706411.401699999463744 ] ] ] } },
{ "type": "Feature", "properties": { "LEFT_FID": 23, "RIGHT_FID": 5 }, "geometry": { "type": "MultiLineString", "coordinates": [ [ [ 419311.938833332504146, 706405.197466665995307 ], [ 419307.874400000669993, 706411.401699999463744 ] ] ] } },
{ "type": "Feature", "properties": { "LEFT_FID": -1, "RIGHT_FID": 7 }, "geometry": { "type": "MultiLineString", "coordinates": [ [ [ 419305.248433333123103, 706415.810933334054425 ], [ 419306.461100000946317, 706413.559000000823289 ], [ 419307.874400000669993, 706411.401699999463744 ] ] ] } },
{ "type": "Feature", "properties": { "LEFT_FID": -1, "RIGHT_FID": 5 }, "geometry": { "type": "MultiLineString", "coordinates": [ [ [ 419307.874400000669993, 706411.401699999463744 ], [ 419305.248433333123103, 706415.810933334054425 ] ] ] } },
{ "type": "Feature", "properties": { "LEFT_FID": 7, "RIGHT_FID": 7 }, "geometry": { "type": "MultiLineString", "coordinates": [ [ [ 419305.248433333123103, 706415.810933334054425 ], [ 419304.156399998872075, 706417.644599999883212 ], [ 419303.602266667003278, 706418.867800000822172 ] ] ] } },
{ "type": "Feature", "properties": { "LEFT_FID": 7, "RIGHT_FID": 23 }, "geometry": { "type": "MultiLineString", "coordinates": [ [ [ 419305.248433333123103, 706415.810933334054425 ], [ 419304.156399998872075, 706417.644599999883212 ], [ 419303.602266667003278, 706418.867800000822172 ] ] ] } },
{ "type": "Feature", "properties": { "LEFT_FID": 7, "RIGHT_FID": 5 }, "geometry": { "type": "MultiLineString", "coordinates": [ [ [ 419305.248433333123103, 706415.810933334054425 ], [ 419303.602266667003278, 706418.867800000822172 ] ] ] } },
{ "type": "Feature", "properties": { "LEFT_FID": 23, "RIGHT_FID": 5 }, "geometry": { "type": "MultiLineString", "coordinates": [ [ [ 419305.248433333123103, 706415.810933334054425 ], [ 419303.602266667003278, 706418.867800000822172 ] ] ] } },
{ "type": "Feature", "properties": { "LEFT_FID": -1, "RIGHT_FID": 7 }, "geometry": { "type": "MultiLineString", "coordinates": [ [ [ 419383.302002317504957, 705969.524753321078606 ], [ 419326.098500000196509, 706360.994100000942126 ], [ 419302.057311595242936, 706422.057472551241517 ], [ 419302.872800000302959, 706420.222599999513477 ], [ 419303.602266667003278, 706418.867800000822172 ] ] ] } },
{ "type": "Feature", "properties": { "LEFT_FID": 7, "RIGHT_FID": 5 }, "geometry": { "type": "MultiLineString", "coordinates": [ [ [ 418851.216924440290313, 706922.412502619670704 ], [ 418846.456699999398552, 706928.877500000293367 ] ] ] } },
{ "type": "Feature", "properties": { "LEFT_FID": -1, "RIGHT_FID": 5 }, "geometry": { "type": "MultiLineString", "coordinates": [ [ [ 418451.545000000798609, 706929.795600000070408 ], [ 418419.718999999167863, 706922.893600000301376 ], [ 418402.978999999875668, 706920.059800000744872 ], [ 418381.908399999549147, 706914.055599999963306 ], [ 418358.515500000794418, 706910.099600001005456 ], [ 418339.079599999764469, 706908.303899999824353 ], [ 418325.738850000605453, 706911.418199999257922 ], [ 418307.623749999562278, 706917.057700000354089 ], [ 418289.531299999332987, 706925.699299999629147 ], [ 418281.176494505547453, 706928.745984934037551 ] ] ] } },
{ "type": "Feature", "properties": { "LEFT_FID": -1, "RIGHT_FID": 4 }, "geometry": { "type": "MultiLineString", "coordinates": [ [ [ 418456.423545586876571, 706930.04672034678515 ], [ 418451.545000000798609, 706929.795600000070408 ] ] ] } },
{ "type": "Feature", "properties": { "LEFT_FID": -1, "RIGHT_FID": 5 }, "geometry": { "type": "MultiLineString", "coordinates": [ [ [ 418456.423545586876571, 706930.04672034678515 ], [ 418451.545000000798609, 706929.795600000070408 ] ] ] } },
{ "type": "Feature", "properties": { "LEFT_FID": 5, "RIGHT_FID": 4 }, "geometry": { "type": "MultiLineString", "coordinates": [ [ [ 418451.545000000798609, 706929.795600000070408 ], [ 418456.719700000598095, 706930.178899999475107 ] ] ] } },
{ "type": "Feature", "properties": { "LEFT_FID": 5, "RIGHT_FID": 5 }, "geometry": { "type": "MultiLineString", "coordinates": [ [ [ 418451.545000000798609, 706929.795600000070408 ], [ 418456.719700000598095, 706930.178899999475107 ] ] ] } },
{ "type": "Feature", "properties": { "LEFT_FID": 7, "RIGHT_FID": 4 }, "geometry": { "type": "MultiLineString", "coordinates": [ [ [ 418456.719700000598095, 706930.178899999475107 ], [ 418456.423545586876571, 706930.04672034678515 ] ] ] } },
{ "type": "Feature", "properties": { "LEFT_FID": 7, "RIGHT_FID": 5 }, "geometry": { "type": "MultiLineString", "coordinates": [ [ [ 418456.719700000598095, 706930.178899999475107 ], [ 418456.423545586876571, 706930.04672034678515 ] ] ] } },
{ "type": "Feature", "properties": { "LEFT_FID": -1, "RIGHT_FID": 5 }, "geometry": { "type": "MultiLineString", "coordinates": [ [ [ 418460.87689999921713, 706932.034899999503978 ], [ 418456.719700000598095, 706930.178899999475107 ] ] ] } },
{ "type": "Feature", "properties": { "LEFT_FID": -1, "RIGHT_FID": 7 }, "geometry": { "type": "MultiLineString", "coordinates": [ [ [ 418456.719700000598095, 706930.178899999475107 ], [ 418456.81839999940712, 706930.186200000578538 ], [ 418460.496600000711624, 706931.819400000502355 ], [ 418460.87689999921713, 706932.034899999503978 ] ] ] } },
{ "type": "Feature", "properties": { "LEFT_FID": 7, "RIGHT_FID": 4 }, "geometry": { "type": "MultiLineString", "coordinates": [ [ [ 418461.130899999116082, 706932.148299999302253 ], [ 418460.87689999921713, 706932.034899999503978 ] ] ] } },
{ "type": "Feature", "properties": { "LEFT_FID": 7, "RIGHT_FID": 5 }, "geometry": { "type": "MultiLineString", "coordinates": [ [ [ 418461.130899999116082, 706932.148299999302253 ], [ 418460.87689999921713, 706932.034899999503978 ] ] ] } },
{ "type": "Feature", "properties": { "LEFT_FID": 5, "RIGHT_FID": 4 }, "geometry": { "type": "MultiLineString", "coordinates": [ [ [ 418460.87689999921713, 706932.034899999503978 ], [ 418462.274200000625569, 706932.826700000790879 ] ] ] } },
{ "type": "Feature", "properties": { "LEFT_FID": 5, "RIGHT_FID": 5 }, "geometry": { "type": "MultiLineString", "coordinates": [ [ [ 418460.87689999921713, 706932.034899999503978 ], [ 418462.274200000625569, 706932.826700000790879 ] ] ] } },
{ "type": "Feature", "properties": { "LEFT_FID": 7, "RIGHT_FID": 4 }, "geometry": { "type": "MultiLineString", "coordinates": [ [ [ 418462.274200000625569, 706932.826700000790879 ], [ 418461.130899999116082, 706932.148299999302253 ] ] ] } },
{ "type": "Feature", "properties": { "LEFT_FID": 7, "RIGHT_FID": 5 }, "geometry": { "type": "MultiLineString", "coordinates": [ [ [ 418462.274200000625569, 706932.826700000790879 ], [ 418461.130899999116082, 706932.148299999302253 ] ] ] } },
{ "type": "Feature", "properties": { "LEFT_FID": -1, "RIGHT_FID": 5 }, "geometry": { "type": "MultiLineString", "coordinates": [ [ [ 418465.955299999506678, 706935.010899999411777 ], [ 418462.274200000625569, 706932.826700000790879 ] ] ] } },
{ "type": "Feature", "properties": { "LEFT_FID": -1, "RIGHT_FID": 7 }, "geometry": { "type": "MultiLineString", "coordinates": [ [ [ 418462.274200000625569, 706932.826700000790879 ], [ 418465.019300000334624, 706934.382200000807643 ], [ 418465.955299999506678, 706935.010899999411777 ] ] ] } },
{ "type": "Feature", "properties": { "LEFT_FID": 7, "RIGHT_FID": 4 }, "geometry": { "type": "MultiLineString", "coordinates": [ [ [ 418466.993999999365769, 706935.627199999755248 ], [ 418465.955299999506678, 706935.010899999411777 ] ] ] } },
{ "type": "Feature", "properties": { "LEFT_FID": 7, "RIGHT_FID": 5 }, "geometry": { "type": "MultiLineString", "coordinates": [ [ [ 418466.993999999365769, 706935.627199999755248 ], [ 418465.955299999506678, 706935.010899999411777 ] ] ] } },
{ "type": "Feature", "properties": { "LEFT_FID": -1, "RIGHT_FID": 7 }, "geometry": { "type": "MultiLineString", "coordinates": [ [ [ 415504.039499999955297, 706862.711100000073202 ], [ 415440.629500000155531, 706892.732200000551529 ], [ 415347.975399999064393, 706937.006300001055934 ] ] ] } },
{ "type": "Feature", "properties": { "LEFT_FID": 10, "RIGHT_FID": 7 }, "geometry": { "type": "MultiLineString", "coordinates": [ [ [ 415347.975399999064393, 706937.006300001055934 ], [ 415504.039499999955297, 706862.711100000073202 ] ] ] } },
{ "type": "Feature", "properties": { "LEFT_FID": 5, "RIGHT_FID": 4 }, "geometry": { "type": "MultiLineString", "coordinates": [ [ [ 418465.955299999506678, 706935.010899999411777 ], [ 418477.928600000450388, 706943.052899999194779 ] ] ] } },
{ "type": "Feature", "properties": { "LEFT_FID": 5, "RIGHT_FID": 5 }, "geometry": { "type": "MultiLineString", "coordinates": [ [ [ 418465.955299999506678, 706935.010899999411777 ], [ 418477.928600000450388, 706943.052899999194779 ] ] ] } },
{ "type": "Feature", "properties": { "LEFT_FID": 7, "RIGHT_FID": 4 }, "geometry": { "type": "MultiLineString", "coordinates": [ [ [ 418477.928600000450388, 706943.052899999194779 ], [ 418466.993999999365769, 706935.627199999755248 ] ] ] } },
{ "type": "Feature", "properties": { "LEFT_FID": 7, "RIGHT_FID": 5 }, "geometry": { "type": "MultiLineString", "coordinates": [ [ [ 418477.928600000450388, 706943.052899999194779 ], [ 418466.993999999365769, 706935.627199999755248 ] ] ] } },
{ "type": "Feature", "properties": { "LEFT_FID": -1, "RIGHT_FID": 5 }, "geometry": { "type": "MultiLineString", "coordinates": [ [ [ 418479.163800000154879, 706943.882599999895319 ], [ 418479.001500000886153, 706943.781600000569597 ], [ 418477.928600000450388, 706943.052899999194779 ] ] ] } },
{ "type": "Feature", "properties": { "LEFT_FID": -1, "RIGHT_FID": 7 }, "geometry": { "type": "MultiLineString", "coordinates": [ [ [ 418477.928600000450388, 706943.052899999194779 ], [ 418479.163800000154879, 706943.882599999895319 ] ] ] } },
{ "type": "Feature", "properties": { "LEFT_FID": 5, "RIGHT_FID": 4 }, "geometry": { "type": "MultiLineString", "coordinates": [ [ [ 418479.163800000154879, 706943.882599999895319 ], [ 418479.571399999898858, 706944.156400000210851 ], [ 418481.180499999201857, 706945.137900000670925 ] ] ] } },
{ "type": "Feature", "properties": { "LEFT_FID": 5, "RIGHT_FID": 5 }, "geometry": { "type": "MultiLineString", "coordinates": [ [ [ 418479.163800000154879, 706943.882599999895319 ], [ 418479.571399999898858, 706944.156400000210851 ], [ 418481.180499999201857, 706945.137900000670925 ] ] ] } },
{ "type": "Feature", "properties": { "LEFT_FID": 7, "RIGHT_FID": 4 }, "geometry": { "type": "MultiLineString", "coordinates": [ [ [ 418481.180499999201857, 706945.137900000670925 ], [ 418479.163800000154879, 706943.882599999895319 ] ] ] } },
{ "type": "Feature", "properties": { "LEFT_FID": 7, "RIGHT_FID": 5 }, "geometry": { "type": "MultiLineString", "coordinates": [ [ [ 418481.180499999201857, 706945.137900000670925 ], [ 418479.163800000154879, 706943.882599999895319 ] ] ] } },
{ "type": "Feature", "properties": { "LEFT_FID": 7, "RIGHT_FID": 5 }, "geometry": { "type": "MultiLineString", "coordinates": [ [ [ 418846.456699999398552, 706928.877500000293367 ], [ 418836.906200000143144, 706945.41850000154227 ] ] ] } },
{ "type": "Feature", "properties": { "LEFT_FID": 23, "RIGHT_FID": 5 }, "geometry": { "type": "MultiLineString", "coordinates": [ [ [ 418846.456699999398552, 706928.877500000293367 ], [ 418836.906200000143144, 706945.41850000154227 ] ] ] } },
{ "type": "Feature", "properties": { "LEFT_FID": 7, "RIGHT_FID": 7 }, "geometry": { "type": "MultiLineString", "coordinates": [ [ [ 418846.456699999398552, 706928.877500000293367 ], [ 418836.585399999283254, 706945.827400000882335 ] ] ] } },
{ "type": "Feature", "properties": { "LEFT_FID": 7, "RIGHT_FID": 23 }, "geometry": { "type": "MultiLineString", "coordinates": [ [ [ 418846.456699999398552, 706928.877500000293367 ], [ 418836.585399999283254, 706945.827400000882335 ] ] ] } },
{ "type": "Feature", "properties": { "LEFT_FID": 7, "RIGHT_FID": 5 }, "geometry": { "type": "MultiLineString", "coordinates": [ [ [ 418836.906200000143144, 706945.41850000154227 ], [ 418836.585399999283254, 706945.827400000882335 ] ] ] } },
{ "type": "Feature", "properties": { "LEFT_FID": 23, "RIGHT_FID": 5 }, "geometry": { "type": "MultiLineString", "coordinates": [ [ [ 418836.906200000143144, 706945.41850000154227 ], [ 418836.585399999283254, 706945.827400000882335 ] ] ] } },
{ "type": "Feature", "properties": { "LEFT_FID": -1, "RIGHT_FID": 7 }, "geometry": { "type": "MultiLineString", "coordinates": [ [ [ 418851.216924440290313, 706922.412502619670704 ], [ 418850.623499999637716, 706922.83750000083819 ], [ 418841.772900001320522, 706929.178399999742396 ], [ 418808.566499998851214, 706935.266800000332296 ], [ 418766.709499999182299, 706939.952299999655224 ], [ 418716.791100001137238, 706940.906300001428463 ], [ 418652.798799999582116, 706943.683900000527501 ], [ 418607.88630000007106, 706946.966600001789629 ], [ 418567.614799999515526, 706946.686000000918284 ], [ 418544.327200000465382, 706940.681800000136718 ], [ 418508.579299999517389, 706932.292699999292381 ], [ 418466.806400000874419, 706930.581200000015087 ], [ 418456.423545586876571, 706930.04672034678515 ] ] ] } },
{ "type": "Feature", "properties": { "LEFT_FID": -1, "RIGHT_FID": 5 }, "geometry": { "type": "MultiLineString", "coordinates": [ [ [ 418485.546499999414664, 706947.855499999364838 ], [ 418481.180499999201857, 706945.137900000670925 ] ] ] } },
{ "type": "Feature", "properties": { "LEFT_FID": -1, "RIGHT_FID": 7 }, "geometry": { "type": "MultiLineString", "coordinates": [ [ [ 418481.180499999201857, 706945.137900000670925 ], [ 418485.230999999854248, 706947.608600000850856 ], [ 418485.546499999414664, 706947.855499999364838 ] ] ] } },
{ "type": "Feature", "properties": { "LEFT_FID": 7, "RIGHT_FID": 4 }, "geometry": { "type": "MultiLineString", "coordinates": [ [ [ 418485.987900000240188, 706948.13030000065919 ], [ 418485.546499999414664, 706947.855499999364838 ] ] ] } },
{ "type": "Feature", "properties": { "LEFT_FID": 7, "RIGHT_FID": 5 }, "geometry": { "type": "MultiLineString", "coordinates": [ [ [ 418485.987900000240188, 706948.13030000065919 ], [ 418485.546499999414664, 706947.855499999364838 ] ] ] } },
{ "type": "Feature", "properties": { "LEFT_FID": 5, "RIGHT_FID": 4 }, "geometry": { "type": "MultiLineString", "coordinates": [ [ [ 418485.546499999414664, 706947.855499999364838 ], [ 418489.414999999222346, 706950.883500000461936 ] ] ] } },
{ "type": "Feature", "properties": { "LEFT_FID": 5, "RIGHT_FID": 5 }, "geometry": { "type": "MultiLineString", "coordinates": [ [ [ 418485.546499999414664, 706947.855499999364838 ], [ 418489.414999999222346, 706950.883500000461936 ] ] ] } },
{ "type": "Feature", "properties": { "LEFT_FID": 7, "RIGHT_FID": 4 }, "geometry": { "type": "MultiLineString", "coordinates": [ [ [ 418489.414999999222346, 706950.883500000461936 ], [ 418485.987900000240188, 706948.13030000065919 ] ] ] } },
{ "type": "Feature", "properties": { "LEFT_FID": 7, "RIGHT_FID": 5 }, "geometry": { "type": "MultiLineString", "coordinates": [ [ [ 418489.414999999222346, 706950.883500000461936 ], [ 418485.987900000240188, 706948.13030000065919 ] ] ] } },
{ "type": "Feature", "properties": { "LEFT_FID": -1, "RIGHT_FID": 7 }, "geometry": { "type": "MultiLineString", "coordinates": [ [ [ 418832.334899999725167, 706951.24449999909848 ], [ 418836.585399999283254, 706945.827400000882335 ] ] ] } },
{ "type": "Feature", "properties": { "LEFT_FID": -1, "RIGHT_FID": 5 }, "geometry": { "type": "MultiLineString", "coordinates": [ [ [ 418836.585399999283254, 706945.827400000882335 ], [ 418836.317100000102073, 706946.288000000524335 ], [ 418832.334899999725167, 706951.24449999909848 ] ] ] } },
{ "type": "Feature", "properties": { "LEFT_FID": 7, "RIGHT_FID": 5 }, "geometry": { "type": "MultiLineString", "coordinates": [ [ [ 418832.334899999725167, 706951.24449999909848 ], [ 418828.23099999956321, 706954.937399999238551 ] ] ] } },
{ "type": "Feature", "properties": { "LEFT_FID": -1, "RIGHT_FID": 5 }, "geometry": { "type": "MultiLineString", "coordinates": [ [ [ 418496.900600000226405, 706956.742500000167638 ], [ 418496.337899999169167, 706956.4450000008801 ], [ 418489.414999999222346, 706950.883500000461936 ] ] ] } },
{ "type": "Feature", "properties": { "LEFT_FID": -1, "RIGHT_FID": 7 }, "geometry": { "type": "MultiLineString", "coordinates": [ [ [ 418489.414999999222346, 706950.883500000461936 ], [ 418496.900600000226405, 706956.742500000167638 ] ] ] } },
{ "type": "Feature", "properties": { "LEFT_FID": 7, "RIGHT_FID": 5 }, "geometry": { "type": "MultiLineString", "coordinates": [ [ [ 418828.23099999956321, 706954.937399999238551 ], [ 418824.270399999571964, 706957.527200000011362 ] ] ] } },
{ "type": "Feature", "properties": { "LEFT_FID": 23, "RIGHT_FID": 5 }, "geometry": { "type": "MultiLineString", "coordinates": [ [ [ 418828.23099999956321, 706954.937399999238551 ], [ 418824.270399999571964, 706957.527200000011362 ] ] ] } },
{ "type": "Feature", "properties": { "LEFT_FID": 7, "RIGHT_FID": 7 }, "geometry": { "type": "MultiLineString", "coordinates": [ [ [ 418828.23099999956321, 706954.937399999238551 ], [ 418823.629500000271946, 706957.828700001118705 ] ] ] } },
{ "type": "Feature", "properties": { "LEFT_FID": 7, "RIGHT_FID": 23 }, "geometry": { "type": "MultiLineString", "coordinates": [ [ [ 418828.23099999956321, 706954.937399999238551 ], [ 418823.629500000271946, 706957.828700001118705 ] ] ] } },
{ "type": "Feature", "properties": { "LEFT_FID": 7, "RIGHT_FID": 5 }, "geometry": { "type": "MultiLineString", "coordinates": [ [ [ 418824.270399999571964, 706957.527200000011362 ], [ 418823.629500000271946, 706957.828700001118705 ] ] ] } },
{ "type": "Feature", "properties": { "LEFT_FID": 23, "RIGHT_FID": 5 }, "geometry": { "type": "MultiLineString", "coordinates": [ [ [ 418824.270399999571964, 706957.527200000011362 ], [ 418823.629500000271946, 706957.828700001118705 ] ] ] } },
{ "type": "Feature", "properties": { "LEFT_FID": -1, "RIGHT_FID": 7 }, "geometry": { "type": "MultiLineString", "coordinates": [ [ [ 418821.687599999131635, 706958.742100001079962 ], [ 418823.629500000271946, 706957.828700001118705 ] ] ] } },
{ "type": "Feature", "properties": { "LEFT_FID": -1, "RIGHT_FID": 5 }, "geometry": { "type": "MultiLineString", "coordinates": [ [ [ 418823.629500000271946, 706957.828700001118705 ], [ 418823.171100000094157, 706958.116699999663979 ], [ 418821.687599999131635, 706958.742100001079962 ] ] ] } },
{ "type": "Feature", "properties": { "LEFT_FID": 5, "RIGHT_FID": 4 }, "geometry": { "type": "MultiLineString", "coordinates": [ [ [ 418496.900600000226405, 706956.742500000167638 ], [ 418497.480199999641627, 706957.196299999253824 ], [ 418501.175299999245908, 706959.070999999879859 ], [ 418501.445899999001995, 706959.146500000264496 ] ] ] } },
{ "type": "Feature", "properties": { "LEFT_FID": 5, "RIGHT_FID": 5 }, "geometry": { "type": "MultiLineString", "coordinates": [ [ [ 418496.900600000226405, 706956.742500000167638 ], [ 418497.480199999641627, 706957.196299999253824 ], [ 418501.175299999245908, 706959.070999999879859 ], [ 418501.445899999001995, 706959.146500000264496 ] ] ] } },
{ "type": "Feature", "properties": { "LEFT_FID": 7, "RIGHT_FID": 4 }, "geometry": { "type": "MultiLineString", "coordinates": [ [ [ 418501.445899999001995, 706959.146500000264496 ], [ 418496.900600000226405, 706956.742500000167638 ] ] ] } },
{ "type": "Feature", "properties": { "LEFT_FID": 7, "RIGHT_FID": 5 }, "geometry": { "type": "MultiLineString", "coordinates": [ [ [ 418501.445899999001995, 706959.146500000264496 ], [ 418496.900600000226405, 706956.742500000167638 ] ] ] } },
{ "type": "Feature", "properties": { "LEFT_FID": -1, "RIGHT_FID": 5 }, "geometry": { "type": "MultiLineString", "coordinates": [ [ [ 418502.252399999066256, 706959.371600000886247 ], [ 418501.616199999582022, 706959.236600000644103 ], [ 418501.445899999001995, 706959.146500000264496 ] ] ] } },
{ "type": "Feature", "properties": { "LEFT_FID": -1, "RIGHT_FID": 7 }, "geometry": { "type": "MultiLineString", "coordinates": [ [ [ 418501.445899999001995, 706959.146500000264496 ], [ 418502.252399999066256, 706959.371600000886247 ] ] ] } },
{ "type": "Feature", "properties": { "LEFT_FID": 7, "RIGHT_FID": 5 }, "geometry": { "type": "MultiLineString", "coordinates": [ [ [ 418821.687599999131635, 706958.742100001079962 ], [ 418819.581899999408051, 706959.73259999952279 ] ] ] } },
{ "type": "Feature", "properties": { "LEFT_FID": 23, "RIGHT_FID": 5 }, "geometry": { "type": "MultiLineString", "coordinates": [ [ [ 418821.687599999131635, 706958.742100001079962 ], [ 418819.581899999408051, 706959.73259999952279 ] ] ] } },
{ "type": "Feature", "properties": { "LEFT_FID": 7, "RIGHT_FID": 7 }, "geometry": { "type": "MultiLineString", "coordinates": [ [ [ 418821.687599999131635, 706958.742100001079962 ], [ 418818.372499999473803, 706960.13969999877736 ] ] ] } },
{ "type": "Feature", "properties": { "LEFT_FID": 7, "RIGHT_FID": 23 }, "geometry": { "type": "MultiLineString", "coordinates": [ [ [ 418821.687599999131635, 706958.742100001079962 ], [ 418818.372499999473803, 706960.13969999877736 ] ] ] } },
{ "type": "Feature", "properties": { "LEFT_FID": 7, "RIGHT_FID": 5 }, "geometry": { "type": "MultiLineString", "coordinates": [ [ [ 418819.581899999408051, 706959.73259999952279 ], [ 418818.372499999473803, 706960.13969999877736 ] ] ] } },
{ "type": "Feature", "properties": { "LEFT_FID": 23, "RIGHT_FID": 5 }, "geometry": { "type": "MultiLineString", "coordinates": [ [ [ 418819.581899999408051, 706959.73259999952279 ], [ 418818.372499999473803, 706960.13969999877736 ] ] ] } },
{ "type": "Feature", "properties": { "LEFT_FID": 5, "RIGHT_FID": 4 }, "geometry": { "type": "MultiLineString", "coordinates": [ [ [ 418502.252399999066256, 706959.371600000886247 ], [ 418505.125700000557117, 706960.173699999693781 ], [ 418507.288300001062453, 706960.440400000778027 ] ] ] } },
{ "type": "Feature", "properties": { "LEFT_FID": 5, "RIGHT_FID": 5 }, "geometry": { "type": "MultiLineString", "coordinates": [ [ [ 418502.252399999066256, 706959.371600000886247 ], [ 418505.125700000557117, 706960.173699999693781 ], [ 418507.288300001062453, 706960.440400000778027 ] ] ] } },
{ "type": "Feature", "properties": { "LEFT_FID": 7, "RIGHT_FID": 4 }, "geometry": { "type": "MultiLineString", "coordinates": [ [ [ 418507.288300001062453, 706960.440400000778027 ], [ 418502.252399999066256, 706959.371600000886247 ] ] ] } },
{ "type": "Feature", "properties": { "LEFT_FID": 7, "RIGHT_FID": 5 }, "geometry": { "type": "MultiLineString", "coordinates": [ [ [ 418507.288300001062453, 706960.440400000778027 ], [ 418502.252399999066256, 706959.371600000886247 ] ] ] } },
{ "type": "Feature", "properties": { "LEFT_FID": -1, "RIGHT_FID": 5 }, "geometry": { "type": "MultiLineString", "coordinates": [ [ [ 418508.675300000526477, 706960.61150000046473 ], [ 418507.856200000212993, 706960.561000000801869 ], [ 418507.288300001062453, 706960.440400000778027 ] ] ] } },
{ "type": "Feature", "properties": { "LEFT_FID": -1, "RIGHT_FID": 7 }, "geometry": { "type": "MultiLineString", "coordinates": [ [ [ 418507.288300001062453, 706960.440400000778027 ], [ 418508.675300000526477, 706960.61150000046473 ] ] ] } },
{ "type": "Feature", "properties": { "LEFT_FID": -1, "RIGHT_FID": 7 }, "geometry": { "type": "MultiLineString", "coordinates": [ [ [ 418816.568099998810794, 706960.747199998702854 ], [ 418818.372499999473803, 706960.13969999877736 ] ] ] } },
{ "type": "Feature", "properties": { "LEFT_FID": -1, "RIGHT_FID": 5 }, "geometry": { "type": "MultiLineString", "coordinates": [ [ [ 418818.372499999473803, 706960.13969999877736 ], [ 418817.630400001071393, 706960.452600001473911 ], [ 418816.568099998810794, 706960.747199998702854 ] ] ] } },
{ "type": "Feature", "properties": { "LEFT_FID": 5, "RIGHT_FID": 4 }, "geometry": { "type": "MultiLineString", "coordinates": [ [ [ 418508.675300000526477, 706960.61150000046473 ], [ 418509.248999999312218, 706960.682299998821691 ], [ 418513.297800000931602, 706960.896600001375191 ] ] ] } },
{ "type": "Feature", "properties": { "LEFT_FID": 5, "RIGHT_FID": 5 }, "geometry": { "type": "MultiLineString", "coordinates": [ [ [ 418508.675300000526477, 706960.61150000046473 ], [ 418509.248999999312218, 706960.682299998821691 ], [ 418513.297800000931602, 706960.896600001375191 ] ] ] } },
{ "type": "Feature", "properties": { "LEFT_FID": 7, "RIGHT_FID": 4 }, "geometry": { "type": "MultiLineString", "coordinates": [ [ [ 418513.297800000931602, 706960.896600001375191 ], [ 418508.675300000526477, 706960.61150000046473 ] ] ] } },
{ "type": "Feature", "properties": { "LEFT_FID": 7, "RIGHT_FID": 5 }, "geometry": { "type": "MultiLineString", "coordinates": [ [ [ 418513.297800000931602, 706960.896600001375191 ], [ 418508.675300000526477, 706960.61150000046473 ] ] ] } },
{ "type": "Feature", "properties": { "LEFT_FID": 7, "RIGHT_FID": 5 }, "geometry": { "type": "MultiLineString", "coordinates": [ [ [ 418816.568099998810794, 706960.747199998702854 ], [ 418814.666599999647588, 706961.387299999012612 ] ] ] } },
{ "type": "Feature", "properties": { "LEFT_FID": 23, "RIGHT_FID": 5 }, "geometry": { "type": "MultiLineString", "coordinates": [ [ [ 418816.568099998810794, 706960.747199998702854 ], [ 418814.666599999647588, 706961.387299999012612 ] ] ] } },
{ "type": "Feature", "properties": { "LEFT_FID": -1, "RIGHT_FID": 5 }, "geometry": { "type": "MultiLineString", "coordinates": [ [ [ 418522.968900000094436, 706961.49310000136029 ], [ 418513.297800000931602, 706960.896600001375191 ] ] ] } },
{ "type": "Feature", "properties": { "LEFT_FID": -1, "RIGHT_FID": 7 }, "geometry": { "type": "MultiLineString", "coordinates": [ [ [ 418513.297800000931602, 706960.896600001375191 ], [ 418522.446699999738485, 706961.380900000105612 ], [ 418522.968900000094436, 706961.49310000136029 ] ] ] } },
{ "type": "Feature", "properties": { "LEFT_FID": 7, "RIGHT_FID": 4 }, "geometry": { "type": "MultiLineString", "coordinates": [ [ [ 418523.360699999087956, 706961.517300000879914 ], [ 418522.968900000094436, 706961.49310000136029 ] ] ] } },
{ "type": "Feature", "properties": { "LEFT_FID": 7, "RIGHT_FID": 5 }, "geometry": { "type": "MultiLineString", "coordinates": [ [ [ 418523.360699999087956, 706961.517300000879914 ], [ 418522.968900000094436, 706961.49310000136029 ] ] ] } },
{ "type": "Feature", "properties": { "LEFT_FID": 7, "RIGHT_FID": 7 }, "geometry": { "type": "MultiLineString", "coordinates": [ [ [ 418816.568099998810794, 706960.747199998702854 ], [ 418812.805300000414718, 706961.790499999653548 ] ] ] } },
{ "type": "Feature", "properties": { "LEFT_FID": 7, "RIGHT_FID": 23 }, "geometry": { "type": "MultiLineString", "coordinates": [ [ [ 418816.568099998810794, 706960.747199998702854 ], [ 418812.805300000414718, 706961.790499999653548 ] ] ] } },
{ "type": "Feature", "properties": { "LEFT_FID": 7, "RIGHT_FID": 5 }, "geometry": { "type": "MultiLineString", "coordinates": [ [ [ 418814.666599999647588, 706961.387299999012612 ], [ 418812.805300000414718, 706961.790499999653548 ] ] ] } },
{ "type": "Feature", "properties": { "LEFT_FID": 23, "RIGHT_FID": 5 }, "geometry": { "type": "MultiLineString", "coordinates": [ [ [ 418814.666599999647588, 706961.387299999012612 ], [ 418812.805300000414718, 706961.790499999653548 ] ] ] } },
{ "type": "Feature", "properties": { "LEFT_FID": -1, "RIGHT_FID": 7 }, "geometry": { "type": "MultiLineString", "coordinates": [ [ [ 418808.43899999948917, 706962.73640000121668 ], [ 418812.805300000414718, 706961.790499999653548 ] ] ] } },
{ "type": "Feature", "properties": { "LEFT_FID": -1, "RIGHT_FID": 5 }, "geometry": { "type": "MultiLineString", "coordinates": [ [ [ 418812.805300000414718, 706961.790499999653548 ], [ 418810.654099999403115, 706962.386999999638647 ], [ 418808.43899999948917, 706962.73640000121668 ] ] ] } },
{ "type": "Feature", "properties": { "LEFT_FID": 7, "RIGHT_FID": 5 }, "geometry": { "type": "MultiLineString", "coordinates": [ [ [ 418808.43899999948917, 706962.73640000121668 ], [ 418806.582099999359343, 706963.138699999661185 ] ] ] } },
{ "type": "Feature", "properties": { "LEFT_FID": 23, "RIGHT_FID": 5 }, "geometry": { "type": "MultiLineString", "coordinates": [ [ [ 418808.43899999948917, 706962.73640000121668 ], [ 418806.582099999359343, 706963.138699999661185 ] ] ] } },
{ "type": "Feature", "properties": { "LEFT_FID": 7, "RIGHT_FID": 7 }, "geometry": { "type": "MultiLineString", "coordinates": [ [ [ 418808.43899999948917, 706962.73640000121668 ], [ 418804.520700000226498, 706963.354499999317341 ] ] ] } },
{ "type": "Feature", "properties": { "LEFT_FID": 7, "RIGHT_FID": 23 }, "geometry": { "type": "MultiLineString", "coordinates": [ [ [ 418808.43899999948917, 706962.73640000121668 ], [ 418804.520700000226498, 706963.354499999317341 ] ] ] } },
{ "type": "Feature", "properties": { "LEFT_FID": 7, "RIGHT_FID": 5 }, "geometry": { "type": "MultiLineString", "coordinates": [ [ [ 418806.582099999359343, 706963.138699999661185 ], [ 418804.520700000226498, 706963.354499999317341 ] ] ] } },
{ "type": "Feature", "properties": { "LEFT_FID": 23, "RIGHT_FID": 5 }, "geometry": { "type": "MultiLineString", "coordinates": [ [ [ 418806.582099999359343, 706963.138699999661185 ], [ 418804.520700000226498, 706963.354499999317341 ] ] ] } },
{ "type": "Feature", "properties": { "LEFT_FID": -1, "RIGHT_FID": 7 }, "geometry": { "type": "MultiLineString", "coordinates": [ [ [ 418799.504300000087824, 706963.879700000514276 ], [ 418804.520700000226498, 706963.354499999317341 ] ] ] } },
{ "type": "Feature", "properties": { "LEFT_FID": -1, "RIGHT_FID": 5 }, "geometry": { "type": "MultiLineString", "coordinates": [ [ [ 418804.520700000226498, 706963.354499999317341 ], [ 418802.462000001163688, 706963.679299999843352 ], [ 418799.504300000087824, 706963.879700000514276 ] ] ] } },
{ "type": "Feature", "properties": { "LEFT_FID": 7, "RIGHT_FID": 5 }, "geometry": { "type": "MultiLineString", "coordinates": [ [ [ 418799.504300000087824, 706963.879700000514276 ], [ 418797.260500000615139, 706964.114600000320934 ] ] ] } },
{ "type": "Feature", "properties": { "LEFT_FID": 23, "RIGHT_FID": 5 }, "geometry": { "type": "MultiLineString", "coordinates": [ [ [ 418799.504300000087824, 706963.879700000514276 ], [ 418797.260500000615139, 706964.114600000320934 ] ] ] } },
{ "type": "Feature", "properties": { "LEFT_FID": 7, "RIGHT_FID": 7 }, "geometry": { "type": "MultiLineString", "coordinates": [ [ [ 418799.504300000087824, 706963.879700000514276 ], [ 418795.372200000914745, 706964.159699999843724 ] ] ] } },
{ "type": "Feature", "properties": { "LEFT_FID": 7, "RIGHT_FID": 23 }, "geometry": { "type": "MultiLineString", "coordinates": [ [ [ 418799.504300000087824, 706963.879700000514276 ], [ 418795.372200000914745, 706964.159699999843724 ] ] ] } },
{ "type": "Feature", "properties": { "LEFT_FID": 7, "RIGHT_FID": 5 }, "geometry": { "type": "MultiLineString", "coordinates": [ [ [ 418797.260500000615139, 706964.114600000320934 ], [ 418795.372200000914745, 706964.159699999843724 ] ] ] } },
{ "type": "Feature", "properties": { "LEFT_FID": 23, "RIGHT_FID": 5 }, "geometry": { "type": "MultiLineString", "coordinates": [ [ [ 418797.260500000615139, 706964.114600000320934 ], [ 418795.372200000914745, 706964.159699999843724 ] ] ] } },
{ "type": "Feature", "properties": { "LEFT_FID": -1, "RIGHT_FID": 7 }, "geometry": { "type": "MultiLineString", "coordinates": [ [ [ 418770.406833334243856, 706964.780600001337007 ], [ 418771.140199999557808, 706964.737900000996888 ], [ 418795.372200000914745, 706964.159699999843724 ] ] ] } },
{ "type": "Feature", "properties": { "LEFT_FID": -1, "RIGHT_FID": 5 }, "geometry": { "type": "MultiLineString", "coordinates": [ [ [ 418795.372200000914745, 706964.159699999843724 ], [ 418793.072099999932107, 706964.315500001539476 ], [ 418770.406833334243856, 706964.780600001337007 ] ] ] } },
{ "type": "Feature", "properties": { "LEFT_FID": 7, "RIGHT_FID": 7 }, "geometry": { "type": "MultiLineString", "coordinates": [ [ [ 418770.406833334243856, 706964.780600001337007 ], [ 418770.114800000214018, 706964.786599998478778 ], [ 418761.410599999304395, 706965.304500000667758 ] ] ] } },
{ "type": "Feature", "properties": { "LEFT_FID": 7, "RIGHT_FID": 23 }, "geometry": { "type": "MultiLineString", "coordinates": [ [ [ 418770.406833334243856, 706964.780600001337007 ], [ 418770.114800000214018, 706964.786599998478778 ], [ 418761.410599999304395, 706965.304500000667758 ] ] ] } },
{ "type": "Feature", "properties": { "LEFT_FID": 7, "RIGHT_FID": 5 }, "geometry": { "type": "MultiLineString", "coordinates": [ [ [ 418770.406833334243856, 706964.780600001337007 ], [ 418761.410599999304395, 706965.304500000667758 ] ] ] } },
{ "type": "Feature", "properties": { "LEFT_FID": 23, "RIGHT_FID": 5 }, "geometry": { "type": "MultiLineString", "coordinates": [ [ [ 418770.406833334243856, 706964.780600001337007 ], [ 418761.410599999304395, 706965.304500000667758 ] ] ] } },
{ "type": "Feature", "properties": { "LEFT_FID": 5, "RIGHT_FID": 4 }, "geometry": { "type": "MultiLineString", "coordinates": [ [ [ 418522.968900000094436, 706961.49310000136029 ], [ 418542.214700000127777, 706965.629500000854023 ], [ 418546.18, 706966.361266665975563 ] ] ] } },
{ "type": "Feature", "properties": { "LEFT_FID": 5, "RIGHT_FID": 5 }, "geometry": { "type": "MultiLineString", "coordinates": [ [ [ 418522.968900000094436, 706961.49310000136029 ], [ 418542.214700000127777, 706965.629500000854023 ], [ 418546.18, 706966.361266665975563 ] ] ] } },
{ "type": "Feature", "properties": { "LEFT_FID": 7, "RIGHT_FID": 4 }, "geometry": { "type": "MultiLineString", "coordinates": [ [ [ 418546.18, 706966.361266665975563 ], [ 418523.360699999087956, 706961.517300000879914 ] ] ] } },
{ "type": "Feature", "properties": { "LEFT_FID": 7, "RIGHT_FID": 5 }, "geometry": { "type": "MultiLineString", "coordinates": [ [ [ 418546.18, 706966.361266665975563 ], [ 418523.360699999087956, 706961.517300000879914 ] ] ] } },
{ "type": "Feature", "properties": { "LEFT_FID": -1, "RIGHT_FID": 7 }, "geometry": { "type": "MultiLineString", "coordinates": [ [ [ 418727.969499999016989, 706967.251900000730529 ], [ 418761.410599999304395, 706965.304500000667758 ] ] ] } },
{ "type": "Feature", "properties": { "LEFT_FID": -1, "RIGHT_FID": 5 }, "geometry": { "type": "MultiLineString", "coordinates": [ [ [ 418761.410599999304395, 706965.304500000667758 ], [ 418731.526700000802521, 706967.082500000135042 ], [ 418727.969499999016989, 706967.251900000730529 ] ] ] } },
{ "type": "Feature", "properties": { "LEFT_FID": -1, "RIGHT_FID": 5 }, "geometry": { "type": "MultiLineString", "coordinates": [ [ [ 418551.249300001363736, 706967.296700001694262 ], [ 418548.792999999248423, 706966.915900000487454 ], [ 418546.18, 706966.361266665975563 ] ] ] } },
{ "type": "Feature", "properties": { "LEFT_FID": -1, "RIGHT_FID": 7 }, "geometry": { "type": "MultiLineString", "coordinates": [ [ [ 418546.18, 706966.361266665975563 ], [ 418551.249300001363736, 706967.296700001694262 ] ] ] } },
{ "type": "Feature", "properties": { "LEFT_FID": 7, "RIGHT_FID": 5 }, "geometry": { "type": "MultiLineString", "coordinates": [ [ [ 418727.969499999016989, 706967.251900000730529 ], [ 418724.884799999068491, 706967.431499999947846 ] ] ] } },
{ "type": "Feature", "properties": { "LEFT_FID": 23, "RIGHT_FID": 5 }, "geometry": { "type": "MultiLineString", "coordinates": [ [ [ 418727.969499999016989, 706967.251900000730529 ], [ 418724.884799999068491, 706967.431499999947846 ] ] ] } },
{ "type": "Feature", "properties": { "LEFT_FID": 7, "RIGHT_FID": 7 }, "geometry": { "type": "MultiLineString", "coordinates": [ [ [ 418727.969499999016989, 706967.251900000730529 ], [ 418711.499699999927543, 706968.036100000143051 ] ] ] } },
{ "type": "Feature", "properties": { "LEFT_FID": 7, "RIGHT_FID": 23 }, "geometry": { "type": "MultiLineString", "coordinates": [ [ [ 418727.969499999016989, 706967.251900000730529 ], [ 418711.499699999927543, 706968.036100000143051 ] ] ] } },
{ "type": "Feature", "properties": { "LEFT_FID": 7, "RIGHT_FID": 5 }, "geometry": { "type": "MultiLineString", "coordinates": [ [ [ 418724.884799999068491, 706967.431499999947846 ], [ 418711.499699999927543, 706968.036100000143051 ] ] ] } },
{ "type": "Feature", "properties": { "LEFT_FID": 23, "RIGHT_FID": 5 }, "geometry": { "type": "MultiLineString", "coordinates": [ [ [ 418724.884799999068491, 706967.431499999947846 ], [ 418711.499699999927543, 706968.036100000143051 ] ] ] } },
{ "type": "Feature", "properties": { "LEFT_FID": -1, "RIGHT_FID": 7 }, "geometry": { "type": "MultiLineString", "coordinates": [ [ [ 418683.138699998962693, 706969.317000000854023 ], [ 418711.499699999927543, 706968.036100000143051 ] ] ] } },
{ "type": "Feature", "properties": { "LEFT_FID": -1, "RIGHT_FID": 5 }, "geometry": { "type": "MultiLineString", "coordinates": [ [ [ 418711.499699999927543, 706968.036100000143051 ], [ 418688.645500000333413, 706969.124199999845587 ], [ 418683.138699998962693, 706969.317000000854023 ] ] ] } },
{ "type": "Feature", "properties": { "LEFT_FID": 7, "RIGHT_FID": 5 }, "geometry": { "type": "MultiLineString", "coordinates": [ [ [ 418683.138699998962693, 706969.317000000854023 ], [ 418675.671699999773409, 706969.65430000051856 ] ] ] } },
{ "type": "Feature", "properties": { "LEFT_FID": 23, "RIGHT_FID": 5 }, "geometry": { "type": "MultiLineString", "coordinates": [ [ [ 418683.138699998962693, 706969.317000000854023 ], [ 418675.671699999773409, 706969.65430000051856 ] ] ] } },
{ "type": "Feature", "properties": { "LEFT_FID": 5, "RIGHT_FID": 4 }, "geometry": { "type": "MultiLineString", "coordinates": [ [ [ 418551.249300001363736, 706967.296700001694262 ], [ 418556.894099999335594, 706968.338400000124238 ], [ 418567.427766666631214, 706969.805133332964033 ] ] ] } },
{ "type": "Feature", "properties": { "LEFT_FID": 5, "RIGHT_FID": 5 }, "geometry": { "type": "MultiLineString", "coordinates": [ [ [ 418551.249300001363736, 706967.296700001694262 ], [ 418556.894099999335594, 706968.338400000124238 ], [ 418567.427766666631214, 706969.805133332964033 ] ] ] } },
{ "type": "Feature", "properties": { "LEFT_FID": 7, "RIGHT_FID": 4 }, "geometry": { "type": "MultiLineString", "coordinates": [ [ [ 418567.427766666631214, 706969.805133332964033 ], [ 418551.249300001363736, 706967.296700001694262 ] ] ] } },
{ "type": "Feature", "properties": { "LEFT_FID": 7, "RIGHT_FID": 5 }, "geometry": { "type": "MultiLineString", "coordinates": [ [ [ 418567.427766666631214, 706969.805133332964033 ], [ 418551.249300001363736, 706967.296700001694262 ] ] ] } },
{ "type": "Feature", "properties": { "LEFT_FID": -1, "RIGHT_FID": 5 }, "geometry": { "type": "MultiLineString", "coordinates": [ [ [ 418570.36853333353065, 706970.21466666739434 ], [ 418569.727199998800643, 706970.161699998890981 ], [ 418567.427766666631214, 706969.805133332964033 ] ] ] } },
{ "type": "Feature", "properties": { "LEFT_FID": -1, "RIGHT_FID": 7 }, "geometry": { "type": "MultiLineString", "coordinates": [ [ [ 418567.427766666631214, 706969.805133332964033 ], [ 418570.36853333353065, 706970.21466666739434 ] ] ] } },
{ "type": "Feature", "properties": { "LEFT_FID": 5, "RIGHT_FID": 4 }, "geometry": { "type": "MultiLineString", "coordinates": [ [ [ 418570.36853333353065, 706970.21466666739434 ], [ 418571.331100000010338, 706970.348700000322424 ], [ 418585.904400000465102, 706971.600800000596792 ], [ 418588.078799999959301, 706971.677400000742637 ] ] ] } },
{ "type": "Feature", "properties": { "LEFT_FID": 5, "RIGHT_FID": 5 }, "geometry": { "type": "MultiLineString", "coordinates": [ [ [ 418570.36853333353065, 706970.21466666739434 ], [ 418571.331100000010338, 706970.348700000322424 ], [ 418585.904400000465102, 706971.600800000596792 ], [ 418588.078799999959301, 706971.677400000742637 ] ] ] } },
{ "type": "Feature", "properties": { "LEFT_FID": 7, "RIGHT_FID": 4 }, "geometry": { "type": "MultiLineString", "coordinates": [ [ [ 418588.078799999959301, 706971.677400000742637 ], [ 418570.36853333353065, 706970.21466666739434 ] ] ] } },
{ "type": "Feature", "properties": { "LEFT_FID": 7, "RIGHT_FID": 5 }, "geometry": { "type": "MultiLineString", "coordinates": [ [ [ 418588.078799999959301, 706971.677400000742637 ], [ 418570.36853333353065, 706970.21466666739434 ] ] ] } },
{ "type": "Feature", "properties": { "LEFT_FID": -1, "RIGHT_FID": 5 }, "geometry": { "type": "MultiLineString", "coordinates": [ [ [ 418591.267199999245349, 706971.789799999562092 ], [ 418589.199400001263712, 706971.769999999203719 ], [ 418588.078799999959301, 706971.677400000742637 ] ] ] } },
{ "type": "Feature", "properties": { "LEFT_FID": -1, "RIGHT_FID": 7 }, "geometry": { "type": "MultiLineString", "coordinates": [ [ [ 418588.078799999959301, 706971.677400000742637 ], [ 418591.267199999245349, 706971.789799999562092 ] ] ] } },
{ "type": "Feature", "properties": { "LEFT_FID": 7, "RIGHT_FID": 4 }, "geometry": { "type": "MultiLineString", "coordinates": [ [ [ 418607.962399999727495, 706971.949699999531731 ], [ 418591.267199999245349, 706971.789799999562092 ] ] ] } },
{ "type": "Feature", "properties": { "LEFT_FID": 7, "RIGHT_FID": 5 }, "geometry": { "type": "MultiLineString", "coordinates": [ [ [ 418607.962399999727495, 706971.949699999531731 ], [ 418591.267199999245349, 706971.789799999562092 ] ] ] } },
{ "type": "Feature", "properties": { "LEFT_FID": 7, "RIGHT_FID": 7 }, "geometry": { "type": "MultiLineString", "coordinates": [ [ [ 418683.138699998962693, 706969.317000000854023 ], [ 418607.962399999727495, 706971.949699999531731 ] ] ] } },
{ "type": "Feature", "properties": { "LEFT_FID": 7, "RIGHT_FID": 23 }, "geometry": { "type": "MultiLineString", "coordinates": [ [ [ 418683.138699998962693, 706969.317000000854023 ], [ 418607.962399999727495, 706971.949699999531731 ] ] ] } },
{ "type": "Feature", "properties": { "LEFT_FID": 7, "RIGHT_FID": 5 }, "geometry": { "type": "MultiLineString", "coordinates": [ [ [ 418675.671699999773409, 706969.65430000051856 ], [ 418607.962399999727495, 706971.949699999531731 ] ] ] } },
{ "type": "Feature", "properties": { "LEFT_FID": 23, "RIGHT_FID": 5 }, "geometry": { "type": "MultiLineString", "coordinates": [ [ [ 418675.671699999773409, 706969.65430000051856 ], [ 418607.962399999727495, 706971.949699999531731 ] ] ] } },
{ "type": "Feature", "properties": { "LEFT_FID": 5, "RIGHT_FID": 4 }, "geometry": { "type": "MultiLineString", "coordinates": [ [ [ 418591.267199999245349, 706971.789799999562092 ], [ 418597.575600001146086, 706972.012200000113808 ], [ 418607.962399999727495, 706971.949699999531731 ] ] ] } },
{ "type": "Feature", "properties": { "LEFT_FID": 5, "RIGHT_FID": 5 }, "geometry": { "type": "MultiLineString", "coordinates": [ [ [ 418591.267199999245349, 706971.789799999562092 ], [ 418597.575600001146086, 706972.012200000113808 ], [ 418607.962399999727495, 706971.949699999531731 ] ] ] } },
{ "type": "Feature", "properties": { "LEFT_FID": -1, "RIGHT_FID": 10 }, "geometry": { "type": "MultiLineString", "coordinates": [ [ [ 418281.176494505547453, 706928.745984934037551 ], [ 418271.681000000680797, 706932.208600000478327 ], [ 418248.995000000926666, 706936.136600000085309 ], [ 418223.748200000612997, 706940.120699999271892 ], [ 418195.298650000127964, 706945.619899998884648 ], [ 418169.087099999480415, 706949.379499998874962 ], [ 418145.234599999850616, 706951.034900000784546 ], [ 418128.985699999844655, 706952.830499998759478 ], [ 418102.449699998891447, 706954.598099999711849 ], [ 418079.791799999366049, 706956.898799999966286 ], [ 418062.634300000208896, 706961.191500001586974 ], [ 418042.461799999640789, 706966.718800001428463 ], [ 418024.067700000246987, 706975.023700000252575 ], [ 418009.26410000101896, 706983.72140000120271 ], [ 417992.180299999949057, 706991.156500000273809 ], [ 417968.719140247791074, 706996.767896353616379 ], [ 417946.794299999717623, 706994.467299999669194 ], [ 417927.498726644960698, 706989.276700442074798 ], [ 417909.097699999227189, 706989.44500000111293 ], [ 417886.011699999391567, 706991.184599998407066 ], [ 417875.326550000929274, 706992.727700000163168 ], [ 417848.623800000059418, 706992.98020000080578 ], [ 417810.280000000144355, 706988.631399999721907 ], [ 417786.985400000703521, 706988.855800000019372 ], [ 417764.16779999883147, 706986.555199998547323 ], [ 417741.955299999797717, 706988.715600001742132 ], [ 417701.657799826585688, 706987.875508347642608 ], [ 417688.120299999311101, 706987.593299999134615 ], [ 417629.012950000644196, 706974.74310000159312 ], [ 417576.321499998564832, 706954.766499999328516 ], [ 417523.152999999583699, 706939.447300000698306 ], [ 417446.070700001087971, 706930.581200000015087 ], [ 417383.169300000357907, 706931.563200001022778 ], [ 417313.622099999280181, 706940.289000000106171 ], [ 417227.047299999860115, 706956.141300000366755 ], [ 417146.469299999123905, 706972.947499999077991 ], [ 417080.612500000104774, 706983.777500000782311 ], [ 417006.334850000450388, 707001.986600000760518 ], [ 416906.675299999362323, 707021.289799999911338 ], [ 416897.838699999498203, 707024.207800001488067 ], [ 416820.428399999975227, 707031.222100001294166 ], [ 416738.971700000343844, 707045.44700000109151 ], [ 416652.2232, 707055.54759999900125 ], [ 416553.398500000592321, 707061.074799999943934 ], [ 416467.404200000630226, 707051.339000000618398 ], [ 416361.497050001460593, 707017.249600001145154 ], [ 416285.023299998778384, 706992.138499999186024 ], [ 416211.035000001080334, 706969.777000001282431 ], [ 416100.513000000501052, 706931.591299999156035 ], [ 416018.573999999789521, 706902.804700000328012 ], [ 415932.195599999278784, 706878.731699998839758 ], [ 415829.943599998892751, 706852.133600001223385 ], [ 415746.176949999702629, 706842.902799998642877 ], [ 415659.700299999269191, 706834.766299999435432 ], [ 415576.170349999913014, 706840.910799999604933 ], [ 415504.039499999955297, 706862.711100000073202 ] ] ] } },
{ "type": "Feature", "properties": { "LEFT_FID": -1, "RIGHT_FID": 5 }, "geometry": { "type": "MultiLineString", "coordinates": [ [ [ 419303.602266667003278, 706418.867800000822172 ], [ 419301.391946705465671, 706423.747464887565002 ], [ 419208.009358735289425, 706660.934431296307594 ], [ 419180.583600000303704, 706731.136299999780022 ], [ 419180.617661140626296, 706737.548010997241363 ], [ 419274.436399999889545, 707069.06990000011865 ], [ 419270.902400000952184, 707062.561800000024959 ], [ 419260.100213805155363, 707051.439586593769491 ], [ 419253.159300000756048, 707047.189200001885183 ], [ 419224.25879999937024, 707037.534900000086054 ], [ 419182.242150001169648, 707024.937299999641255 ], [ 419146.052200000733137, 707006.082900001318194 ], [ 419112.880849999492057, 706986.106200000271201 ], [ 419068.32969999872148, 706962.3419 ], [ 419023.583800000953488, 706938.437200001557358 ], [ 418982.600200001092162, 706916.131799998925999 ], [ 418939.345250001351815, 706892.14299999945797 ], [ 418898.210799998836592, 706891.834399999235757 ], [ 418873.072750000166707, 706906.760800000163727 ], [ 418862.231918200908694, 706914.524283633800223 ], [ 418851.216924440290313, 706922.412502619670704 ] ] ] } },
{ "type": "Feature", "properties": { "LEFT_FID": 10, "RIGHT_FID": 5 }, "geometry": { "type": "MultiLineString", "coordinates": [ [ [ 418281.176494505547453, 706928.745984934037551 ], [ 418813.025000000954606, 707168.93779999949038 ], [ 419402.182300001091789, 707306.409799999557436 ], [ 419480.732200001075398, 707424.235900000785477 ], [ 419525.259800001047552, 707487.313000000081956 ] ] ] } },
{ "type": "Feature", "properties": { "LEFT_FID": -1, "RIGHT_FID": 10 }, "geometry": { "type": "MultiLineString", "coordinates": [ [ [ 415347.975399999064393, 706937.006300001055934 ], [ 415259.92889999988256, 706977.043799999635667 ], [ 415199.472599999280646, 707015.5662 ], [ 415133.836800000281073, 707055.210899998550303 ], [ 415067.808100000373088, 707099.541099998634309 ], [ 415010.08279999991646, 707149.679099998436868 ], [ 414935.743749999441206, 707184.778599999146536 ], [ 414837.618899999244604, 707213.621299999766052 ], [ 414738.913500000257045, 707233.373500001616776 ], [ 414647.704599999007769, 707252.11559999990277 ], [ 414568.74029999866616, 707250.460200000321493 ], [ 414482.670599999313708, 707256.07159999886062 ], [ 414407.900050000404008, 707261.458599999314174 ], [ 414344.788249999983236, 707273.607300000265241 ], [ 414344.770712475117762, 707273.617656446294859 ], [ 414291.537299999676179, 707305.143500001053326 ], [ 414281.274699998903088, 707311.007400000235066 ], [ 414274.818350000889041, 707315.917400000966154 ], [ 414265.02409999986412, 707325.625199998845346 ], [ 414224.273799999500625, 707331.264699999941513 ], [ 414176.853099999891128, 707335.304900000919588 ], [ 414139.082799999043345, 707329.328699999372475 ], [ 414046.535699998959899, 707295.463799998979084 ], [ 413941.658000000345055, 707213.817700000829063 ], [ 413865.307099998753984, 707147.350400001159869 ], [ 413809.821637216955423, 707105.405009233159944 ], [ 413776.988850000721868, 707113.429400001186877 ], [ 413708.492300001031253, 707127.45789999992121 ], [ 413665.982699999643955, 707146.817299999645911 ], [ 413618.840899999660905, 707175.014699999592267 ], [ 413573.530299998819828, 707214.126299998839386 ], [ 413535.195200000540353, 707252.592599999741651 ], [ 413491.919249999686144, 707292.040800000657327 ], [ 413461.452499999664724, 707340.691899999044836 ], [ 413423.978699999279343, 707365.915200000163168 ], [ 413381.702399999601766, 707382.693299998645671 ], [ 413341.083750000805594, 707394.280899998848327 ], [ 413307.957899998698849, 707398.938400001032278 ], [ 413288.448400000517722, 707419.476199998403899 ], [ 413261.945700000156648, 707446.551300000282936 ], [ 413194.871600000769831, 707475.085400000680238 ], [ 413159.998899999656714, 707485.803200001013465 ], [ 413088.306600000127219, 707491.470699999132194 ], [ 413031.860050000366755, 707513.579700000816956 ], [ 412993.435399999376386, 707537.091499998234212 ], [ 412935.013800000422634, 707594.889199999510311 ], [ 412897.708300000813324, 707646.261700000963174 ], [ 412838.200900000403635, 707717.582899999571964 ], [ 412784.344899998861365, 707785.509099999209866 ], [ 412743.291099999914877, 707850.040400000638328 ], [ 412714.067999999853782, 707885.336200001533143 ], [ 412681.140499999222811, 707944.003599999239668 ], [ 412656.753149999596644, 708002.614899999694899 ], [ 412627.284914691525046, 708071.224806309095584 ], [ 412622.155799999658484, 708083.1668 ], [ 412597.712299998907838, 708155.638300000457093 ], [ 412577.732700000342447, 708211.61220000020694 ] ] ] } },
{ "type": "Feature", "properties": { "LEFT_FID": -1, "RIGHT_FID": 7 }, "geometry": { "type": "MultiLineString", "coordinates": [ [ [ 412577.732700000342447, 708211.61220000020694 ], [ 412561.785500001104083, 708281.951400000136346 ], [ 412542.766999999061227, 708367.385299999616109 ] ] ] } },
{ "type": "Feature", "properties": { "LEFT_FID": 10, "RIGHT_FID": 7 }, "geometry": { "type": "MultiLineString", "coordinates": [ [ [ 412542.766999999061227, 708367.385299999616109 ], [ 412577.732700000342447, 708211.61220000020694 ] ] ] } },
{ "type": "Feature", "properties": { "LEFT_FID": -1, "RIGHT_FID": 7 }, "geometry": { "type": "MultiLineString", "coordinates": [ [ [ 412602.611299999640323, 708963.365499999024905 ], [ 412600.827399999601766, 708960.175600000424311 ] ] ] } },
{ "type": "Feature", "properties": { "LEFT_FID": -1, "RIGHT_FID": 10 }, "geometry": { "type": "MultiLineString", "coordinates": [ [ [ 412542.766999999061227, 708367.385299999616109 ], [ 412531.423999999184161, 708480.286999999894761 ], [ 412538.703000000386965, 708576.60700000054203 ], [ 412554.441499999025837, 708633.170099999057129 ], [ 412578.941200000292156, 708751.767500001005828 ], [ 412590.321050001424737, 708812.202499999664724 ], [ 412595.20568640367128, 708849.90840176155325 ], [ 412595.669600000372157, 708853.489600000320934 ], [ 412600.697624038148206, 708957.491473788046278 ], [ 412602.611299999640323, 708963.365499999024905 ] ] ] } },
{ "type": "Feature", "properties": { "LEFT_FID": -1, "RIGHT_FID": 5 }, "geometry": { "type": "MultiLineString", "coordinates": [ [ [ 428581.328883340407629, 709006.002895240788348 ], [ 428511.470618481864221, 707591.374699087697081 ], [ 428500.374414539022837, 707366.676399281597696 ], [ 428485.878299999050796, 707073.130000000237487 ], [ 428468.813389468763489, 706255.704600220778957 ], [ 428460.630300000193529, 705863.727600000333041 ], [ 428178.021223950257991, 704667.349794342648238 ], [ 428010.364713865099475, 703957.604096724535339 ], [ 427976.469093385676388, 703814.112601562985219 ], [ 427949.908799999975599, 703701.674100000876933 ], [ 427864.246898634766694, 703690.398410374415107 ], [ 427806.79090183583321, 703682.835486061521806 ], [ 427771.000601338048, 703678.124389829579741 ], [ 427748.233101434016135, 703675.127489103586413 ], [ 427713.324002021050546, 703670.532384647638537 ], [ 427663.575800306571182, 703663.983997673611157 ], [ 427638.998601224215236, 703660.748890699120238 ], [ 427619.667399454221595, 703658.204304138896987 ], [ 427613.918864262814168, 703657.447626642649993 ], [ 427599.48490117082838, 703655.547691105632111 ], [ 427569.01550122781191, 703651.536990670254454 ], [ 426704.720300001150463, 703537.769500000635162 ], [ 426665.954799999832176, 703432.422199999913573 ], [ 426653.042000000597909, 703399.314799999236129 ], [ 426618.313100000144914, 703356.10689999954775 ], [ 426585.453099998529069, 703323.392300000996329 ] ] ] } },
{ "type": "Feature", "properties": { "LEFT_FID": 13, "RIGHT_FID": 5 }, "geometry": { "type": "MultiLineString", "coordinates": [ [ [ 419525.259800001047552, 707487.313000000081956 ], [ 419716.398399999830872, 707758.097899998421781 ], [ 419755.673400000319816, 708268.69400000013411 ], [ 419736.04000000061933, 708622.192000000854023 ], [ 420187.730900000489783, 708995.326099999248981 ], [ 420600.138600000995211, 709211.352099999901839 ], [ 420678.6966999998549, 709211.352099999901839 ], [ 420698.297099999675993, 709203.733700000448152 ] ] ] } },
{ "type": "Feature", "properties": { "LEFT_FID": -1, "RIGHT_FID": 7 }, "geometry": { "type": "MultiLineString", "coordinates": [ [ [ 412600.827399999601766, 708960.175600000424311 ], [ 412601.42019999853801, 709050.884200000320561 ], [ 412601.432500000228174, 709081.943399999057874 ], [ 412598.14730000088457, 709133.708799999323674 ], [ 412594.998899999540299, 709156.65949999820441 ], [ 412591.524200000683777, 709181.994999998365529 ], [ 412575.087700000032783, 709230.084899999434128 ], [ 412568.929399998916779, 709273.489200000301935 ], [ 412564.930096341820899, 709289.591273813741282 ] ] ] } },
{ "type": "Feature", "properties": { "LEFT_FID": 10, "RIGHT_FID": 7 }, "geometry": { "type": "MultiLineString", "coordinates": [ [ [ 412564.930096341820899, 709289.591273813741282 ], [ 412569.002100000448991, 709283.715600000694394 ], [ 412583.400600000226405, 709260.912900001741946 ], [ 412590.54599999950733, 709248.523700001183897 ], [ 412597.368400000559632, 709235.819399998290464 ], [ 412608.329099999915343, 709212.926399999298155 ], [ 412613.918499998631887, 709199.522700000554323 ], [ 412617.737800000468269, 709189.341200000024401 ], [ 412624.295599998964462, 709168.705900000175461 ], [ 412627.776700001151767, 709154.791400000569411 ], [ 412629.872300000919495, 709144.29570000001695 ], [ 412631.495100000232924, 709133.76390000001993 ], [ 412632.544400000479072, 709124.013800001470372 ], [ 412602.611299999640323, 708963.365499999024905 ] ] ] } },
{ "type": "Feature", "properties": { "LEFT_FID": -1, "RIGHT_FID": 10 }, "geometry": { "type": "MultiLineString", "coordinates": [ [ [ 412564.930096341820899, 709289.591273813741282 ], [ 412560.14199999923585, 709308.869200001005083 ], [ 412547.285299999522977, 709327.274699999834411 ], [ 412531.566100000753067, 709357.295800000312738 ], [ 412528.454499999119435, 709367.1719000012381 ], [ 412525.414900001022033, 709376.851600001100451 ], [ 412527.309200000076089, 709394.72399999841582 ], [ 412536.554400000663009, 709412.652499999734573 ], [ 412549.560200000065379, 709427.97159999969881 ], [ 412566.042399999627378, 709448.902200001408346 ], [ 412566.104499296983704, 709449.106706616119482 ] ] ] } },
{ "type": "Feature", "properties": { "LEFT_FID": -1, "RIGHT_FID": 7 }, "geometry": { "type": "MultiLineString", "coordinates": [ [ [ 412566.104499296983704, 709449.106706616119482 ], [ 412571.537599999574013, 709466.999100000131875 ], [ 412572.232200001308229, 709522.636299999430776 ], [ 412572.135020583576988, 709534.883398368954659 ] ] ] } },
{ "type": "Feature", "properties": { "LEFT_FID": 10, "RIGHT_FID": 7 }, "geometry": { "type": "MultiLineString", "coordinates": [ [ [ 412572.135020583576988, 709534.883398368954659 ], [ 412577.401499998755753, 709518.932100000907667 ], [ 412580.121000000741333, 709507.423699999926612 ], [ 412581.393199999816716, 709498.814700001035817 ], [ 412581.879900000058115, 709490.226000000839122 ], [ 412581.466399999684654, 709481.65870000119321 ], [ 412580.369900001271162, 709475.05540000135079 ], [ 412577.863099999492988, 709467.135000000358559 ], [ 412575.304499998514075, 709461.763900001649745 ], [ 412571.142600000021048, 709455.224399999831803 ], [ 412567.563499999290798, 709450.692600001348183 ], [ 412566.104499296983704, 709449.106706616119482 ] ] ] } },
{ "type": "Feature", "properties": { "LEFT_FID": -1, "RIGHT_FID": 10 }, "geometry": { "type": "MultiLineString", "coordinates": [ [ [ 412572.135020583576988, 709534.883398368954659 ], [ 412571.795399999304209, 709577.684299999964423 ], [ 412576.164600000018254, 709627.653999998932704 ], [ 412585.655399999639485, 709668.477099999552593 ], [ 412599.066399999486748, 709714.911599998828024 ], [ 412615.460900000180118, 709745.073000000906177 ], [ 412652.568099999858532, 709776.524999999674037 ], [ 412686.944400000327732, 709801.327400000533089 ], [ 412715.762400000938214, 709822.566700001130812 ], [ 412752.66439999913564, 709845.461300000548363 ], [ 412773.645151683187578, 709856.077098177862354 ] ] ] } },
{ "type": "Feature", "properties": { "LEFT_FID": 10, "RIGHT_FID": 7 }, "geometry": { "type": "MultiLineString", "coordinates": [ [ [ 412806.909084877290297, 709860.90958530001808 ], [ 412806.750199998961762, 709860.851700001512654 ], [ 412800.303399998752866, 709859.036000000196509 ], [ 412791.47629999963101, 709857.378299999982119 ], [ 412780.153499999607448, 709856.246900000609457 ], [ 412773.645151683187578, 709856.077098177862354 ] ] ] } },
{ "type": "Feature", "properties": { "LEFT_FID": -1, "RIGHT_FID": 7 }, "geometry": { "type": "MultiLineString", "coordinates": [ [ [ 412773.645151683187578, 709856.077098177862354 ], [ 412785.158700000029057, 709861.902699998579919 ], [ 412806.909084877290297, 709860.90958530001808 ] ] ] } },
{ "type": "Feature", "properties": { "LEFT_FID": -1, "RIGHT_FID": 10 }, "geometry": { "type": "MultiLineString", "coordinates": [ [ [ 412806.909084877290297, 709860.90958530001808 ], [ 412816.497099999221973, 709860.471800000290386 ], [ 412829.292400000267662, 709868.383899999083951 ], [ 412832.830844745098148, 709877.310138516244479 ] ] ] } },
{ "type": "Feature", "properties": { "LEFT_FID": -1, "RIGHT_FID": 7 }, "geometry": { "type": "MultiLineString", "coordinates": [ [ [ 412832.830844745098148, 709877.310138516244479 ], [ 412835.587499999441206, 709884.264200000790879 ], [ 412832.856499999237712, 709899.274800001527183 ], [ 412830.781599999871105, 709901.99630000104662 ], [ 412825.659900000027847, 709908.758100000326522 ], [ 412831.627000000386033, 709920.991000000969507 ], [ 412839.044599999673665, 709928.369999998365529 ], [ 412844.062699998903554, 709942.931600000825711 ], [ 412845.778099998889957, 709956.791799998725764 ], [ 412849.533400000829715, 709989.253900001058355 ], [ 412846.231199999980163, 710010.668000000179745 ], [ 412848.675699998624623, 710027.664100000169128 ], [ 412848.346000000776257, 710057.741300000110641 ], [ 412853.404499999713153, 710107.570699999807402 ], [ 412866.175199999590404, 710143.147099999361672 ], [ 412897.300492821785156, 710162.218831654288806 ] ] ] } },
{ "type": "Feature", "properties": { "LEFT_FID": 10, "RIGHT_FID": 7 }, "geometry": { "type": "MultiLineString", "coordinates": [ [ [ 412897.300492821785156, 710162.218831654288806 ], [ 412888.247700000065379, 710152.064099999144673 ], [ 412877.9288, 710139.435699998401105 ], [ 412873.658500000019558, 710133.538799999281764 ], [ 412869.986199999344535, 710127.550700000021607 ], [ 412866.874699998705182, 710121.476399998995475 ], [ 412864.28770000115037, 710115.320600000326522 ], [ 412862.187899999844376, 710109.088400001404807 ], [ 412860.538800000271294, 710102.784399998607114 ], [ 412859.303100000077393, 710096.413599999272265 ], [ 412858.144999998796266, 710086.742699999944307 ], [ 412857.70489999972051, 710073.659600000013597 ], [ 412858.514699999126606, 710057.057099999045022 ], [ 412859.891300000133924, 710043.623600000981241 ], [ 412864.125000000174623, 710009.719699999201111 ], [ 412865.735100000456441, 709989.351899999543093 ], [ 412865.884799999475945, 709979.212800000794232 ], [ 412865.509800000116229, 709970.059100001119077 ], [ 412864.518899999908172, 709959.678899999009445 ], [ 412863.266599999915343, 709950.872400001389906 ], [ 412861.107500000740401, 709939.473299999837764 ], [ 412858.890800000517629, 709930.217499998747371 ], [ 412855.488599999051075, 709918.714299998246133 ], [ 412852.247700000240002, 709909.741200001095422 ], [ 412848.53229999972973, 709901.12859999993816 ], [ 412844.330800000519957, 709893.021099998732097 ], [ 412839.631500000192318, 709885.563299999455921 ], [ 412834.422099999268539, 709878.899700000765733 ], [ 412832.830844745098148, 709877.310138516244479 ] ] ] } },
{ "type": "Feature", "properties": { "LEFT_FID": 5, "RIGHT_FID": 1 }, "geometry": { "type": "MultiLineString", "coordinates": [ [ [ 423236.850026818341576, 710745.521392897935584 ], [ 423035.326000001397915, 710212.928200001362711 ], [ 422838.942999999853782, 709584.486199998180382 ], [ 422151.594200001156423, 709270.270099999499507 ], [ 421444.603700000676326, 708916.77209999866318 ], [ 421032.18780000123661, 709073.880099999718368 ], [ 420698.297099999675993, 709203.733700000448152 ] ] ] } },
{ "type": "Feature", "properties": { "LEFT_FID": 13, "RIGHT_FID": 1 }, "geometry": { "type": "MultiLineString", "coordinates": [ [ [ 420698.297099999675993, 709203.733700000448152 ], [ 420541.221999999659602, 710193.282199999317527 ], [ 420457.865100526541937, 710745.525392897427082 ] ] ] } },
{ "type": "Feature", "properties": { "LEFT_FID": 5, "RIGHT_FID": 1 }, "geometry": { "type": "MultiLineString", "coordinates": [ [ [ 423236.851540348667186, 710745.525392897427082 ], [ 423236.850026818341576, 710745.521392897935584 ] ] ] } },
{ "type": "Feature", "properties": { "LEFT_FID": 15, "RIGHT_FID": 5 }, "geometry": { "type": "MultiLineString", "coordinates": [ [ [ 424645.749032069346868, 710880.61083467269782 ], [ 424881.364399999380112, 710762.806299999472685 ], [ 425097.389100000553299, 710271.836199999786913 ], [ 425391.963699999439996, 709721.958200000459328 ], [ 425666.904799999902025, 709505.932099998812191 ], [ 426138.237199999566656, 709054.244100000942126 ], [ 426531.003299999225419, 708838.218100000289269 ], [ 427473.660000000672881, 708916.77209999866318 ], [ 428475.233200000249781, 708975.690099998260848 ], [ 428581.328883340407629, 709006.002895240788348 ] ] ] } },
{ "type": "Feature", "properties": { "LEFT_FID": -1, "RIGHT_FID": 10 }, "geometry": { "type": "MultiLineString", "coordinates": [ [ [ 412897.300492821785156, 710162.218831654288806 ], [ 413016.502099999343045, 710235.258499999414198 ], [ 413274.909400000819005, 710480.224999999511056 ], [ 413379.309999998717103, 710606.257500000414439 ], [ 413460.186100000108127, 710722.217499999445863 ], [ 413566.784500000125263, 710840.730699999257922 ], [ 413618.877800000307616, 710919.009999999543652 ], [ 413654.18890000146348, 711013.983299999381416 ], [ 413689.591299999330658, 711180.361899999086745 ], [ 413717.064886424341239, 711273.905335613060743 ] ] ] } },
{ "type": "Feature", "properties": { "LEFT_FID": 5, "RIGHT_FID": 1 }, "geometry": { "type": "MultiLineString", "coordinates": [ [ [ 423439.652799999457784, 711290.738900000462309 ], [ 423310.267200000642333, 710939.550299999304116 ], [ 423236.851540348667186, 710745.525392897427082 ] ] ] } },
{ "type": "Feature", "properties": { "LEFT_FID": 15, "RIGHT_FID": 5 }, "geometry": { "type": "MultiLineString", "coordinates": [ [ [ 423439.652799999457784, 711290.738900000462309 ], [ 424017.257699998910539, 711175.212399999727495 ], [ 424056.540999999269843, 711175.212399999727495 ], [ 424567.139999998558778, 710919.914300000644289 ], [ 424645.749032069346868, 710880.61083467269782 ] ] ] } },
{ "type": "Feature", "properties": { "LEFT_FID": 10, "RIGHT_FID": 7 }, "geometry": { "type": "MultiLineString", "coordinates": [ [ [ 414082.068650178436656, 711942.621043850551359 ], [ 414080.858400000201073, 711940.009000000078231 ], [ 414071.079999999317806, 711921.490599999669939 ], [ 414051.467100000299979, 711887.403100001276471 ], [ 414044.307799999020062, 711874.40500000026077 ], [ 414036.622699999599718, 711858.894699999596924 ], [ 414031.14369999995688, 711845.580199999036267 ], [ 414026.520899998780806, 711831.403999998816289 ], [ 414022.757200000400189, 711817.018300001276657 ], [ 414013.038099999597762, 711770.373799999710172 ], [ 414008.120200000761542, 711750.085999998264015 ], [ 414004.658999999926891, 711738.6339999998454 ], [ 414001.636400001123548, 711730.139199999859557 ], [ 413998.177000000316184, 711721.741500000585802 ], [ 413994.216699998883996, 711713.455700001795776 ], [ 413985.249899999646004, 711697.645899999886751 ], [ 413975.946099999244325, 711682.453899999847636 ], [ 413963.072599999955855, 711662.748200000263751 ], [ 413949.735600001178682, 711643.55030000093393 ], [ 413925.515899999300018, 711610.778300001169555 ], [ 413860.753300000331365, 711526.834400000283495 ], [ 413846.396100000361912, 711507.36590000113938 ], [ 413832.221099998743739, 711487.315100000356324 ], [ 413818.3065000003553, 711466.549699999857694 ], [ 413804.797199998924043, 711445.225299999350682 ], [ 413792.126199998951051, 711424.163899998995475 ], [ 413780.206800000218209, 711403.315600000554696 ], [ 413768.952399999194313, 711382.630299999262206 ], [ 413758.276399999100249, 711362.05809999932535 ], [ 413748.09220000077039, 711341.548900000634603 ], [ 413735.128500000108033, 711314.214899999205954 ], [ 413717.064886424341239, 711273.905335613060743 ] ] ] } },
{ "type": "Feature", "properties": { "LEFT_FID": -1, "RIGHT_FID": 7 }, "geometry": { "type": "MultiLineString", "coordinates": [ [ [ 413717.064886424341239, 711273.905335613060743 ], [ 413753.808199998748023, 711399.010799999232404 ], [ 413786.646200000483077, 711464.944999999599531 ], [ 413808.465800000820309, 711503.102700000395998 ], [ 413884.071199999190867, 711595.494699999107979 ], [ 413943.729499999375548, 711673.746000000042841 ], [ 413965.391199999547098, 711718.469000000157394 ], [ 413997.396100000245497, 711779.32480000029318 ], [ 414008.337399998737965, 711802.864700000267476 ], [ 414015.258700000646058, 711839.647600000025705 ], [ 414029.060700000438374, 711868.939200000022538 ], [ 414038.642799998982809, 711885.436799998627976 ], [ 414057.533200000238139, 711924.688600000692531 ], [ 414078.189799999701791, 711942.813500000862405 ], [ 414082.068650178436656, 711942.621043850551359 ] ] ] } },
{ "type": "Feature", "properties": { "LEFT_FID": -1, "RIGHT_FID": 10 }, "geometry": { "type": "MultiLineString", "coordinates": [ [ [ 414082.068650178436656, 711942.621043850551359 ], [ 414095.804799999052193, 711941.939499999629334 ], [ 414105.89750000089407, 711941.438699999940582 ], [ 414127.078599999018479, 711962.229000000050291 ], [ 414157.829399999696761, 711988.434399998746812 ], [ 414188.359200000239071, 712019.577799999620765 ], [ 414209.836799998825882, 712047.18590000201948 ], [ 414226.999500000558328, 712094.770799999590963 ], [ 414218.936400000937283, 712134.050699999672361 ], [ 414189.267799999448471, 712164.689099999261089 ], [ 414154.617900000652298, 712182.954200000036508 ], [ 414133.905100000672974, 712194.205099999788217 ], [ 414087.091299999447074, 712209.776799999061041 ], [ 414085.038000000466127, 712216.492199999163859 ], [ 414083.798502908670343, 712220.54610089038033 ], [ 414074.274899998563342, 712251.694099999847822 ], [ 414050.327800000610296, 712321.724600000772625 ], [ 414037.98850000044331, 712378.427999998675659 ], [ 414022.092200000421144, 712435.4401 ], [ 414017.24419999984093, 712528.533500001183711 ], [ 414019.343700000434183, 712623.84349999926053 ], [ 414019.92070000077365, 712700.804100000299513 ], [ 414016.745999999227934, 712768.141100001055747 ] ] ] } },
{ "type": "Feature", "properties": { "LEFT_FID": 10, "RIGHT_FID": 7 }, "geometry": { "type": "MultiLineString", "coordinates": [ [ [ 414014.270999998785555, 712777.1953999993857 ], [ 414016.745999999227934, 712768.141100001055747 ] ] ] } },
{ "type": "Feature", "properties": { "LEFT_FID": 10, "RIGHT_FID": 23 }, "geometry": { "type": "MultiLineString", "coordinates": [ [ [ 414014.270999998785555, 712777.1953999993857 ], [ 414016.745999999227934, 712768.141100001055747 ] ] ] } },
{ "type": "Feature", "properties": { "LEFT_FID": 7, "RIGHT_FID": 7 }, "geometry": { "type": "MultiLineString", "coordinates": [ [ [ 414016.745999999227934, 712768.141100001055747 ], [ 414006.647400001180358, 712794.951199998613447 ] ] ] } },
{ "type": "Feature", "properties": { "LEFT_FID": 7, "RIGHT_FID": 23 }, "geometry": { "type": "MultiLineString", "coordinates": [ [ [ 414016.745999999227934, 712768.141100001055747 ], [ 414006.647400001180358, 712794.951199998613447 ] ] ] } },
{ "type": "Feature", "properties": { "LEFT_FID": 10, "RIGHT_FID": 7 }, "geometry": { "type": "MultiLineString", "coordinates": [ [ [ 414006.647400001180358, 712794.951199998613447 ], [ 414014.270999998785555, 712777.1953999993857 ] ] ] } },
{ "type": "Feature", "properties": { "LEFT_FID": 10, "RIGHT_FID": 23 }, "geometry": { "type": "MultiLineString", "coordinates": [ [ [ 414006.647400001180358, 712794.951199998613447 ], [ 414014.270999998785555, 712777.1953999993857 ] ] ] } },
{ "type": "Feature", "properties": { "LEFT_FID": -1, "RIGHT_FID": 7 }, "geometry": { "type": "MultiLineString", "coordinates": [ [ [ 414016.745999999227934, 712768.141100001055747 ], [ 414006.106912081129849, 712796.2100750929676 ] ] ] } },
{ "type": "Feature", "properties": { "LEFT_FID": -1, "RIGHT_FID": 7 }, "geometry": { "type": "MultiLineString", "coordinates": [ [ [ 414006.106912081129849, 712796.2100750929676 ], [ 414006.647400001180358, 712794.951199998613447 ] ] ] } },
{ "type": "Feature", "properties": { "LEFT_FID": -1, "RIGHT_FID": 7 }, "geometry": { "type": "MultiLineString", "coordinates": [ [ [ 414006.106912081129849, 712796.2100750929676 ], [ 413999.560500000719912, 712813.481400000164285 ], [ 413984.628800000704359, 712853.406699999584816 ] ] ] } },
{ "type": "Feature", "properties": { "LEFT_FID": -1, "RIGHT_FID": 7 }, "geometry": { "type": "MultiLineString", "coordinates": [ [ [ 413984.628800000704359, 712853.406699999584816 ], [ 414006.106912081129849, 712796.2100750929676 ] ] ] } },
{ "type": "Feature", "properties": { "LEFT_FID": -1, "RIGHT_FID": 10 }, "geometry": { "type": "MultiLineString", "coordinates": [ [ [ 414006.647400001180358, 712794.951199998613447 ], [ 413984.628800000704359, 712853.406699999584816 ] ] ] } },
{ "type": "Feature", "properties": { "LEFT_FID": -1, "RIGHT_FID": 15 }, "geometry": { "type": "MultiLineString", "coordinates": [ [ [ 431103.007382730487734, 715100.442803114419803 ], [ 431103.002293611469213, 715100.438664607470855 ], [ 431102.934099999198224, 715100.391799999517389 ], [ 431102.911370352841914, 715100.351516757509671 ], [ 431071.472778758325148, 715044.729412005632184 ], [ 430934.427705184963997, 714802.265097070019692 ], [ 430591.601599999936298, 714195.726800000760704 ], [ 429632.159500001114793, 712125.351399998413399 ], [ 428857.383699999656528, 710300.879599999636412 ], [ 428839.356999999959953, 710304.935500000370666 ], [ 428586.872300000803079, 709118.257099998416379 ], [ 428581.328883340407629, 709006.002895240788348 ] ] ] } },
{ "type": "Feature", "properties": { "LEFT_FID": -1, "RIGHT_FID": 15 }, "geometry": { "type": "MultiLineString", "coordinates": [ [ [ 431109.6727, 715106.731300000217743 ], [ 431109.109900000155903, 715106.295700001181103 ], [ 431103.007382730487734, 715100.442803114419803 ] ] ] } },
{ "type": "Feature", "properties": { "LEFT_FID": -1, "RIGHT_FID": 18 }, "geometry": { "type": "MultiLineString", "coordinates": [ [ [ 431103.007382730487734, 715100.442803114419803 ], [ 431109.6727, 715106.731300000217743 ] ] ] } },
{ "type": "Feature", "properties": { "LEFT_FID": 15, "RIGHT_FID": 9 }, "geometry": { "type": "MultiLineString", "coordinates": [ [ [ 431109.6727, 715106.731300000217743 ], [ 431110.076800000621006, 715107.112599999760278 ], [ 431112.777300001238473, 715109.134199998341501 ] ] ] } },
{ "type": "Feature", "properties": { "LEFT_FID": 15, "RIGHT_FID": 15 }, "geometry": { "type": "MultiLineString", "coordinates": [ [ [ 431109.6727, 715106.731300000217743 ], [ 431110.076800000621006, 715107.112599999760278 ], [ 431112.777300001238473, 715109.134199998341501 ] ] ] } },
{ "type": "Feature", "properties": { "LEFT_FID": 18, "RIGHT_FID": 9 }, "geometry": { "type": "MultiLineString", "coordinates": [ [ [ 431112.777300001238473, 715109.134199998341501 ], [ 431109.6727, 715106.731300000217743 ] ] ] } },
{ "type": "Feature", "properties": { "LEFT_FID": 18, "RIGHT_FID": 15 }, "geometry": { "type": "MultiLineString", "coordinates": [ [ [ 431112.777300001238473, 715109.134199998341501 ], [ 431109.6727, 715106.731300000217743 ] ] ] } },
{ "type": "Feature", "properties": { "LEFT_FID": -1, "RIGHT_FID": 15 }, "geometry": { "type": "MultiLineString", "coordinates": [ [ [ 431118.592200000071898, 715113.487400000798516 ], [ 431117.296199998818338, 715112.63190000038594 ], [ 431112.777300001238473, 715109.134199998341501 ] ] ] } },
{ "type": "Feature", "properties": { "LEFT_FID": -1, "RIGHT_FID": 18 }, "geometry": { "type": "MultiLineString", "coordinates": [ [ [ 431112.777300001238473, 715109.134199998341501 ], [ 431118.592200000071898, 715113.487400000798516 ] ] ] } },
{ "type": "Feature", "properties": { "LEFT_FID": 15, "RIGHT_FID": 9 }, "geometry": { "type": "MultiLineString", "coordinates": [ [ [ 431118.592200000071898, 715113.487400000798516 ], [ 431119.47829999885289, 715114.150800000526942 ], [ 431121.551400000462309, 715115.440899998997338 ] ] ] } },
{ "type": "Feature", "properties": { "LEFT_FID": 15, "RIGHT_FID": 15 }, "geometry": { "type": "MultiLineString", "coordinates": [ [ [ 431118.592200000071898, 715113.487400000798516 ], [ 431119.47829999885289, 715114.150800000526942 ], [ 431121.551400000462309, 715115.440899998997338 ] ] ] } },
{ "type": "Feature", "properties": { "LEFT_FID": 18, "RIGHT_FID": 9 }, "geometry": { "type": "MultiLineString", "coordinates": [ [ [ 431121.551400000462309, 715115.440899998997338 ], [ 431118.592200000071898, 715113.487400000798516 ] ] ] } },
{ "type": "Feature", "properties": { "LEFT_FID": 18, "RIGHT_FID": 15 }, "geometry": { "type": "MultiLineString", "coordinates": [ [ [ 431121.551400000462309, 715115.440899998997338 ], [ 431118.592200000071898, 715113.487400000798516 ] ] ] } },
{ "type": "Feature", "properties": { "LEFT_FID": -1, "RIGHT_FID": 15 }, "geometry": { "type": "MultiLineString", "coordinates": [ [ [ 431138.445100000535604, 715125.954000000609085 ], [ 431127.391299999959301, 715119.29610000050161 ], [ 431121.551400000462309, 715115.440899998997338 ] ] ] } },
{ "type": "Feature", "properties": { "LEFT_FID": -1, "RIGHT_FID": 18 }, "geometry": { "type": "MultiLineString", "coordinates": [ [ [ 431121.551400000462309, 715115.440899998997338 ], [ 431138.445100000535604, 715125.954000000609085 ] ] ] } },
{ "type": "Feature", "properties": { "LEFT_FID": 18, "RIGHT_FID": 9 }, "geometry": { "type": "MultiLineString", "coordinates": [ [ [ 431147.986900000309106, 715131.701199998497032 ], [ 431138.445100000535604, 715125.954000000609085 ] ] ] } },
{ "type": "Feature", "properties": { "LEFT_FID": 18, "RIGHT_FID": 15 }, "geometry": { "type": "MultiLineString", "coordinates": [ [ [ 431147.986900000309106, 715131.701199998497032 ], [ 431138.445100000535604, 715125.954000000609085 ] ] ] } },
{ "type": "Feature", "properties": { "LEFT_FID": 15, "RIGHT_FID": 9 }, "geometry": { "type": "MultiLineString", "coordinates": [ [ [ 431138.445100000535604, 715125.954000000609085 ], [ 431156.282883815991227, 715137.054604213335551 ] ] ] } },
{ "type": "Feature", "properties": { "LEFT_FID": 15, "RIGHT_FID": 15 }, "geometry": { "type": "MultiLineString", "coordinates": [ [ [ 431138.445100000535604, 715125.954000000609085 ], [ 431156.282883815991227, 715137.054604213335551 ] ] ] } },
{ "type": "Feature", "properties": { "LEFT_FID": 18, "RIGHT_FID": 9 }, "geometry": { "type": "MultiLineString", "coordinates": [ [ [ 431156.282883815991227, 715137.054604213335551 ], [ 431147.986900000309106, 715131.701199998497032 ] ] ] } },
{ "type": "Feature", "properties": { "LEFT_FID": 18, "RIGHT_FID": 15 }, "geometry": { "type": "MultiLineString", "coordinates": [ [ [ 431156.282883815991227, 715137.054604213335551 ], [ 431147.986900000309106, 715131.701199998497032 ] ] ] } },
{ "type": "Feature", "properties": { "LEFT_FID": -1, "RIGHT_FID": 18 }, "geometry": { "type": "MultiLineString", "coordinates": [ [ [ 431156.282883815991227, 715137.054604213335551 ], [ 431103.007382730487734, 715100.442803114419803 ] ] ] } },
{ "type": "Feature", "properties": { "LEFT_FID": -1, "RIGHT_FID": 15 }, "geometry": { "type": "MultiLineString", "coordinates": [ [ [ 431330.455108983733226, 715256.750786929158494 ], [ 431243.84959283657372, 715197.232971236924641 ], [ 431156.282883815991227, 715137.054604213335551 ] ] ] } },
{ "type": "Feature", "properties": { "LEFT_FID": -1, "RIGHT_FID": 19 }, "geometry": { "type": "MultiLineString", "coordinates": [ [ [ 432323.354006070003379, 715939.099387873662636 ], [ 432291.025198940362316, 715916.882101540220901 ], [ 431330.455108983733226, 715256.750786929158494 ] ] ] } },
{ "type": "Feature", "properties": { "LEFT_FID": -1, "RIGHT_FID": 16 }, "geometry": { "type": "MultiLineString", "coordinates": [ [ [ 432325.33496781589929, 715940.46076174126938 ], [ 432323.354006070003379, 715939.099387873662636 ] ] ] } },
{ "type": "Feature", "properties": { "LEFT_FID": -1, "RIGHT_FID": 19 }, "geometry": { "type": "MultiLineString", "coordinates": [ [ [ 432325.33496781589929, 715940.46076174126938 ], [ 432323.354006070003379, 715939.099387873662636 ] ] ] } },
{ "type": "Feature", "properties": { "LEFT_FID": 19, "RIGHT_FID": 16 }, "geometry": { "type": "MultiLineString", "coordinates": [ [ [ 432323.354006070003379, 715939.099387873662636 ], [ 432328.649699999717996, 715943.224900000030175 ] ] ] } },
{ "type": "Feature", "properties": { "LEFT_FID": 19, "RIGHT_FID": 19 }, "geometry": { "type": "MultiLineString", "coordinates": [ [ [ 432323.354006070003379, 715939.099387873662636 ], [ 432328.649699999717996, 715943.224900000030175 ] ] ] } },
{ "type": "Feature", "properties": { "LEFT_FID": 18, "RIGHT_FID": 16 }, "geometry": { "type": "MultiLineString", "coordinates": [ [ [ 432328.649699999717996, 715943.224900000030175 ], [ 432327.633100000792183, 715942.278999998350628 ], [ 432325.33496781589929, 715940.46076174126938 ] ] ] } },
{ "type": "Feature", "properties": { "LEFT_FID": 18, "RIGHT_FID": 19 }, "geometry": { "type": "MultiLineString", "coordinates": [ [ [ 432328.649699999717996, 715943.224900000030175 ], [ 432327.633100000792183, 715942.278999998350628 ], [ 432325.33496781589929, 715940.46076174126938 ] ] ] } },
{ "type": "Feature", "properties": { "LEFT_FID": -1, "RIGHT_FID": 19 }, "geometry": { "type": "MultiLineString", "coordinates": [ [ [ 432330.040900000778493, 715944.519399999757297 ], [ 432328.649699999717996, 715943.224900000030175 ] ] ] } },
{ "type": "Feature", "properties": { "LEFT_FID": -1, "RIGHT_FID": 18 }, "geometry": { "type": "MultiLineString", "coordinates": [ [ [ 432328.649699999717996, 715943.224900000030175 ], [ 432329.246300000697374, 715943.689699999056756 ], [ 432330.040900000778493, 715944.519399999757297 ] ] ] } },
{ "type": "Feature", "properties": { "LEFT_FID": 18, "RIGHT_FID": 16 }, "geometry": { "type": "MultiLineString", "coordinates": [ [ [ 432331.021999999589752, 715945.432299999287352 ], [ 432330.040900000778493, 715944.519399999757297 ] ] ] } },
{ "type": "Feature", "properties": { "LEFT_FID": 18, "RIGHT_FID": 19 }, "geometry": { "type": "MultiLineString", "coordinates": [ [ [ 432331.021999999589752, 715945.432299999287352 ], [ 432330.040900000778493, 715944.519399999757297 ] ] ] } },
{ "type": "Feature", "properties": { "LEFT_FID": 19, "RIGHT_FID": 16 }, "geometry": { "type": "MultiLineString", "coordinates": [ [ [ 432330.040900000778493, 715944.519399999757297 ], [ 432331.580499999108724, 715946.126999999745749 ] ] ] } },
{ "type": "Feature", "properties": { "LEFT_FID": 19, "RIGHT_FID": 19 }, "geometry": { "type": "MultiLineString", "coordinates": [ [ [ 432330.040900000778493, 715944.519399999757297 ], [ 432331.580499999108724, 715946.126999999745749 ] ] ] } },
{ "type": "Feature", "properties": { "LEFT_FID": 18, "RIGHT_FID": 16 }, "geometry": { "type": "MultiLineString", "coordinates": [ [ [ 432331.580499999108724, 715946.126999999745749 ], [ 432331.021999999589752, 715945.432299999287352 ] ] ] } },
{ "type": "Feature", "properties": { "LEFT_FID": 18, "RIGHT_FID": 19 }, "geometry": { "type": "MultiLineString", "coordinates": [ [ [ 432331.580499999108724, 715946.126999999745749 ], [ 432331.021999999589752, 715945.432299999287352 ] ] ] } },
{ "type": "Feature", "properties": { "LEFT_FID": -1, "RIGHT_FID": 19 }, "geometry": { "type": "MultiLineString", "coordinates": [ [ [ 432332.44199999893317, 715947.198600000701845 ], [ 432331.580499999108724, 715946.126999999745749 ] ] ] } },
{ "type": "Feature", "properties": { "LEFT_FID": -1, "RIGHT_FID": 18 }, "geometry": { "type": "MultiLineString", "coordinates": [ [ [ 432331.580499999108724, 715946.126999999745749 ], [ 432332.103500000666827, 715946.673100001062267 ], [ 432332.44199999893317, 715947.198600000701845 ] ] ] } },
{ "type": "Feature", "properties": { "LEFT_FID": 18, "RIGHT_FID": 16 }, "geometry": { "type": "MultiLineString", "coordinates": [ [ [ 432332.997300000104588, 715947.889299999456853 ], [ 432332.44199999893317, 715947.198600000701845 ] ] ] } },
{ "type": "Feature", "properties": { "LEFT_FID": 18, "RIGHT_FID": 19 }, "geometry": { "type": "MultiLineString", "coordinates": [ [ [ 432332.997300000104588, 715947.889299999456853 ], [ 432332.44199999893317, 715947.198600000701845 ] ] ] } },
{ "type": "Feature", "properties": { "LEFT_FID": 19, "RIGHT_FID": 16 }, "geometry": { "type": "MultiLineString", "coordinates": [ [ [ 432332.44199999893317, 715947.198600000701845 ], [ 432333.431200000050012, 715948.734200001694262 ] ] ] } },
{ "type": "Feature", "properties": { "LEFT_FID": 19, "RIGHT_FID": 19 }, "geometry": { "type": "MultiLineString", "coordinates": [ [ [ 432332.44199999893317, 715947.198600000701845 ], [ 432333.431200000050012, 715948.734200001694262 ] ] ] } },
{ "type": "Feature", "properties": { "LEFT_FID": 18, "RIGHT_FID": 16 }, "geometry": { "type": "MultiLineString", "coordinates": [ [ [ 432333.431200000050012, 715948.734200001694262 ], [ 432332.997300000104588, 715947.889299999456853 ] ] ] } },
{ "type": "Feature", "properties": { "LEFT_FID": 18, "RIGHT_FID": 19 }, "geometry": { "type": "MultiLineString", "coordinates": [ [ [ 432333.431200000050012, 715948.734200001694262 ], [ 432332.997300000104588, 715947.889299999456853 ] ] ] } },
{ "type": "Feature", "properties": { "LEFT_FID": -1, "RIGHT_FID": 19 }, "geometry": { "type": "MultiLineString", "coordinates": [ [ [ 432334.091100000718143, 715950.019200000795536 ], [ 432333.431200000050012, 715948.734200001694262 ] ] ] } },
{ "type": "Feature", "properties": { "LEFT_FID": -1, "RIGHT_FID": 18 }, "geometry": { "type": "MultiLineString", "coordinates": [ [ [ 432333.431200000050012, 715948.734200001694262 ], [ 432333.939100001123734, 715949.52270000136923 ], [ 432334.091100000718143, 715950.019200000795536 ] ] ] } },
{ "type": "Feature", "properties": { "LEFT_FID": 18, "RIGHT_FID": 16 }, "geometry": { "type": "MultiLineString", "coordinates": [ [ [ 432335.184380000573583, 715953.42799693509005 ], [ 432334.489100000995677, 715950.794299999019131 ], [ 432334.091100000718143, 715950.019200000795536 ] ] ] } },
{ "type": "Feature", "properties": { "LEFT_FID": 18, "RIGHT_FID": 19 }, "geometry": { "type": "MultiLineString", "coordinates": [ [ [ 432335.184380000573583, 715953.42799693509005 ], [ 432334.489100000995677, 715950.794299999019131 ], [ 432334.091100000718143, 715950.019200000795536 ] ] ] } },
{ "type": "Feature", "properties": { "LEFT_FID": -1, "RIGHT_FID": 18 }, "geometry": { "type": "MultiLineString", "coordinates": [ [ [ 432335.184380000573583, 715953.42799693509005 ], [ 432334.144899999722838, 715946.515200000954792 ], [ 432325.33496781589929, 715940.46076174126938 ] ] ] } },
{ "type": "Feature", "properties": { "LEFT_FID": 19, "RIGHT_FID": 16 }, "geometry": { "type": "MultiLineString", "coordinates": [ [ [ 432334.091100000718143, 715950.019200000795536 ], [ 432335.232635664637201, 715953.748908936162479 ] ] ] } },
{ "type": "Feature", "properties": { "LEFT_FID": 19, "RIGHT_FID": 19 }, "geometry": { "type": "MultiLineString", "coordinates": [ [ [ 432334.091100000718143, 715950.019200000795536 ], [ 432335.232635664637201, 715953.748908936162479 ] ] ] } },
{ "type": "Feature", "properties": { "LEFT_FID": -1, "RIGHT_FID": 16 }, "geometry": { "type": "MultiLineString", "coordinates": [ [ [ 432335.232635664637201, 715953.748908936162479 ], [ 432335.184380000573583, 715953.42799693509005 ] ] ] } },
{ "type": "Feature", "properties": { "LEFT_FID": -1, "RIGHT_FID": 19 }, "geometry": { "type": "MultiLineString", "coordinates": [ [ [ 432335.232635664637201, 715953.748908936162479 ], [ 432335.184380000573583, 715953.42799693509005 ] ] ] } },
{ "type": "Feature", "properties": { "LEFT_FID": -1, "RIGHT_FID": 19 }, "geometry": { "type": "MultiLineString", "coordinates": [ [ [ 432342.901508202077821, 715993.327437062980607 ], [ 432341.162299999094103, 715989.460799998603761 ], [ 432338.324400001205504, 715974.309900000807829 ], [ 432335.232635664637201, 715953.748908936162479 ] ] ] } },
{ "type": "Feature", "properties": { "LEFT_FID": -1, "RIGHT_FID": 16 }, "geometry": { "type": "MultiLineString", "coordinates": [ [ [ 432342.909446773119271, 715993.345086228451692 ], [ 432342.901508202077821, 715993.327437062980607 ] ] ] } },
{ "type": "Feature", "properties": { "LEFT_FID": -1, "RIGHT_FID": 19 }, "geometry": { "type": "MultiLineString", "coordinates": [ [ [ 432342.909446773119271, 715993.345086228451692 ], [ 432342.901508202077821, 715993.327437062980607 ] ] ] } },
{ "type": "Feature", "properties": { "LEFT_FID": 19, "RIGHT_FID": 16 }, "geometry": { "type": "MultiLineString", "coordinates": [ [ [ 432342.901508202077821, 715993.327437062980607 ], [ 432342.920800001127645, 715993.385700000915676 ] ] ] } },
{ "type": "Feature", "properties": { "LEFT_FID": 19, "RIGHT_FID": 19 }, "geometry": { "type": "MultiLineString", "coordinates": [ [ [ 432342.901508202077821, 715993.327437062980607 ], [ 432342.920800001127645, 715993.385700000915676 ] ] ] } },
{ "type": "Feature", "properties": { "LEFT_FID": 18, "RIGHT_FID": 16 }, "geometry": { "type": "MultiLineString", "coordinates": [ [ [ 432342.920800001127645, 715993.385700000915676 ], [ 432342.909446773119271, 715993.345086228451692 ] ] ] } },
{ "type": "Feature", "properties": { "LEFT_FID": 18, "RIGHT_FID": 19 }, "geometry": { "type": "MultiLineString", "coordinates": [ [ [ 432342.920800001127645, 715993.385700000915676 ], [ 432342.909446773119271, 715993.345086228451692 ] ] ] } },
{ "type": "Feature", "properties": { "LEFT_FID": -1, "RIGHT_FID": 19 }, "geometry": { "type": "MultiLineString", "coordinates": [ [ [ 432343.958866665838286, 715996.520833333255723 ], [ 432343.406199999561068, 715995.12209999980405 ], [ 432342.920800001127645, 715993.385700000915676 ] ] ] } },
{ "type": "Feature", "properties": { "LEFT_FID": -1, "RIGHT_FID": 18 }, "geometry": { "type": "MultiLineString", "coordinates": [ [ [ 432342.920800001127645, 715993.385700000915676 ], [ 432343.958866665838286, 715996.520833333255723 ] ] ] } },
{ "type": "Feature", "properties": { "LEFT_FID": 19, "RIGHT_FID": 16 }, "geometry": { "type": "MultiLineString", "coordinates": [ [ [ 432343.958866665838286, 715996.520833333255723 ], [ 432344.608899999933783, 715998.483899999409914 ], [ 432345.793700000911485, 716001.16430000110995 ] ] ] } },
{ "type": "Feature", "properties": { "LEFT_FID": 19, "RIGHT_FID": 19 }, "geometry": { "type": "MultiLineString", "coordinates": [ [ [ 432343.958866665838286, 715996.520833333255723 ], [ 432344.608899999933783, 715998.483899999409914 ], [ 432345.793700000911485, 716001.16430000110995 ] ] ] } },
{ "type": "Feature", "properties": { "LEFT_FID": 18, "RIGHT_FID": 16 }, "geometry": { "type": "MultiLineString", "coordinates": [ [ [ 432345.793700000911485, 716001.16430000110995 ], [ 432343.958866665838286, 715996.520833333255723 ] ] ] } },
{ "type": "Feature", "properties": { "LEFT_FID": 18, "RIGHT_FID": 19 }, "geometry": { "type": "MultiLineString", "coordinates": [ [ [ 432345.793700000911485, 716001.16430000110995 ], [ 432343.958866665838286, 715996.520833333255723 ] ] ] } },
{ "type": "Feature", "properties": { "LEFT_FID": -1, "RIGHT_FID": 19 }, "geometry": { "type": "MultiLineString", "coordinates": [ [ [ 432347.347199998970609, 716004.678866665461101 ], [ 432346.689899999648333, 716003.432399998768233 ], [ 432345.793700000911485, 716001.16430000110995 ] ] ] } },
{ "type": "Feature", "properties": { "LEFT_FID": -1, "RIGHT_FID": 18 }, "geometry": { "type": "MultiLineString", "coordinates": [ [ [ 432345.793700000911485, 716001.16430000110995 ], [ 432347.347199998970609, 716004.678866665461101 ] ] ] } },
{ "type": "Feature", "properties": { "LEFT_FID": 19, "RIGHT_FID": 16 }, "geometry": { "type": "MultiLineString", "coordinates": [ [ [ 432347.347199998970609, 716004.678866665461101 ], [ 432347.868700001272373, 716005.858699999633245 ], [ 432348.772933332831599, 716007.382666667690501 ] ] ] } },
{ "type": "Feature", "properties": { "LEFT_FID": 19, "RIGHT_FID": 19 }, "geometry": { "type": "MultiLineString", "coordinates": [ [ [ 432347.347199998970609, 716004.678866665461101 ], [ 432347.868700001272373, 716005.858699999633245 ], [ 432348.772933332831599, 716007.382666667690501 ] ] ] } },
{ "type": "Feature", "properties": { "LEFT_FID": 18, "RIGHT_FID": 16 }, "geometry": { "type": "MultiLineString", "coordinates": [ [ [ 432348.772933332831599, 716007.382666667690501 ], [ 432347.347199998970609, 716004.678866665461101 ] ] ] } },
{ "type": "Feature", "properties": { "LEFT_FID": 18, "RIGHT_FID": 19 }, "geometry": { "type": "MultiLineString", "coordinates": [ [ [ 432348.772933332831599, 716007.382666667690501 ], [ 432347.347199998970609, 716004.678866665461101 ] ] ] } },
{ "type": "Feature", "properties": { "LEFT_FID": -1, "RIGHT_FID": 18 }, "geometry": { "type": "MultiLineString", "coordinates": [ [ [ 432348.772933332831599, 716007.382666667690501 ], [ 432350.635497253970243, 716010.521772206993774 ], [ 432342.909446773119271, 715993.345086228451692 ] ] ] } },
{ "type": "Feature", "properties": { "LEFT_FID": -1, "RIGHT_FID": 19 }, "geometry": { "type": "MultiLineString", "coordinates": [ [ [ 432367.691006188397296, 716026.860138541436754 ], [ 432361.981399999815039, 716023.381800000672229 ], [ 432352.44460000062827, 716014.543800000334159 ], [ 432350.802714522345923, 716010.893532460788265 ], [ 432350.059700000565499, 716009.822799998684786 ], [ 432348.772933332831599, 716007.382666667690501 ] ] ] } },
{ "type": "Feature", "properties": { "LEFT_FID": -1, "RIGHT_FID": 16 }, "geometry": { "type": "MultiLineString", "coordinates": [ [ [ 432367.796164550527465, 716026.924201871966943 ], [ 432367.691006188397296, 716026.860138541436754 ] ] ] } },
{ "type": "Feature", "properties": { "LEFT_FID": -1, "RIGHT_FID": 19 }, "geometry": { "type": "MultiLineString", "coordinates": [ [ [ 432367.796164550527465, 716026.924201871966943 ], [ 432367.691006188397296, 716026.860138541436754 ] ] ] } },
{ "type": "Feature", "properties": { "LEFT_FID": 19, "RIGHT_FID": 16 }, "geometry": { "type": "MultiLineString", "coordinates": [ [ [ 432367.691006188397296, 716026.860138541436754 ], [ 432369.082100001221988, 716027.817999999970198 ], [ 432369.629600000800565, 716028.14546666899696 ] ] ] } },
{ "type": "Feature", "properties": { "LEFT_FID": 19, "RIGHT_FID": 19 }, "geometry": { "type": "MultiLineString", "coordinates": [ [ [ 432367.691006188397296, 716026.860138541436754 ], [ 432369.082100001221988, 716027.817999999970198 ], [ 432369.629600000800565, 716028.14546666899696 ] ] ] } },
{ "type": "Feature", "properties": { "LEFT_FID": 18, "RIGHT_FID": 16 }, "geometry": { "type": "MultiLineString", "coordinates": [ [ [ 432369.629600000800565, 716028.14546666899696 ], [ 432367.796164550527465, 716026.924201871966943 ] ] ] } },
{ "type": "Feature", "properties": { "LEFT_FID": 18, "RIGHT_FID": 19 }, "geometry": { "type": "MultiLineString", "coordinates": [ [ [ 432369.629600000800565, 716028.14546666899696 ], [ 432367.796164550527465, 716026.924201871966943 ] ] ] } },
{ "type": "Feature", "properties": { "LEFT_FID": -1, "RIGHT_FID": 18 }, "geometry": { "type": "MultiLineString", "coordinates": [ [ [ 432369.629600000800565, 716028.14546666899696 ], [ 432379.003613882057834, 716033.751871184795164 ], [ 432367.796164550527465, 716026.924201871966943 ] ] ] } },
{ "type": "Feature", "properties": { "LEFT_FID": -1, "RIGHT_FID": 19 }, "geometry": { "type": "MultiLineString", "coordinates": [ [ [ 432386.940833041444421, 716038.587799766217358 ], [ 432386.924386274360586, 716038.577270169393159 ], [ 432379.559205598838162, 716034.090342180687003 ], [ 432369.863600000564475, 716028.301299999817275 ], [ 432369.629600000800565, 716028.14546666899696 ] ] ] } },
{ "type": "Feature", "properties": { "LEFT_FID": -1, "RIGHT_FID": 18 }, "geometry": { "type": "MultiLineString", "coordinates": [ [ [ 432386.940833041444421, 716038.587799766217358 ], [ 432390.40918082074495, 716040.915569124976173 ], [ 432389.061800000781659, 716039.879399999277666 ], [ 432386.940833041444421, 716038.587799766217358 ] ] ] } },
{ "type": "Feature", "properties": { "LEFT_FID": -1, "RIGHT_FID": 19 }, "geometry": { "type": "MultiLineString", "coordinates": [ [ [ 432460.157940025848802, 716086.141067263437435 ], [ 432441.131700000551064, 716075.315499999560416 ], [ 432418.103000000992324, 716062.212799999048002 ], [ 432390.451219824375585, 716040.947898157988675 ], [ 432386.940833041444421, 716038.587799766217358 ] ] ] } },
{ "type": "Feature", "properties": { "LEFT_FID": -1, "RIGHT_FID": 16 }, "geometry": { "type": "MultiLineString", "coordinates": [ [ [ 432462.902804139070213, 716087.702842528116889 ], [ 432460.157940025848802, 716086.141067263437435 ] ] ] } },
{ "type": "Feature", "properties": { "LEFT_FID": -1, "RIGHT_FID": 19 }, "geometry": { "type": "MultiLineString", "coordinates": [ [ [ 432462.902804139070213, 716087.702842528116889 ], [ 432460.157940025848802, 716086.141067263437435 ] ] ] } },
{ "type": "Feature", "properties": { "LEFT_FID": 18, "RIGHT_FID": 16 }, "geometry": { "type": "MultiLineString", "coordinates": [ [ [ 432466.64469236676814, 716089.946699955151416 ], [ 432462.902804139070213, 716087.702842528116889 ] ] ] } },
{ "type": "Feature", "properties": { "LEFT_FID": 18, "RIGHT_FID": 19 }, "geometry": { "type": "MultiLineString", "coordinates": [ [ [ 432466.64469236676814, 716089.946699955151416 ], [ 432462.902804139070213, 716087.702842528116889 ] ] ] } },
{ "type": "Feature", "properties": { "LEFT_FID": -1, "RIGHT_FID": 18 }, "geometry": { "type": "MultiLineString", "coordinates": [ [ [ 432466.64469236676814, 716089.946699955151416 ], [ 432463.765499999339227, 716088.193700000760145 ], [ 432462.902804139070213, 716087.702842528116889 ] ] ] } },
{ "type": "Feature", "properties": { "LEFT_FID": 19, "RIGHT_FID": 16 }, "geometry": { "type": "MultiLineString", "coordinates": [ [ [ 432460.157940025848802, 716086.141067263437435 ], [ 432470.842951137339696, 716092.50279225455597 ] ] ] } },
{ "type": "Feature", "properties": { "LEFT_FID": 19, "RIGHT_FID": 19 }, "geometry": { "type": "MultiLineString", "coordinates": [ [ [ 432460.157940025848802, 716086.141067263437435 ], [ 432470.842951137339696, 716092.50279225455597 ] ] ] } },
{ "type": "Feature", "properties": { "LEFT_FID": -1, "RIGHT_FID": 16 }, "geometry": { "type": "MultiLineString", "coordinates": [ [ [ 432470.842951137339696, 716092.50279225455597 ], [ 432466.647223351988941, 716089.94823161419481 ], [ 432466.64469236676814, 716089.946699955151416 ] ] ] } },
{ "type": "Feature", "properties": { "LEFT_FID": -1, "RIGHT_FID": 19 }, "geometry": { "type": "MultiLineString", "coordinates": [ [ [ 432470.842951137339696, 716092.50279225455597 ], [ 432466.647223351988941, 716089.94823161419481 ], [ 432466.64469236676814, 716089.946699955151416 ] ] ] } },
{ "type": "Feature", "properties": { "LEFT_FID": -1, "RIGHT_FID": 19 }, "geometry": { "type": "MultiLineString", "coordinates": [ [ [ 432631.821300001000054, 716186.607999999425374 ], [ 432618.793330664921086, 716179.589929084293544 ], [ 432591.583799999149051, 716165.547099999617785 ], [ 432553.900500001385808, 716144.784899999620393 ], [ 432508.78789999964647, 716115.605499998666346 ], [ 432470.842951137339696, 716092.50279225455597 ] ] ] } },
{ "type": "Feature", "properties": { "LEFT_FID": -1, "RIGHT_FID": 18 }, "geometry": { "type": "MultiLineString", "coordinates": [ [ [ 432619.239013074606191, 716179.819945617113262 ], [ 432628.693200000561774, 716184.861799999140203 ], [ 432631.821300001000054, 716186.607999999425374 ] ] ] } },
{ "type": "Feature", "properties": { "LEFT_FID": 18, "RIGHT_FID": 16 }, "geometry": { "type": "MultiLineString", "coordinates": [ [ [ 432635.012999999686144, 716188.32729999802541 ], [ 432631.821300001000054, 716186.607999999425374 ] ] ] } },
{ "type": "Feature", "properties": { "LEFT_FID": 18, "RIGHT_FID": 19 }, "geometry": { "type": "MultiLineString", "coordinates": [ [ [ 432635.012999999686144, 716188.32729999802541 ], [ 432631.821300001000054, 716186.607999999425374 ] ] ] } },
{ "type": "Feature", "properties": { "LEFT_FID": 18, "RIGHT_FID": 16 }, "geometry": { "type": "MultiLineString", "coordinates": [ [ [ 432636.012510938569903, 716188.912020127987489 ], [ 432635.012999999686144, 716188.32729999802541 ] ] ] } },
{ "type": "Feature", "properties": { "LEFT_FID": 18, "RIGHT_FID": 19 }, "geometry": { "type": "MultiLineString", "coordinates": [ [ [ 432636.012510938569903, 716188.912020127987489 ], [ 432635.012999999686144, 716188.32729999802541 ] ] ] } },
{ "type": "Feature", "properties": { "LEFT_FID": -1, "RIGHT_FID": 18 }, "geometry": { "type": "MultiLineString", "coordinates": [ [ [ 432636.012510938569903, 716188.912020127987489 ], [ 432631.8673000006238, 716186.337399999727495 ], [ 432619.239013074606191, 716179.819945617113262 ] ] ] } },
{ "type": "Feature", "properties": { "LEFT_FID": 19, "RIGHT_FID": 16 }, "geometry": { "type": "MultiLineString", "coordinates": [ [ [ 432631.821300001000054, 716186.607999999425374 ], [ 432636.577772427932359, 716189.26310807839036 ] ] ] } },
{ "type": "Feature", "properties": { "LEFT_FID": 19, "RIGHT_FID": 19 }, "geometry": { "type": "MultiLineString", "coordinates": [ [ [ 432631.821300001000054, 716186.607999999425374 ], [ 432636.577772427932359, 716189.26310807839036 ] ] ] } },
{ "type": "Feature", "properties": { "LEFT_FID": -1, "RIGHT_FID": 16 }, "geometry": { "type": "MultiLineString", "coordinates": [ [ [ 432636.577772427932359, 716189.26310807839036 ], [ 432636.012510938569903, 716188.912020127987489 ] ] ] } },
{ "type": "Feature", "properties": { "LEFT_FID": -1, "RIGHT_FID": 19 }, "geometry": { "type": "MultiLineString", "coordinates": [ [ [ 432636.577772427932359, 716189.26310807839036 ], [ 432636.012510938569903, 716188.912020127987489 ] ] ] } },
{ "type": "Feature", "properties": { "LEFT_FID": -1, "RIGHT_FID": 19 }, "geometry": { "type": "MultiLineString", "coordinates": [ [ [ 432744.947899999970105, 716263.997499999823049 ], [ 432732.590827072388493, 716253.849160964251496 ], [ 432708.441100001044106, 716236.02659999881871 ], [ 432674.329699999419972, 716212.711100001470186 ], [ 432636.577772427932359, 716189.26310807839036 ] ] ] } },
{ "type": "Feature", "properties": { "LEFT_FID": -1, "RIGHT_FID": 18 }, "geometry": { "type": "MultiLineString", "coordinates": [ [ [ 432734.97785096737789, 716255.610790763050318 ], [ 432744.947899999970105, 716263.997499999823049 ] ] ] } },
{ "type": "Feature", "properties": { "LEFT_FID": 18, "RIGHT_FID": 16 }, "geometry": { "type": "MultiLineString", "coordinates": [ [ [ 432748.493800001044292, 716266.909600000828505 ], [ 432744.947899999970105, 716263.997499999823049 ] ] ] } },
{ "type": "Feature", "properties": { "LEFT_FID": 18, "RIGHT_FID": 19 }, "geometry": { "type": "MultiLineString", "coordinates": [ [ [ 432748.493800001044292, 716266.909600000828505 ], [ 432744.947899999970105, 716263.997499999823049 ] ] ] } },
{ "type": "Feature", "properties": { "LEFT_FID": 19, "RIGHT_FID": 16 }, "geometry": { "type": "MultiLineString", "coordinates": [ [ [ 432744.947899999970105, 716263.997499999823049 ], [ 432749.875200000707991, 716268.142300000297837 ] ] ] } },
{ "type": "Feature", "properties": { "LEFT_FID": 19, "RIGHT_FID": 19 }, "geometry": { "type": "MultiLineString", "coordinates": [ [ [ 432744.947899999970105, 716263.997499999823049 ], [ 432749.875200000707991, 716268.142300000297837 ] ] ] } },
{ "type": "Feature", "properties": { "LEFT_FID": 18, "RIGHT_FID": 16 }, "geometry": { "type": "MultiLineString", "coordinates": [ [ [ 432749.875200000707991, 716268.142300000297837 ], [ 432748.493800001044292, 716266.909600000828505 ] ] ] } },
{ "type": "Feature", "properties": { "LEFT_FID": 18, "RIGHT_FID": 19 }, "geometry": { "type": "MultiLineString", "coordinates": [ [ [ 432749.875200000707991, 716268.142300000297837 ], [ 432748.493800001044292, 716266.909600000828505 ] ] ] } },
{ "type": "Feature", "properties": { "LEFT_FID": -1, "RIGHT_FID": 18 }, "geometry": { "type": "MultiLineString", "coordinates": [ [ [ 432749.875200000707991, 716268.142300000297837 ], [ 432751.21580000105314, 716269.269999998505227 ], [ 432762.385799640615005, 716279.263237858423963 ], [ 432751.335000000544824, 716268.99359999911394 ], [ 432744.519700000819284, 716262.652700000209734 ], [ 432734.97785096737789, 716255.610790763050318 ] ] ] } },
{ "type": "Feature", "properties": { "LEFT_FID": -1, "RIGHT_FID": 19 }, "geometry": { "type": "MultiLineString", "coordinates": [ [ [ 432781.135517349932343, 716296.033546384540386 ], [ 432781.132966797507834, 716296.031568050035276 ], [ 432777.752399999066256, 716293.543600000324659 ], [ 432763.547597620519809, 716280.342910362174734 ], [ 432749.875200000707991, 716268.142300000297837 ] ] ] } },
{ "type": "Feature", "properties": { "LEFT_FID": -1, "RIGHT_FID": 19 }, "geometry": { "type": "MultiLineString", "coordinates": [ [ [ 432805.698299999465235, 716316.000600000959821 ], [ 432804.062099998642225, 716314.764099999447353 ], [ 432781.135517349932343, 716296.033546384540386 ] ] ] } },
{ "type": "Feature", "properties": { "LEFT_FID": -1, "RIGHT_FID": 18 }, "geometry": { "type": "MultiLineString", "coordinates": [ [ [ 432781.135517349932343, 716296.033546384540386 ], [ 432805.698299999465235, 716316.000600000959821 ] ] ] } },
{ "type": "Feature", "properties": { "LEFT_FID": 19, "RIGHT_FID": 16 }, "geometry": { "type": "MultiLineString", "coordinates": [ [ [ 432805.698299999465235, 716316.000600000959821 ], [ 432806.994099998730235, 716317.053999999538064 ], [ 432833.803100000950508, 716337.240499998675659 ] ] ] } },
{ "type": "Feature", "properties": { "LEFT_FID": 19, "RIGHT_FID": 19 }, "geometry": { "type": "MultiLineString", "coordinates": [ [ [ 432805.698299999465235, 716316.000600000959821 ], [ 432806.994099998730235, 716317.053999999538064 ], [ 432833.803100000950508, 716337.240499998675659 ] ] ] } },
{ "type": "Feature", "properties": { "LEFT_FID": 18, "RIGHT_FID": 16 }, "geometry": { "type": "MultiLineString", "coordinates": [ [ [ 432833.803100000950508, 716337.240499998675659 ], [ 432805.698299999465235, 716316.000600000959821 ] ] ] } },
{ "type": "Feature", "properties": { "LEFT_FID": 18, "RIGHT_FID": 19 }, "geometry": { "type": "MultiLineString", "coordinates": [ [ [ 432833.803100000950508, 716337.240499998675659 ], [ 432805.698299999465235, 716316.000600000959821 ] ] ] } },
{ "type": "Feature", "properties": { "LEFT_FID": 19, "RIGHT_FID": 18 }, "geometry": { "type": "MultiLineString", "coordinates": [ [ [ 432833.803100000950508, 716337.240499998675659 ], [ 432897.189000000129454, 716383.147299998672679 ] ] ] } },
{ "type": "Feature", "properties": { "LEFT_FID": 18, "RIGHT_FID": 16 }, "geometry": { "type": "MultiLineString", "coordinates": [ [ [ 432913.454600000928622, 716395.389899999834597 ], [ 432897.189000000129454, 716383.147299998672679 ] ] ] } },
{ "type": "Feature", "properties": { "LEFT_FID": 18, "RIGHT_FID": 19 }, "geometry": { "type": "MultiLineString", "coordinates": [ [ [ 432913.454600000928622, 716395.389899999834597 ], [ 432897.189000000129454, 716383.147299998672679 ] ] ] } },
{ "type": "Feature", "properties": { "LEFT_FID": 19, "RIGHT_FID": 16 }, "geometry": { "type": "MultiLineString", "coordinates": [ [ [ 432897.189000000129454, 716383.147299998672679 ], [ 432917.993399999802932, 716399.020099999499507 ] ] ] } },
{ "type": "Feature", "properties": { "LEFT_FID": 19, "RIGHT_FID": 19 }, "geometry": { "type": "MultiLineString", "coordinates": [ [ [ 432897.189000000129454, 716383.147299998672679 ], [ 432917.993399999802932, 716399.020099999499507 ] ] ] } },
{ "type": "Feature", "properties": { "LEFT_FID": 18, "RIGHT_FID": 16 }, "geometry": { "type": "MultiLineString", "coordinates": [ [ [ 432917.993399999802932, 716399.020099999499507 ], [ 432913.454600000928622, 716395.389899999834597 ] ] ] } },
{ "type": "Feature", "properties": { "LEFT_FID": 18, "RIGHT_FID": 19 }, "geometry": { "type": "MultiLineString", "coordinates": [ [ [ 432917.993399999802932, 716399.020099999499507 ], [ 432913.454600000928622, 716395.389899999834597 ] ] ] } },
{ "type": "Feature", "properties": { "LEFT_FID": -1, "RIGHT_FID": 19 }, "geometry": { "type": "MultiLineString", "coordinates": [ [ [ 432920.738699999230448, 716401.215899999602698 ], [ 432917.993399999802932, 716399.020099999499507 ] ] ] } },
{ "type": "Feature", "properties": { "LEFT_FID": -1, "RIGHT_FID": 18 }, "geometry": { "type": "MultiLineString", "coordinates": [ [ [ 432917.993399999802932, 716399.020099999499507 ], [ 432919.363900000462309, 716400.065799999749288 ], [ 432920.738699999230448, 716401.215899999602698 ] ] ] } },
{ "type": "Feature", "properties": { "LEFT_FID": 18, "RIGHT_FID": 16 }, "geometry": { "type": "MultiLineString", "coordinates": [ [ [ 432922.27860000054352, 716402.447600000188686 ], [ 432920.738699999230448, 716401.215899999602698 ] ] ] } },
{ "type": "Feature", "properties": { "LEFT_FID": 18, "RIGHT_FID": 19 }, "geometry": { "type": "MultiLineString", "coordinates": [ [ [ 432922.27860000054352, 716402.447600000188686 ], [ 432920.738699999230448, 716401.215899999602698 ] ] ] } },
{ "type": "Feature", "properties": { "LEFT_FID": 19, "RIGHT_FID": 16 }, "geometry": { "type": "MultiLineString", "coordinates": [ [ [ 432920.738699999230448, 716401.215899999602698 ], [ 432923.813799999712501, 716403.788400000310503 ] ] ] } },
{ "type": "Feature", "properties": { "LEFT_FID": 19, "RIGHT_FID": 19 }, "geometry": { "type": "MultiLineString", "coordinates": [ [ [ 432920.738699999230448, 716401.215899999602698 ], [ 432923.813799999712501, 716403.788400000310503 ] ] ] } },
{ "type": "Feature", "properties": { "LEFT_FID": 18, "RIGHT_FID": 16 }, "geometry": { "type": "MultiLineString", "coordinates": [ [ [ 432923.813799999712501, 716403.788400000310503 ], [ 432922.27860000054352, 716402.447600000188686 ] ] ] } },
{ "type": "Feature", "properties": { "LEFT_FID": 18, "RIGHT_FID": 19 }, "geometry": { "type": "MultiLineString", "coordinates": [ [ [ 432923.813799999712501, 716403.788400000310503 ], [ 432922.27860000054352, 716402.447600000188686 ] ] ] } },
{ "type": "Feature", "properties": { "LEFT_FID": -1, "RIGHT_FID": 19 }, "geometry": { "type": "MultiLineString", "coordinates": [ [ [ 432941.670600000536069, 716419.384599999873899 ], [ 432923.813799999712501, 716403.788400000310503 ] ] ] } },
{ "type": "Feature", "properties": { "LEFT_FID": -1, "RIGHT_FID": 18 }, "geometry": { "type": "MultiLineString", "coordinates": [ [ [ 432923.813799999712501, 716403.788400000310503 ], [ 432929.4631, 716408.514499999117106 ], [ 432940.712399999436457, 716418.495100000756793 ], [ 432941.670600000536069, 716419.384599999873899 ] ] ] } },
{ "type": "Feature", "properties": { "LEFT_FID": 18, "RIGHT_FID": 16 }, "geometry": { "type": "MultiLineString", "coordinates": [ [ [ 432942.102000000188127, 716419.761399999260902 ], [ 432941.670600000536069, 716419.384599999873899 ] ] ] } },
{ "type": "Feature", "properties": { "LEFT_FID": 18, "RIGHT_FID": 19 }, "geometry": { "type": "MultiLineString", "coordinates": [ [ [ 432942.102000000188127, 716419.761399999260902 ], [ 432941.670600000536069, 716419.384599999873899 ] ] ] } },
{ "type": "Feature", "properties": { "LEFT_FID": 18, "RIGHT_FID": 16 }, "geometry": { "type": "MultiLineString", "coordinates": [ [ [ 432943.254127452673856, 716420.832711252733134 ], [ 432942.102000000188127, 716419.761399999260902 ] ] ] } },
{ "type": "Feature", "properties": { "LEFT_FID": 18, "RIGHT_FID": 19 }, "geometry": { "type": "MultiLineString", "coordinates": [ [ [ 432943.254127452673856, 716420.832711252733134 ], [ 432942.102000000188127, 716419.761399999260902 ] ] ] } },
{ "type": "Feature", "properties": { "LEFT_FID": -1, "RIGHT_FID": 18 }, "geometry": { "type": "MultiLineString", "coordinates": [ [ [ 432943.254127452673856, 716420.832711252733134 ], [ 432929.844399999536108, 716407.904300001449883 ], [ 432894.074099999153987, 716380.576700001140125 ], [ 432857.532500000379514, 716353.922499999520369 ], [ 432817.36220000119647, 716322.694900001166388 ], [ 432781.135517349932343, 716296.033546384540386 ] ] ] } },
{ "type": "Feature", "properties": { "LEFT_FID": 19, "RIGHT_FID": 16 }, "geometry": { "type": "MultiLineString", "coordinates": [ [ [ 432941.670600000536069, 716419.384599999873899 ], [ 432943.866339704720303, 716421.422949330415577 ] ] ] } },
{ "type": "Feature", "properties": { "LEFT_FID": 19, "RIGHT_FID": 19 }, "geometry": { "type": "MultiLineString", "coordinates": [ [ [ 432941.670600000536069, 716419.384599999873899 ], [ 432943.866339704720303, 716421.422949330415577 ] ] ] } },
{ "type": "Feature", "properties": { "LEFT_FID": -1, "RIGHT_FID": 16 }, "geometry": { "type": "MultiLineString", "coordinates": [ [ [ 432943.866339704720303, 716421.422949330415577 ], [ 432943.254127452673856, 716420.832711252733134 ] ] ] } },
{ "type": "Feature", "properties": { "LEFT_FID": -1, "RIGHT_FID": 19 }, "geometry": { "type": "MultiLineString", "coordinates": [ [ [ 432943.866339704720303, 716421.422949330415577 ], [ 432943.254127452673856, 716420.832711252733134 ] ] ] } },
{ "type": "Feature", "properties": { "LEFT_FID": -1, "RIGHT_FID": 19 }, "geometry": { "type": "MultiLineString", "coordinates": [ [ [ 432996.490399998554494, 716470.334600000758655 ], [ 432986.779476948431693, 716461.304880240932107 ], [ 432986.770846884232014, 716461.296949577634223 ], [ 432960.80860000057146, 716437.75709999888204 ], [ 432943.866339704720303, 716421.422949330415577 ] ] ] } },
{ "type": "Feature", "properties": { "LEFT_FID": -1, "RIGHT_FID": 18 }, "geometry": { "type": "MultiLineString", "coordinates": [ [ [ 432989.007480854343157, 716463.328310982557014 ], [ 432995.151699999230914, 716469.032099999603815 ], [ 432996.490399998554494, 716470.334600000758655 ] ] ] } },
{ "type": "Feature", "properties": { "LEFT_FID": 19, "RIGHT_FID": 16 }, "geometry": { "type": "MultiLineString", "coordinates": [ [ [ 432996.490399998554494, 716470.334600000758655 ], [ 433007.61429999943357, 716481.157999999355525 ] ] ] } },
{ "type": "Feature", "properties": { "LEFT_FID": 19, "RIGHT_FID": 19 }, "geometry": { "type": "MultiLineString", "coordinates": [ [ [ 432996.490399998554494, 716470.334600000758655 ], [ 433007.61429999943357, 716481.157999999355525 ] ] ] } },
{ "type": "Feature", "properties": { "LEFT_FID": 18, "RIGHT_FID": 16 }, "geometry": { "type": "MultiLineString", "coordinates": [ [ [ 433007.61429999943357, 716481.157999999355525 ], [ 432998.968500000832137, 716472.638900001067668 ], [ 432996.490399998554494, 716470.334600000758655 ] ] ] } },
{ "type": "Feature", "properties": { "LEFT_FID": 18, "RIGHT_FID": 19 }, "geometry": { "type": "MultiLineString", "coordinates": [ [ [ 433007.61429999943357, 716481.157999999355525 ], [ 432998.968500000832137, 716472.638900001067668 ], [ 432996.490399998554494, 716470.334600000758655 ] ] ] } },
{ "type": "Feature", "properties": { "LEFT_FID": 19, "RIGHT_FID": 16 }, "geometry": { "type": "MultiLineString", "coordinates": [ [ [ 433007.61429999943357, 716481.157999999355525 ], [ 433016.449000000429805, 716490.668099998845719 ] ] ] } },
{ "type": "Feature", "properties": { "LEFT_FID": 19, "RIGHT_FID": 19 }, "geometry": { "type": "MultiLineString", "coordinates": [ [ [ 433007.61429999943357, 716481.157999999355525 ], [ 433016.449000000429805, 716490.668099998845719 ] ] ] } },
{ "type": "Feature", "properties": { "LEFT_FID": 18, "RIGHT_FID": 16 }, "geometry": { "type": "MultiLineString", "coordinates": [ [ [ 433016.449000000429805, 716490.668099998845719 ], [ 433015.84130000078585, 716489.950300000840798 ], [ 433007.61429999943357, 716481.157999999355525 ] ] ] } },
{ "type": "Feature", "properties": { "LEFT_FID": 18, "RIGHT_FID": 19 }, "geometry": { "type": "MultiLineString", "coordinates": [ [ [ 433016.449000000429805, 716490.668099998845719 ], [ 433015.84130000078585, 716489.950300000840798 ], [ 433007.61429999943357, 716481.157999999355525 ] ] ] } },
{ "type": "Feature", "properties": { "LEFT_FID": -1, "RIGHT_FID": 19 }, "geometry": { "type": "MultiLineString", "coordinates": [ [ [ 433018.251400001288857, 716492.796700000646524 ], [ 433016.449000000429805, 716490.668099998845719 ] ] ] } },
{ "type": "Feature", "properties": { "LEFT_FID": -1, "RIGHT_FID": 18 }, "geometry": { "type": "MultiLineString", "coordinates": [ [ [ 433016.449000000429805, 716490.668099998845719 ], [ 433016.978499999677297, 716491.238000000012107 ], [ 433018.251400001288857, 716492.796700000646524 ] ] ] } },
{ "type": "Feature", "properties": { "LEFT_FID": 18, "RIGHT_FID": 16 }, "geometry": { "type": "MultiLineString", "coordinates": [ [ [ 433022.508699999307282, 716497.824799998779781 ], [ 433018.251400001288857, 716492.796700000646524 ] ] ] } },
{ "type": "Feature", "properties": { "LEFT_FID": 18, "RIGHT_FID": 19 }, "geometry": { "type": "MultiLineString", "coordinates": [ [ [ 433022.508699999307282, 716497.824799998779781 ], [ 433018.251400001288857, 716492.796700000646524 ] ] ] } },
{ "type": "Feature", "properties": { "LEFT_FID": 19, "RIGHT_FID": 16 }, "geometry": { "type": "MultiLineString", "coordinates": [ [ [ 433018.251400001288857, 716492.796700000646524 ], [ 433024.393100000394043, 716500.317900000605732 ] ] ] } },
{ "type": "Feature", "properties": { "LEFT_FID": 19, "RIGHT_FID": 19 }, "geometry": { "type": "MultiLineString", "coordinates": [ [ [ 433018.251400001288857, 716492.796700000646524 ], [ 433024.393100000394043, 716500.317900000605732 ] ] ] } },
{ "type": "Feature", "properties": { "LEFT_FID": 18, "RIGHT_FID": 16 }, "geometry": { "type": "MultiLineString", "coordinates": [ [ [ 433024.393100000394043, 716500.317900000605732 ], [ 433022.508699999307282, 716497.824799998779781 ] ] ] } },
{ "type": "Feature", "properties": { "LEFT_FID": 18, "RIGHT_FID": 19 }, "geometry": { "type": "MultiLineString", "coordinates": [ [ [ 433024.393100000394043, 716500.317900000605732 ], [ 433022.508699999307282, 716497.824799998779781 ] ] ] } },
{ "type": "Feature", "properties": { "LEFT_FID": -1, "RIGHT_FID": 19 }, "geometry": { "type": "MultiLineString", "coordinates": [ [ [ 433026.925300000177231, 716503.668099998612888 ], [ 433024.393100000394043, 716500.317900000605732 ] ] ] } },
{ "type": "Feature", "properties": { "LEFT_FID": -1, "RIGHT_FID": 18 }, "geometry": { "type": "MultiLineString", "coordinates": [ [ [ 433024.393100000394043, 716500.317900000605732 ], [ 433025.695300000777934, 716501.912599999690428 ], [ 433026.925300000177231, 716503.668099998612888 ] ] ] } },
{ "type": "Feature", "properties": { "LEFT_FID": 18, "RIGHT_FID": 16 }, "geometry": { "type": "MultiLineString", "coordinates": [ [ [ 433028.776600000390317, 716506.117400000337511 ], [ 433026.925300000177231, 716503.668099998612888 ] ] ] } },
{ "type": "Feature", "properties": { "LEFT_FID": 18, "RIGHT_FID": 19 }, "geometry": { "type": "MultiLineString", "coordinates": [ [ [ 433028.776600000390317, 716506.117400000337511 ], [ 433026.925300000177231, 716503.668099998612888 ] ] ] } },
{ "type": "Feature", "properties": { "LEFT_FID": 19, "RIGHT_FID": 16 }, "geometry": { "type": "MultiLineString", "coordinates": [ [ [ 433026.925300000177231, 716503.668099998612888 ], [ 433031.663000000407919, 716510.429799999110401 ] ] ] } },
{ "type": "Feature", "properties": { "LEFT_FID": 19, "RIGHT_FID": 19 }, "geometry": { "type": "MultiLineString", "coordinates": [ [ [ 433026.925300000177231, 716503.668099998612888 ], [ 433031.663000000407919, 716510.429799999110401 ] ] ] } },
{ "type": "Feature", "properties": { "LEFT_FID": 18, "RIGHT_FID": 16 }, "geometry": { "type": "MultiLineString", "coordinates": [ [ [ 433031.663000000407919, 716510.429799999110401 ], [ 433028.776600000390317, 716506.117400000337511 ] ] ] } },
{ "type": "Feature", "properties": { "LEFT_FID": 18, "RIGHT_FID": 19 }, "geometry": { "type": "MultiLineString", "coordinates": [ [ [ 433031.663000000407919, 716510.429799999110401 ], [ 433028.776600000390317, 716506.117400000337511 ] ] ] } },
{ "type": "Feature", "properties": { "LEFT_FID": -1, "RIGHT_FID": 19 }, "geometry": { "type": "MultiLineString", "coordinates": [ [ [ 433033.16089999943506, 716512.667700000223704 ], [ 433031.663000000407919, 716510.429799999110401 ] ] ] } },
{ "type": "Feature", "properties": { "LEFT_FID": -1, "RIGHT_FID": 18 }, "geometry": { "type": "MultiLineString", "coordinates": [ [ [ 433031.663000000407919, 716510.429799999110401 ], [ 433032.712399999494664, 716511.927500000572763 ], [ 433033.16089999943506, 716512.667700000223704 ] ] ] } },
{ "type": "Feature", "properties": { "LEFT_FID": 18, "RIGHT_FID": 16 }, "geometry": { "type": "MultiLineString", "coordinates": [ [ [ 433033.664100000692997, 716513.419500001240522 ], [ 433033.16089999943506, 716512.667700000223704 ] ] ] } },
{ "type": "Feature", "properties": { "LEFT_FID": 18, "RIGHT_FID": 19 }, "geometry": { "type": "MultiLineString", "coordinates": [ [ [ 433033.664100000692997, 716513.419500001240522 ], [ 433033.16089999943506, 716512.667700000223704 ] ] ] } },
{ "type": "Feature", "properties": { "LEFT_FID": 18, "RIGHT_FID": 16 }, "geometry": { "type": "MultiLineString", "coordinates": [ [ [ 433035.849907276860904, 716517.073820285964757 ], [ 433033.664100000692997, 716513.419500001240522 ] ] ] } },
{ "type": "Feature", "properties": { "LEFT_FID": 18, "RIGHT_FID": 19 }, "geometry": { "type": "MultiLineString", "coordinates": [ [ [ 433035.849907276860904, 716517.073820285964757 ], [ 433033.664100000692997, 716513.419500001240522 ] ] ] } },
{ "type": "Feature", "properties": { "LEFT_FID": -1, "RIGHT_FID": 18 }, "geometry": { "type": "MultiLineString", "coordinates": [ [ [ 433035.849907276860904, 716517.073820285964757 ], [ 433027.635799999232404, 716502.709300000569783 ], [ 433009.539499999780674, 716481.975099999923259 ], [ 432989.007480854343157, 716463.328310982557014 ] ] ] } },
{ "type": "Feature", "properties": { "LEFT_FID": 19, "RIGHT_FID": 16 }, "geometry": { "type": "MultiLineString", "coordinates": [ [ [ 433033.16089999943506, 716512.667700000223704 ], [ 433036.173816108552273, 716517.640259806765243 ] ] ] } },
{ "type": "Feature", "properties": { "LEFT_FID": 19, "RIGHT_FID": 19 }, "geometry": { "type": "MultiLineString", "coordinates": [ [ [ 433033.16089999943506, 716512.667700000223704 ], [ 433036.173816108552273, 716517.640259806765243 ] ] ] } },
{ "type": "Feature", "properties": { "LEFT_FID": -1, "RIGHT_FID": 16 }, "geometry": { "type": "MultiLineString", "coordinates": [ [ [ 433036.173816108552273, 716517.640259806765243 ], [ 433035.849907276860904, 716517.073820285964757 ] ] ] } },
{ "type": "Feature", "properties": { "LEFT_FID": -1, "RIGHT_FID": 19 }, "geometry": { "type": "MultiLineString", "coordinates": [ [ [ 433036.173816108552273, 716517.640259806765243 ], [ 433035.849907276860904, 716517.073820285964757 ] ] ] } },
{ "type": "Feature", "properties": { "LEFT_FID": -1, "RIGHT_FID": 19 }, "geometry": { "type": "MultiLineString", "coordinates": [ [ [ 433038.109442194865551, 716521.026185070862994 ], [ 433038.096058976778295, 716521.001805464737117 ], [ 433036.173816108552273, 716517.640259806765243 ] ] ] } },
{ "type": "Feature", "properties": { "LEFT_FID": -1, "RIGHT_FID": 18 }, "geometry": { "type": "MultiLineString", "coordinates": [ [ [ 433038.109442194865551, 716521.026185070862994 ], [ 433042.516440018487629, 716529.383818981936201 ], [ 433040.7437, 716525.631899999105372 ], [ 433038.109442194865551, 716521.026185070862994 ] ] ] } },
{ "type": "Feature", "properties": { "LEFT_FID": -1, "RIGHT_FID": 19 }, "geometry": { "type": "MultiLineString", "coordinates": [ [ [ 433097.285933332110289, 716592.759766666102223 ], [ 433089.175461195874959, 716587.81210091849789 ], [ 433082.876199999009259, 716584.551799999782816 ], [ 433072.884999999194406, 716576.387200000230223 ], [ 433060.193200000037905, 716563.957900000619702 ], [ 433053.284500000590924, 716552.173900001682341 ], [ 433042.580638364248443, 716529.519691689289175 ], [ 433038.109442194865551, 716521.026185070862994 ] ] ] } },
{ "type": "Feature", "properties": { "LEFT_FID": -1, "RIGHT_FID": 18 }, "geometry": { "type": "MultiLineString", "coordinates": [ [ [ 433090.535964034788776, 716588.516254712012596 ], [ 433097.285933332110289, 716592.759766666102223 ] ] ] } },
{ "type": "Feature", "properties": { "LEFT_FID": 18, "RIGHT_FID": 16 }, "geometry": { "type": "MultiLineString", "coordinates": [ [ [ 433104.412500000617001, 716597.107200000435114 ], [ 433097.285933332110289, 716592.759766666102223 ] ] ] } },
{ "type": "Feature", "properties": { "LEFT_FID": 18, "RIGHT_FID": 19 }, "geometry": { "type": "MultiLineString", "coordinates": [ [ [ 433104.412500000617001, 716597.107200000435114 ], [ 433097.285933332110289, 716592.759766666102223 ] ] ] } },
{ "type": "Feature", "properties": { "LEFT_FID": 19, "RIGHT_FID": 16 }, "geometry": { "type": "MultiLineString", "coordinates": [ [ [ 433097.285933332110289, 716592.759766666102223 ], [ 433106.724800000083633, 716598.693600001744926 ] ] ] } },
{ "type": "Feature", "properties": { "LEFT_FID": 19, "RIGHT_FID": 19 }, "geometry": { "type": "MultiLineString", "coordinates": [ [ [ 433097.285933332110289, 716592.759766666102223 ], [ 433106.724800000083633, 716598.693600001744926 ] ] ] } },
{ "type": "Feature", "properties": { "LEFT_FID": 18, "RIGHT_FID": 16 }, "geometry": { "type": "MultiLineString", "coordinates": [ [ [ 433106.724800000083633, 716598.693600001744926 ], [ 433104.412500000617001, 716597.107200000435114 ] ] ] } },
{ "type": "Feature", "properties": { "LEFT_FID": 18, "RIGHT_FID": 19 }, "geometry": { "type": "MultiLineString", "coordinates": [ [ [ 433106.724800000083633, 716598.693600001744926 ], [ 433104.412500000617001, 716597.107200000435114 ] ] ] } },
{ "type": "Feature", "properties": { "LEFT_FID": -1, "RIGHT_FID": 19 }, "geometry": { "type": "MultiLineString", "coordinates": [ [ [ 433117.375000000465661, 716606.000600000028498 ], [ 433106.724800000083633, 716598.693600001744926 ] ] ] } },
{ "type": "Feature", "properties": { "LEFT_FID": -1, "RIGHT_FID": 18 }, "geometry": { "type": "MultiLineString", "coordinates": [ [ [ 433106.724800000083633, 716598.693600001744926 ], [ 433108.802799999015406, 716599.999999999301508 ], [ 433117.375000000465661, 716606.000600000028498 ] ] ] } },
{ "type": "Feature", "properties": { "LEFT_FID": -1, "RIGHT_FID": 19 }, "geometry": { "type": "MultiLineString", "coordinates": [ [ [ 433128.240399999078363, 716614.512100000865757 ], [ 433117.375000000465661, 716606.000600000028498 ] ] ] } },
{ "type": "Feature", "properties": { "LEFT_FID": -1, "RIGHT_FID": 18 }, "geometry": { "type": "MultiLineString", "coordinates": [ [ [ 433117.375000000465661, 716606.000600000028498 ], [ 433125.651300000725314, 716612.329800000996329 ], [ 433128.240399999078363, 716614.512100000865757 ] ] ] } },
{ "type": "Feature", "properties": { "LEFT_FID": 18, "RIGHT_FID": 16 }, "geometry": { "type": "MultiLineString", "coordinates": [ [ [ 433129.671800000127405, 716615.633400000166148 ], [ 433128.240399999078363, 716614.512100000865757 ] ] ] } },
{ "type": "Feature", "properties": { "LEFT_FID": 18, "RIGHT_FID": 19 }, "geometry": { "type": "MultiLineString", "coordinates": [ [ [ 433129.671800000127405, 716615.633400000166148 ], [ 433128.240399999078363, 716614.512100000865757 ] ] ] } },
{ "type": "Feature", "properties": { "LEFT_FID": 19, "RIGHT_FID": 16 }, "geometry": { "type": "MultiLineString", "coordinates": [ [ [ 433128.240399999078363, 716614.512100000865757 ], [ 433130.901599999691825, 716616.755200000014156 ] ] ] } },
{ "type": "Feature", "properties": { "LEFT_FID": 19, "RIGHT_FID": 19 }, "geometry": { "type": "MultiLineString", "coordinates": [ [ [ 433128.240399999078363, 716614.512100000865757 ], [ 433130.901599999691825, 716616.755200000014156 ] ] ] } },
{ "type": "Feature", "properties": { "LEFT_FID": 18, "RIGHT_FID": 16 }, "geometry": { "type": "MultiLineString", "coordinates": [ [ [ 433130.901599999691825, 716616.755200000014156 ], [ 433129.671800000127405, 716615.633400000166148 ] ] ] } },
{ "type": "Feature", "properties": { "LEFT_FID": 18, "RIGHT_FID": 19 }, "geometry": { "type": "MultiLineString", "coordinates": [ [ [ 433130.901599999691825, 716616.755200000014156 ], [ 433129.671800000127405, 716615.633400000166148 ] ] ] } },
{ "type": "Feature", "properties": { "LEFT_FID": -1, "RIGHT_FID": 19 }, "geometry": { "type": "MultiLineString", "coordinates": [ [ [ 433141.229899999452755, 716626.176200000103563 ], [ 433130.901599999691825, 716616.755200000014156 ] ] ] } },
{ "type": "Feature", "properties": { "LEFT_FID": -1, "RIGHT_FID": 18 }, "geometry": { "type": "MultiLineString", "coordinates": [ [ [ 433130.901599999691825, 716616.755200000014156 ], [ 433133.610200000461191, 716619.038200000766665 ], [ 433141.229899999452755, 716626.176200000103563 ] ] ] } },
{ "type": "Feature", "properties": { "LEFT_FID": -1, "RIGHT_FID": 19 }, "geometry": { "type": "MultiLineString", "coordinates": [ [ [ 433149.9986999995308, 716635.564999999362044 ], [ 433141.229899999452755, 716626.176200000103563 ] ] ] } },
{ "type": "Feature", "properties": { "LEFT_FID": -1, "RIGHT_FID": 18 }, "geometry": { "type": "MultiLineString", "coordinates": [ [ [ 433141.229899999452755, 716626.176200000103563 ], [ 433148.488799999526236, 716633.79450000077486 ], [ 433149.9986999995308, 716635.564999999362044 ] ] ] } },
{ "type": "Feature", "properties": { "LEFT_FID": 18, "RIGHT_FID": 16 }, "geometry": { "type": "MultiLineString", "coordinates": [ [ [ 433150.10516378027387, 716635.678991913096979 ], [ 433149.9986999995308, 716635.564999999362044 ] ] ] } },
{ "type": "Feature", "properties": { "LEFT_FID": 18, "RIGHT_FID": 19 }, "geometry": { "type": "MultiLineString", "coordinates": [ [ [ 433150.10516378027387, 716635.678991913096979 ], [ 433149.9986999995308, 716635.564999999362044 ] ] ] } },
{ "type": "Feature", "properties": { "LEFT_FID": -1, "RIGHT_FID": 18 }, "geometry": { "type": "MultiLineString", "coordinates": [ [ [ 433150.10516378027387, 716635.678991913096979 ], [ 433140.322599999781232, 716624.112299998523667 ], [ 433120.183599999581929, 716607.698899999726564 ], [ 433099.843799999216571, 716593.333699998329394 ], [ 433090.535964034788776, 716588.516254712012596 ] ] ] } },
{ "type": "Feature", "properties": { "LEFT_FID": 19, "RIGHT_FID": 16 }, "geometry": { "type": "MultiLineString", "coordinates": [ [ [ 433149.9986999995308, 716635.564999999362044 ], [ 433151.211946211347822, 716636.98762753047049 ] ] ] } },
{ "type": "Feature", "properties": { "LEFT_FID": 19, "RIGHT_FID": 19 }, "geometry": { "type": "MultiLineString", "coordinates": [ [ [ 433149.9986999995308, 716635.564999999362044 ], [ 433151.211946211347822, 716636.98762753047049 ] ] ] } },
{ "type": "Feature", "properties": { "LEFT_FID": -1, "RIGHT_FID": 16 }, "geometry": { "type": "MultiLineString", "coordinates": [ [ [ 433151.211946211347822, 716636.98762753047049 ], [ 433150.10516378027387, 716635.678991913096979 ] ] ] } },
{ "type": "Feature", "properties": { "LEFT_FID": -1, "RIGHT_FID": 19 }, "geometry": { "type": "MultiLineString", "coordinates": [ [ [ 433151.211946211347822, 716636.98762753047049 ], [ 433150.10516378027387, 716635.678991913096979 ] ] ] } },
{ "type": "Feature", "properties": { "LEFT_FID": -1, "RIGHT_FID": 18 }, "geometry": { "type": "MultiLineString", "coordinates": [ [ [ 433154.498304430628195, 716640.873346437350847 ], [ 433157.523019311018288, 716644.806566304294392 ], [ 433155.722999999707099, 716642.321400000713766 ], [ 433154.498304430628195, 716640.873346437350847 ] ] ] } },
{ "type": "Feature", "properties": { "LEFT_FID": -1, "RIGHT_FID": 18 }, "geometry": { "type": "MultiLineString", "coordinates": [ [ [ 433251.653007458487991, 716786.638252715812996 ], [ 433253.464400000229944, 716789.910199998994358 ], [ 433264.057602045708336, 716810.415137338219211 ], [ 433253.297300000151154, 716789.228399999439716 ], [ 433251.653007458487991, 716786.638252715812996 ] ] ] } },
{ "type": "Feature", "properties": { "LEFT_FID": -1, "RIGHT_FID": 19 }, "geometry": { "type": "MultiLineString", "coordinates": [ [ [ 433287.673116852296516, 716845.760196169838309 ], [ 433285.783932115300559, 716843.600653397967108 ], [ 433274.026600001147017, 716830.977299998397939 ], [ 433267.603899999463465, 716817.39770000136923 ], [ 433266.410740961437114, 716815.048402830725536 ], [ 433251.496165073418524, 716786.391189092537388 ], [ 433235.770899999653921, 716761.620200000470504 ], [ 433214.324500000919215, 716725.342399998567998 ], [ 433190.4328000000678, 716690.242900000070222 ], [ 433157.984338898269925, 716645.443479411071166 ], [ 433151.913035547942854, 716637.816580404294655 ], [ 433151.211946211347822, 716636.98762753047049 ] ] ] } },
{ "type": "Feature", "properties": { "LEFT_FID": -1, "RIGHT_FID": 18 }, "geometry": { "type": "MultiLineString", "coordinates": [ [ [ 433285.993550464394502, 716843.825711808633059 ], [ 433287.673116852296516, 716845.760196169838309 ] ] ] } },
{ "type": "Feature", "properties": { "LEFT_FID": 19, "RIGHT_FID": 18 }, "geometry": { "type": "MultiLineString", "coordinates": [ [ [ 433287.673116852296516, 716845.760196169838309 ], [ 433287.685100001050159, 716845.774000000441447 ] ] ] } },
{ "type": "Feature", "properties": { "LEFT_FID": 18, "RIGHT_FID": 16 }, "geometry": { "type": "MultiLineString", "coordinates": [ [ [ 433290.580799999763258, 716849.084000000730157 ], [ 433287.685100001050159, 716845.774000000441447 ] ] ] } },
{ "type": "Feature", "properties": { "LEFT_FID": 18, "RIGHT_FID": 19 }, "geometry": { "type": "MultiLineString", "coordinates": [ [ [ 433290.580799999763258, 716849.084000000730157 ], [ 433287.685100001050159, 716845.774000000441447 ] ] ] } },
{ "type": "Feature", "properties": { "LEFT_FID": 19, "RIGHT_FID": 16 }, "geometry": { "type": "MultiLineString", "coordinates": [ [ [ 433287.685100001050159, 716845.774000000441447 ], [ 433290.80279999866616, 716849.364800001378171 ] ] ] } },
{ "type": "Feature", "properties": { "LEFT_FID": 19, "RIGHT_FID": 19 }, "geometry": { "type": "MultiLineString", "coordinates": [ [ [ 433287.685100001050159, 716845.774000000441447 ], [ 433290.80279999866616, 716849.364800001378171 ] ] ] } },
{ "type": "Feature", "properties": { "LEFT_FID": 18, "RIGHT_FID": 16 }, "geometry": { "type": "MultiLineString", "coordinates": [ [ [ 433290.80279999866616, 716849.364800001378171 ], [ 433290.580799999763258, 716849.084000000730157 ] ] ] } },
{ "type": "Feature", "properties": { "LEFT_FID": 18, "RIGHT_FID": 19 }, "geometry": { "type": "MultiLineString", "coordinates": [ [ [ 433290.80279999866616, 716849.364800001378171 ], [ 433290.580799999763258, 716849.084000000730157 ] ] ] } },
{ "type": "Feature", "properties": { "LEFT_FID": -1, "RIGHT_FID": 19 }, "geometry": { "type": "MultiLineString", "coordinates": [ [ [ 433293.090000000898726, 716852.257400000467896 ], [ 433290.80279999866616, 716849.364800001378171 ] ] ] } },
{ "type": "Feature", "properties": { "LEFT_FID": -1, "RIGHT_FID": 18 }, "geometry": { "type": "MultiLineString", "coordinates": [ [ [ 433290.80279999866616, 716849.364800001378171 ], [ 433291.126600000308827, 716849.73769999993965 ], [ 433293.090000000898726, 716852.257400000467896 ] ] ] } },
{ "type": "Feature", "properties": { "LEFT_FID": 18, "RIGHT_FID": 16 }, "geometry": { "type": "MultiLineString", "coordinates": [ [ [ 433296.886499999382067, 716857.0588 ], [ 433293.090000000898726, 716852.257400000467896 ] ] ] } },
{ "type": "Feature", "properties": { "LEFT_FID": 18, "RIGHT_FID": 19 }, "geometry": { "type": "MultiLineString", "coordinates": [ [ [ 433296.886499999382067, 716857.0588 ], [ 433293.090000000898726, 716852.257400000467896 ] ] ] } },
{ "type": "Feature", "properties": { "LEFT_FID": 19, "RIGHT_FID": 16 }, "geometry": { "type": "MultiLineString", "coordinates": [ [ [ 433293.090000000898726, 716852.257400000467896 ], [ 433297.389599999645725, 716857.775300000677817 ] ] ] } },
{ "type": "Feature", "properties": { "LEFT_FID": 19, "RIGHT_FID": 19 }, "geometry": { "type": "MultiLineString", "coordinates": [ [ [ 433293.090000000898726, 716852.257400000467896 ], [ 433297.389599999645725, 716857.775300000677817 ] ] ] } },
{ "type": "Feature", "properties": { "LEFT_FID": 18, "RIGHT_FID": 16 }, "geometry": { "type": "MultiLineString", "coordinates": [ [ [ 433297.389599999645725, 716857.775300000677817 ], [ 433296.886499999382067, 716857.0588 ] ] ] } },
{ "type": "Feature", "properties": { "LEFT_FID": 18, "RIGHT_FID": 19 }, "geometry": { "type": "MultiLineString", "coordinates": [ [ [ 433297.389599999645725, 716857.775300000677817 ], [ 433296.886499999382067, 716857.0588 ] ] ] } },
{ "type": "Feature", "properties": { "LEFT_FID": -1, "RIGHT_FID": 19 }, "geometry": { "type": "MultiLineString", "coordinates": [ [ [ 433299.7149000010686, 716861.086600000504404 ], [ 433297.389599999645725, 716857.775300000677817 ] ] ] } },
{ "type": "Feature", "properties": { "LEFT_FID": -1, "RIGHT_FID": 18 }, "geometry": { "type": "MultiLineString", "coordinates": [ [ [ 433297.389599999645725, 716857.775300000677817 ], [ 433297.889600000286009, 716858.416900000185706 ], [ 433299.7149000010686, 716861.086600000504404 ] ] ] } },
{ "type": "Feature", "properties": { "LEFT_FID": 18, "RIGHT_FID": 16 }, "geometry": { "type": "MultiLineString", "coordinates": [ [ [ 433303.199599998886697, 716866.048799999873154 ], [ 433299.7149000010686, 716861.086600000504404 ] ] ] } },
{ "type": "Feature", "properties": { "LEFT_FID": 18, "RIGHT_FID": 19 }, "geometry": { "type": "MultiLineString", "coordinates": [ [ [ 433303.199599998886697, 716866.048799999873154 ], [ 433299.7149000010686, 716861.086600000504404 ] ] ] } },
{ "type": "Feature", "properties": { "LEFT_FID": 19, "RIGHT_FID": 16 }, "geometry": { "type": "MultiLineString", "coordinates": [ [ [ 433299.7149000010686, 716861.086600000504404 ], [ 433304.2427, 716867.708799998392351 ] ] ] } },
{ "type": "Feature", "properties": { "LEFT_FID": 19, "RIGHT_FID": 19 }, "geometry": { "type": "MultiLineString", "coordinates": [ [ [ 433299.7149000010686, 716861.086600000504404 ], [ 433304.2427, 716867.708799998392351 ] ] ] } },
{ "type": "Feature", "properties": { "LEFT_FID": 18, "RIGHT_FID": 16 }, "geometry": { "type": "MultiLineString", "coordinates": [ [ [ 433304.2427, 716867.708799998392351 ], [ 433303.199599998886697, 716866.048799999873154 ] ] ] } },
{ "type": "Feature", "properties": { "LEFT_FID": 18, "RIGHT_FID": 19 }, "geometry": { "type": "MultiLineString", "coordinates": [ [ [ 433304.2427, 716867.708799998392351 ], [ 433303.199599998886697, 716866.048799999873154 ] ] ] } },
{ "type": "Feature", "properties": { "LEFT_FID": -1, "RIGHT_FID": 19 }, "geometry": { "type": "MultiLineString", "coordinates": [ [ [ 433306.762800000025891, 716871.719399999827147 ], [ 433304.2427, 716867.708799998392351 ] ] ] } },
{ "type": "Feature", "properties": { "LEFT_FID": -1, "RIGHT_FID": 18 }, "geometry": { "type": "MultiLineString", "coordinates": [ [ [ 433304.2427, 716867.708799998392351 ], [ 433305.054600000148639, 716868.896299999440089 ], [ 433306.762800000025891, 716871.719399999827147 ] ] ] } },
{ "type": "Feature", "properties": { "LEFT_FID": 18, "RIGHT_FID": 16 }, "geometry": { "type": "MultiLineString", "coordinates": [ [ [ 433309.110299998952542, 716875.455399999627843 ], [ 433306.762800000025891, 716871.719399999827147 ] ] ] } },
{ "type": "Feature", "properties": { "LEFT_FID": 18, "RIGHT_FID": 19 }, "geometry": { "type": "MultiLineString", "coordinates": [ [ [ 433309.110299998952542, 716875.455399999627843 ], [ 433306.762800000025891, 716871.719399999827147 ] ] ] } },
{ "type": "Feature", "properties": { "LEFT_FID": 19, "RIGHT_FID": 16 }, "geometry": { "type": "MultiLineString", "coordinates": [ [ [ 433306.762800000025891, 716871.719399999827147 ], [ 433310.525299999921117, 716877.937899998854846 ] ] ] } },
{ "type": "Feature", "properties": { "LEFT_FID": 19, "RIGHT_FID": 19 }, "geometry": { "type": "MultiLineString", "coordinates": [ [ [ 433306.762800000025891, 716871.719399999827147 ], [ 433310.525299999921117, 716877.937899998854846 ] ] ] } },
{ "type": "Feature", "properties": { "LEFT_FID": 18, "RIGHT_FID": 16 }, "geometry": { "type": "MultiLineString", "coordinates": [ [ [ 433310.525299999921117, 716877.937899998854846 ], [ 433309.110299998952542, 716875.455399999627843 ] ] ] } },
{ "type": "Feature", "properties": { "LEFT_FID": 18, "RIGHT_FID": 19 }, "geometry": { "type": "MultiLineString", "coordinates": [ [ [ 433310.525299999921117, 716877.937899998854846 ], [ 433309.110299998952542, 716875.455399999627843 ] ] ] } },
{ "type": "Feature", "properties": { "LEFT_FID": -1, "RIGHT_FID": 18 }, "geometry": { "type": "MultiLineString", "coordinates": [ [ [ 433310.525299999921117, 716877.937899998854846 ], [ 433311.817934879683889, 716880.07437996531371 ], [ 433303.676100000331644, 716866.104800000670366 ], [ 433292.720700000121724, 716850.953999999328516 ], [ 433287.066599998972379, 716844.9778 ], [ 433285.993550464394502, 716843.825711808633059 ] ] ] } },
{ "type": "Feature", "properties": { "LEFT_FID": -1, "RIGHT_FID": 19 }, "geometry": { "type": "MultiLineString", "coordinates": [ [ [ 433314.2758999998332, 716884.518199999933131 ], [ 433310.525299999921117, 716877.937899998854846 ] ] ] } },
{ "type": "Feature", "properties": { "LEFT_FID": -1, "RIGHT_FID": 18 }, "geometry": { "type": "MultiLineString", "coordinates": [ [ [ 433311.884634728718083, 716880.188822088879533 ], [ 433314.2758999998332, 716884.518199999933131 ] ] ] } },
{ "type": "Feature", "properties": { "LEFT_FID": 18, "RIGHT_FID": 16 }, "geometry": { "type": "MultiLineString", "coordinates": [ [ [ 433316.187599999946542, 716887.872199999983422 ], [ 433314.2758999998332, 716884.518199999933131 ] ] ] } },
{ "type": "Feature", "properties": { "LEFT_FID": 18, "RIGHT_FID": 19 }, "geometry": { "type": "MultiLineString", "coordinates": [ [ [ 433316.187599999946542, 716887.872199999983422 ], [ 433314.2758999998332, 716884.518199999933131 ] ] ] } },
{ "type": "Feature", "properties": { "LEFT_FID": 19, "RIGHT_FID": 16 }, "geometry": { "type": "MultiLineString", "coordinates": [ [ [ 433314.2758999998332, 716884.518199999933131 ], [ 433316.821000000578351, 716889.126100000343286 ] ] ] } },
{ "type": "Feature", "properties": { "LEFT_FID": 19, "RIGHT_FID": 19 }, "geometry": { "type": "MultiLineString", "coordinates": [ [ [ 433314.2758999998332, 716884.518199999933131 ], [ 433316.821000000578351, 716889.126100000343286 ] ] ] } },
{ "type": "Feature", "properties": { "LEFT_FID": 18, "RIGHT_FID": 16 }, "geometry": { "type": "MultiLineString", "coordinates": [ [ [ 433316.821000000578351, 716889.126100000343286 ], [ 433316.187599999946542, 716887.872199999983422 ] ] ] } },
{ "type": "Feature", "properties": { "LEFT_FID": 18, "RIGHT_FID": 19 }, "geometry": { "type": "MultiLineString", "coordinates": [ [ [ 433316.821000000578351, 716889.126100000343286 ], [ 433316.187599999946542, 716887.872199999983422 ] ] ] } },
{ "type": "Feature", "properties": { "LEFT_FID": -1, "RIGHT_FID": 19 }, "geometry": { "type": "MultiLineString", "coordinates": [ [ [ 433320.607666666212026, 716896.62209999980405 ], [ 433316.821000000578351, 716889.126100000343286 ] ] ] } },
{ "type": "Feature", "properties": { "LEFT_FID": -1, "RIGHT_FID": 18 }, "geometry": { "type": "MultiLineString", "coordinates": [ [ [ 433316.821000000578351, 716889.126100000343286 ], [ 433317.789200000581332, 716890.879000000306405 ], [ 433320.607666666212026, 716896.62209999980405 ] ] ] } },
{ "type": "Feature", "properties": { "LEFT_FID": 18, "RIGHT_FID": 16 }, "geometry": { "type": "MultiLineString", "coordinates": [ [ [ 433322.162600000679959, 716899.70029999979306 ], [ 433320.607666666212026, 716896.62209999980405 ] ] ] } },
{ "type": "Feature", "properties": { "LEFT_FID": 18, "RIGHT_FID": 19 }, "geometry": { "type": "MultiLineString", "coordinates": [ [ [ 433322.162600000679959, 716899.70029999979306 ], [ 433320.607666666212026, 716896.62209999980405 ] ] ] } },
{ "type": "Feature", "properties": { "LEFT_FID": 19, "RIGHT_FID": 16 }, "geometry": { "type": "MultiLineString", "coordinates": [ [ [ 433320.607666666212026, 716896.62209999980405 ], [ 433322.429299999610521, 716900.334099999978207 ] ] ] } },
{ "type": "Feature", "properties": { "LEFT_FID": 19, "RIGHT_FID": 19 }, "geometry": { "type": "MultiLineString", "coordinates": [ [ [ 433320.607666666212026, 716896.62209999980405 ], [ 433322.429299999610521, 716900.334099999978207 ] ] ] } },
{ "type": "Feature", "properties": { "LEFT_FID": 18, "RIGHT_FID": 16 }, "geometry": { "type": "MultiLineString", "coordinates": [ [ [ 433322.429299999610521, 716900.334099999978207 ], [ 433322.162600000679959, 716899.70029999979306 ] ] ] } },
{ "type": "Feature", "properties": { "LEFT_FID": 18, "RIGHT_FID": 19 }, "geometry": { "type": "MultiLineString", "coordinates": [ [ [ 433322.429299999610521, 716900.334099999978207 ], [ 433322.162600000679959, 716899.70029999979306 ] ] ] } },
{ "type": "Feature", "properties": { "LEFT_FID": -1, "RIGHT_FID": 19 }, "geometry": { "type": "MultiLineString", "coordinates": [ [ [ 433326.771399998862762, 716910.652200000942685 ], [ 433322.429299999610521, 716900.334099999978207 ] ] ] } },
{ "type": "Feature", "properties": { "LEFT_FID": -1, "RIGHT_FID": 18 }, "geometry": { "type": "MultiLineString", "coordinates": [ [ [ 433322.429299999610521, 716900.334099999978207 ], [ 433322.830199999734759, 716901.151000000652857 ], [ 433326.480700000247452, 716909.821900001028553 ], [ 433326.771399998862762, 716910.652200000942685 ] ] ] } },
{ "type": "Feature", "properties": { "LEFT_FID": 18, "RIGHT_FID": 16 }, "geometry": { "type": "MultiLineString", "coordinates": [ [ [ 433327.031299999391194, 716911.269899999606423 ], [ 433326.771399998862762, 716910.652200000942685 ] ] ] } },
{ "type": "Feature", "properties": { "LEFT_FID": 18, "RIGHT_FID": 19 }, "geometry": { "type": "MultiLineString", "coordinates": [ [ [ 433327.031299999391194, 716911.269899999606423 ], [ 433326.771399998862762, 716910.652200000942685 ] ] ] } },
{ "type": "Feature", "properties": { "LEFT_FID": 19, "RIGHT_FID": 16 }, "geometry": { "type": "MultiLineString", "coordinates": [ [ [ 433326.771399998862762, 716910.652200000942685 ], [ 433327.828799999319017, 716913.672799999942072 ] ] ] } },
{ "type": "Feature", "properties": { "LEFT_FID": 19, "RIGHT_FID": 19 }, "geometry": { "type": "MultiLineString", "coordinates": [ [ [ 433326.771399998862762, 716910.652200000942685 ], [ 433327.828799999319017, 716913.672799999942072 ] ] ] } },
{ "type": "Feature", "properties": { "LEFT_FID": 18, "RIGHT_FID": 16 }, "geometry": { "type": "MultiLineString", "coordinates": [ [ [ 433327.828799999319017, 716913.672799999942072 ], [ 433327.031299999391194, 716911.269899999606423 ] ] ] } },
{ "type": "Feature", "properties": { "LEFT_FID": 18, "RIGHT_FID": 19 }, "geometry": { "type": "MultiLineString", "coordinates": [ [ [ 433327.828799999319017, 716913.672799999942072 ], [ 433327.031299999391194, 716911.269899999606423 ] ] ] } },
{ "type": "Feature", "properties": { "LEFT_FID": -1, "RIGHT_FID": 19 }, "geometry": { "type": "MultiLineString", "coordinates": [ [ [ 433330.004399999510497, 716920.228100000414997 ], [ 433327.828799999319017, 716913.672799999942072 ] ] ] } },
{ "type": "Feature", "properties": { "LEFT_FID": -1, "RIGHT_FID": 18 }, "geometry": { "type": "MultiLineString", "coordinates": [ [ [ 433327.828799999319017, 716913.672799999942072 ], [ 433329.545799999614246, 716918.577700001304038 ], [ 433330.004399999510497, 716920.228100000414997 ] ] ] } },
{ "type": "Feature", "properties": { "LEFT_FID": 18, "RIGHT_FID": 16 }, "geometry": { "type": "MultiLineString", "coordinates": [ [ [ 433330.442900000547525, 716921.54929999995511 ], [ 433330.004399999510497, 716920.228100000414997 ] ] ] } },
{ "type": "Feature", "properties": { "LEFT_FID": 18, "RIGHT_FID": 19 }, "geometry": { "type": "MultiLineString", "coordinates": [ [ [ 433330.442900000547525, 716921.54929999995511 ], [ 433330.004399999510497, 716920.228100000414997 ] ] ] } },
{ "type": "Feature", "properties": { "LEFT_FID": 19, "RIGHT_FID": 16 }, "geometry": { "type": "MultiLineString", "coordinates": [ [ [ 433330.004399999510497, 716920.228100000414997 ], [ 433331.047000000136904, 716923.980199999641627 ] ] ] } },
{ "type": "Feature", "properties": { "LEFT_FID": 19, "RIGHT_FID": 19 }, "geometry": { "type": "MultiLineString", "coordinates": [ [ [ 433330.004399999510497, 716920.228100000414997 ], [ 433331.047000000136904, 716923.980199999641627 ] ] ] } },
{ "type": "Feature", "properties": { "LEFT_FID": 18, "RIGHT_FID": 16 }, "geometry": { "type": "MultiLineString", "coordinates": [ [ [ 433331.047000000136904, 716923.980199999641627 ], [ 433330.442900000547525, 716921.54929999995511 ] ] ] } },
{ "type": "Feature", "properties": { "LEFT_FID": 18, "RIGHT_FID": 19 }, "geometry": { "type": "MultiLineString", "coordinates": [ [ [ 433331.047000000136904, 716923.980199999641627 ], [ 433330.442900000547525, 716921.54929999995511 ] ] ] } },
{ "type": "Feature", "properties": { "LEFT_FID": -1, "RIGHT_FID": 19 }, "geometry": { "type": "MultiLineString", "coordinates": [ [ [ 433332.622199999575969, 716930.318299999809824 ], [ 433331.047000000136904, 716923.980199999641627 ] ] ] } },
{ "type": "Feature", "properties": { "LEFT_FID": -1, "RIGHT_FID": 18 }, "geometry": { "type": "MultiLineString", "coordinates": [ [ [ 433331.047000000136904, 716923.980199999641627 ], [ 433332.057300001208205, 716927.615800001542084 ], [ 433332.622199999575969, 716930.318299999809824 ] ] ] } },
{ "type": "Feature", "properties": { "LEFT_FID": 18, "RIGHT_FID": 16 }, "geometry": { "type": "MultiLineString", "coordinates": [ [ [ 433333.11529999866616, 716932.302400000742637 ], [ 433332.622199999575969, 716930.318299999809824 ] ] ] } },
{ "type": "Feature", "properties": { "LEFT_FID": 18, "RIGHT_FID": 19 }, "geometry": { "type": "MultiLineString", "coordinates": [ [ [ 433333.11529999866616, 716932.302400000742637 ], [ 433332.622199999575969, 716930.318299999809824 ] ] ] } },
{ "type": "Feature", "properties": { "LEFT_FID": 19, "RIGHT_FID": 16 }, "geometry": { "type": "MultiLineString", "coordinates": [ [ [ 433332.622199999575969, 716930.318299999809824 ], [ 433333.475334424467292, 716934.39787856512703 ] ] ] } },
{ "type": "Feature", "properties": { "LEFT_FID": 19, "RIGHT_FID": 19 }, "geometry": { "type": "MultiLineString", "coordinates": [ [ [ 433332.622199999575969, 716930.318299999809824 ], [ 433333.475334424467292, 716934.39787856512703 ] ] ] } },
{ "type": "Feature", "properties": { "LEFT_FID": 18, "RIGHT_FID": 16 }, "geometry": { "type": "MultiLineString", "coordinates": [ [ [ 433333.475334424467292, 716934.39787856512703 ], [ 433333.11529999866616, 716932.302400000742637 ] ] ] } },
{ "type": "Feature", "properties": { "LEFT_FID": 18, "RIGHT_FID": 19 }, "geometry": { "type": "MultiLineString", "coordinates": [ [ [ 433333.475334424467292, 716934.39787856512703 ], [ 433333.11529999866616, 716932.302400000742637 ] ] ] } },
{ "type": "Feature", "properties": { "LEFT_FID": -1, "RIGHT_FID": 18 }, "geometry": { "type": "MultiLineString", "coordinates": [ [ [ 433333.475334424467292, 716934.39787856512703 ], [ 433333.496000001148786, 716922.976600000401959 ], [ 433327.242899999779183, 716905.104200000874698 ], [ 433314.092599999450613, 716883.977200000197627 ], [ 433311.884634728718083, 716880.188822088879533 ] ] ] } },
{ "type": "Feature", "properties": { "LEFT_FID": -1, "RIGHT_FID": 19 }, "geometry": { "type": "MultiLineString", "coordinates": [ [ [ 433335.961808748543262, 716952.09722145833075 ], [ 433333.469499998900574, 716937.622400000458583 ], [ 433333.475334424467292, 716934.39787856512703 ] ] ] } },
{ "type": "Feature", "properties": { "LEFT_FID": -1, "RIGHT_FID": 16 }, "geometry": { "type": "MultiLineString", "coordinates": [ [ [ 433335.969733853009529, 716952.143248844193295 ], [ 433335.961808748543262, 716952.09722145833075 ] ] ] } },
{ "type": "Feature", "properties": { "LEFT_FID": -1, "RIGHT_FID": 19 }, "geometry": { "type": "MultiLineString", "coordinates": [ [ [ 433335.969733853009529, 716952.143248844193295 ], [ 433335.961808748543262, 716952.09722145833075 ] ] ] } },
{ "type": "Feature", "properties": { "LEFT_FID": 18, "RIGHT_FID": 16 }, "geometry": { "type": "MultiLineString", "coordinates": [ [ [ 433336.2968294028542, 716955.260232468834147 ], [ 433335.969733853009529, 716952.143248844193295 ] ] ] } },
{ "type": "Feature", "properties": { "LEFT_FID": 18, "RIGHT_FID": 19 }, "geometry": { "type": "MultiLineString", "coordinates": [ [ [ 433336.2968294028542, 716955.260232468834147 ], [ 433335.969733853009529, 716952.143248844193295 ] ] ] } },
{ "type": "Feature", "properties": { "LEFT_FID": -1, "RIGHT_FID": 18 }, "geometry": { "type": "MultiLineString", "coordinates": [ [ [ 433336.2968294028542, 716955.260232468834147 ], [ 433336.281100001069717, 716953.951599999447353 ], [ 433335.969733853009529, 716952.143248844193295 ] ] ] } },
{ "type": "Feature", "properties": { "LEFT_FID": 19, "RIGHT_FID": 16 }, "geometry": { "type": "MultiLineString", "coordinates": [ [ [ 433335.961808748543262, 716952.09722145833075 ], [ 433336.30629810562823, 716956.047996104229242 ] ] ] } },
{ "type": "Feature", "properties": { "LEFT_FID": 19, "RIGHT_FID": 19 }, "geometry": { "type": "MultiLineString", "coordinates": [ [ [ 433335.961808748543262, 716952.09722145833075 ], [ 433336.30629810562823, 716956.047996104229242 ] ] ] } },
{ "type": "Feature", "properties": { "LEFT_FID": -1, "RIGHT_FID": 16 }, "geometry": { "type": "MultiLineString", "coordinates": [ [ [ 433336.30629810562823, 716956.047996104229242 ], [ 433336.2968294028542, 716955.260232468834147 ] ] ] } },
{ "type": "Feature", "properties": { "LEFT_FID": -1, "RIGHT_FID": 19 }, "geometry": { "type": "MultiLineString", "coordinates": [ [ [ 433336.30629810562823, 716956.047996104229242 ], [ 433336.2968294028542, 716955.260232468834147 ] ] ] } },
{ "type": "Feature", "properties": { "LEFT_FID": -1, "RIGHT_FID": 19 }, "geometry": { "type": "MultiLineString", "coordinates": [ [ [ 433336.3367000001017, 716964.941900000558235 ], [ 433336.371397439274006, 716961.464037419646047 ], [ 433336.30629810562823, 716956.047996104229242 ] ] ] } },
{ "type": "Feature", "properties": { "LEFT_FID": -1, "RIGHT_FID": 18 }, "geometry": { "type": "MultiLineString", "coordinates": [ [ [ 433336.403881421196274, 716964.166593500063755 ], [ 433336.3367000001017, 716964.941900000558235 ] ] ] } },
{ "type": "Feature", "properties": { "LEFT_FID": 18, "RIGHT_FID": 16 }, "geometry": { "type": "MultiLineString", "coordinates": [ [ [ 433336.331100000243168, 716965.505200000945479 ], [ 433336.3367000001017, 716964.941900000558235 ] ] ] } },
{ "type": "Feature", "properties": { "LEFT_FID": 18, "RIGHT_FID": 19 }, "geometry": { "type": "MultiLineString", "coordinates": [ [ [ 433336.331100000243168, 716965.505200000945479 ], [ 433336.3367000001017, 716964.941900000558235 ] ] ] } },
{ "type": "Feature", "properties": { "LEFT_FID": 19, "RIGHT_FID": 16 }, "geometry": { "type": "MultiLineString", "coordinates": [ [ [ 433336.3367000001017, 716964.941900000558235 ], [ 433336.205800000403542, 716966.452999999048188 ] ] ] } },
{ "type": "Feature", "properties": { "LEFT_FID": 19, "RIGHT_FID": 19 }, "geometry": { "type": "MultiLineString", "coordinates": [ [ [ 433336.3367000001017, 716964.941900000558235 ], [ 433336.205800000403542, 716966.452999999048188 ] ] ] } },
{ "type": "Feature", "properties": { "LEFT_FID": 18, "RIGHT_FID": 16 }, "geometry": { "type": "MultiLineString", "coordinates": [ [ [ 433336.205800000403542, 716966.452999999048188 ], [ 433336.331100000243168, 716965.505200000945479 ] ] ] } },
{ "type": "Feature", "properties": { "LEFT_FID": 18, "RIGHT_FID": 19 }, "geometry": { "type": "MultiLineString", "coordinates": [ [ [ 433336.205800000403542, 716966.452999999048188 ], [ 433336.331100000243168, 716965.505200000945479 ] ] ] } },
{ "type": "Feature", "properties": { "LEFT_FID": -1, "RIGHT_FID": 19 }, "geometry": { "type": "MultiLineString", "coordinates": [ [ [ 433335.560899999341927, 716971.330499998177402 ], [ 433336.205800000403542, 716966.452999999048188 ] ] ] } },
{ "type": "Feature", "properties": { "LEFT_FID": -1, "RIGHT_FID": 18 }, "geometry": { "type": "MultiLineString", "coordinates": [ [ [ 433336.205800000403542, 716966.452999999048188 ], [ 433335.980600000999402, 716969.052399999345653 ], [ 433335.560899999341927, 716971.330499998177402 ] ] ] } },
{ "type": "Feature", "properties": { "LEFT_FID": 18, "RIGHT_FID": 16 }, "geometry": { "type": "MultiLineString", "coordinates": [ [ [ 433335.167600001092069, 716974.305400000535883 ], [ 433335.560899999341927, 716971.330499998177402 ] ] ] } },
{ "type": "Feature", "properties": { "LEFT_FID": 18, "RIGHT_FID": 19 }, "geometry": { "type": "MultiLineString", "coordinates": [ [ [ 433335.167600001092069, 716974.305400000535883 ], [ 433335.560899999341927, 716971.330499998177402 ] ] ] } },
{ "type": "Feature", "properties": { "LEFT_FID": 19, "RIGHT_FID": 16 }, "geometry": { "type": "MultiLineString", "coordinates": [ [ [ 433335.560899999341927, 716971.330499998177402 ], [ 433334.40260000055423, 716977.618300000671297 ] ] ] } },
{ "type": "Feature", "properties": { "LEFT_FID": 19, "RIGHT_FID": 19 }, "geometry": { "type": "MultiLineString", "coordinates": [ [ [ 433335.560899999341927, 716971.330499998177402 ], [ 433334.40260000055423, 716977.618300000671297 ] ] ] } },
{ "type": "Feature", "properties": { "LEFT_FID": 18, "RIGHT_FID": 16 }, "geometry": { "type": "MultiLineString", "coordinates": [ [ [ 433334.40260000055423, 716977.618300000671297 ], [ 433335.167600001092069, 716974.305400000535883 ] ] ] } },
{ "type": "Feature", "properties": { "LEFT_FID": 18, "RIGHT_FID": 19 }, "geometry": { "type": "MultiLineString", "coordinates": [ [ [ 433334.40260000055423, 716977.618300000671297 ], [ 433335.167600001092069, 716974.305400000535883 ] ] ] } },
{ "type": "Feature", "properties": { "LEFT_FID": -1, "RIGHT_FID": 19 }, "geometry": { "type": "MultiLineString", "coordinates": [ [ [ 433333.623300000734162, 716980.992799999192357 ], [ 433334.40260000055423, 716977.618300000671297 ] ] ] } },
{ "type": "Feature", "properties": { "LEFT_FID": -1, "RIGHT_FID": 18 }, "geometry": { "type": "MultiLineString", "coordinates": [ [ [ 433334.40260000055423, 716977.618300000671297 ], [ 433334.057799999951385, 716979.489800000796095 ], [ 433333.623300000734162, 716980.992799999192357 ] ] ] } },
{ "type": "Feature", "properties": { "LEFT_FID": 18, "RIGHT_FID": 16 }, "geometry": { "type": "MultiLineString", "coordinates": [ [ [ 433333.179399999557063, 716982.915099999750964 ], [ 433333.623300000734162, 716980.992799999192357 ] ] ] } },
{ "type": "Feature", "properties": { "LEFT_FID": 18, "RIGHT_FID": 19 }, "geometry": { "type": "MultiLineString", "coordinates": [ [ [ 433333.179399999557063, 716982.915099999750964 ], [ 433333.623300000734162, 716980.992799999192357 ] ] ] } },
{ "type": "Feature", "properties": { "LEFT_FID": 18, "RIGHT_FID": 16 }, "geometry": { "type": "MultiLineString", "coordinates": [ [ [ 433330.951268428936601, 716990.28701160417404 ], [ 433333.179399999557063, 716982.915099999750964 ] ] ] } },
{ "type": "Feature", "properties": { "LEFT_FID": 18, "RIGHT_FID": 19 }, "geometry": { "type": "MultiLineString", "coordinates": [ [ [ 433330.951268428936601, 716990.28701160417404 ], [ 433333.179399999557063, 716982.915099999750964 ] ] ] } },
{ "type": "Feature", "properties": { "LEFT_FID": -1, "RIGHT_FID": 18 }, "geometry": { "type": "MultiLineString", "coordinates": [ [ [ 433330.951268428936601, 716990.28701160417404 ], [ 433334.059099999489263, 716983.720199999283068 ], [ 433336.491199999931268, 716971.431199999060482 ], [ 433336.403881421196274, 716964.166593500063755 ] ] ] } },
{ "type": "Feature", "properties": { "LEFT_FID": 19, "RIGHT_FID": 16 }, "geometry": { "type": "MultiLineString", "coordinates": [ [ [ 433333.623300000734162, 716980.992799999192357 ], [ 433330.913566133764107, 716990.366676110192202 ] ] ] } },
{ "type": "Feature", "properties": { "LEFT_FID": 19, "RIGHT_FID": 19 }, "geometry": { "type": "MultiLineString", "coordinates": [ [ [ 433333.623300000734162, 716980.992799999192357 ], [ 433330.913566133764107, 716990.366676110192202 ] ] ] } },
{ "type": "Feature", "properties": { "LEFT_FID": -1, "RIGHT_FID": 16 }, "geometry": { "type": "MultiLineString", "coordinates": [ [ [ 433330.913566133764107, 716990.366676110192202 ], [ 433330.951268428936601, 716990.28701160417404 ] ] ] } },
{ "type": "Feature", "properties": { "LEFT_FID": -1, "RIGHT_FID": 19 }, "geometry": { "type": "MultiLineString", "coordinates": [ [ [ 433330.913566133764107, 716990.366676110192202 ], [ 433330.951268428936601, 716990.28701160417404 ] ] ] } },
{ "type": "Feature", "properties": { "LEFT_FID": -1, "RIGHT_FID": 19 }, "geometry": { "type": "MultiLineString", "coordinates": [ [ [ 433317.065183637489099, 717058.178900590864941 ], [ 433316.383900000015274, 717051.169399999082088 ], [ 433318.129200000374112, 717027.741800001473166 ], [ 433325.162600000330713, 717002.518399999360554 ], [ 433330.913566133764107, 716990.366676110192202 ] ] ] } },
{ "type": "Feature", "properties": { "LEFT_FID": 19, "RIGHT_FID": 18 }, "geometry": { "type": "MultiLineString", "coordinates": [ [ [ 433317.065183637489099, 717058.178900590864941 ], [ 433317.118200001248624, 717061.486600000062026 ] ] ] } },
{ "type": "Feature", "properties": { "LEFT_FID": -1, "RIGHT_FID": 19 }, "geometry": { "type": "MultiLineString", "coordinates": [ [ [ 433318.369100000767503, 717075.07006666646339 ], [ 433318.220800000010058, 717074.08890000032261 ], [ 433317.118200001248624, 717061.486600000062026 ] ] ] } },
{ "type": "Feature", "properties": { "LEFT_FID": -1, "RIGHT_FID": 18 }, "geometry": { "type": "MultiLineString", "coordinates": [ [ [ 433317.118200001248624, 717061.486600000062026 ], [ 433318.369100000767503, 717075.07006666646339 ] ] ] } },
{ "type": "Feature", "properties": { "LEFT_FID": 19, "RIGHT_FID": 16 }, "geometry": { "type": "MultiLineString", "coordinates": [ [ [ 433318.369100000767503, 717075.07006666646339 ], [ 433318.443999999668449, 717075.88329999987036 ], [ 433319.039099999063183, 717079.502599998377264 ] ] ] } },
{ "type": "Feature", "properties": { "LEFT_FID": 19, "RIGHT_FID": 19 }, "geometry": { "type": "MultiLineString", "coordinates": [ [ [ 433318.369100000767503, 717075.07006666646339 ], [ 433318.443999999668449, 717075.88329999987036 ], [ 433319.039099999063183, 717079.502599998377264 ] ] ] } },
{ "type": "Feature", "properties": { "LEFT_FID": 18, "RIGHT_FID": 16 }, "geometry": { "type": "MultiLineString", "coordinates": [ [ [ 433319.039099999063183, 717079.502599998377264 ], [ 433318.369100000767503, 717075.07006666646339 ] ] ] } },
{ "type": "Feature", "properties": { "LEFT_FID": 18, "RIGHT_FID": 19 }, "geometry": { "type": "MultiLineString", "coordinates": [ [ [ 433319.039099999063183, 717079.502599998377264 ], [ 433318.369100000767503, 717075.07006666646339 ] ] ] } },
{ "type": "Feature", "properties": { "LEFT_FID": -1, "RIGHT_FID": 18 }, "geometry": { "type": "MultiLineString", "coordinates": [ [ [ 433319.039099999063183, 717079.502599998377264 ], [ 433319.280317674856633, 717080.969677468179725 ], [ 433317.065183637489099, 717058.178900590864941 ] ] ] } },
{ "type": "Feature", "properties": { "LEFT_FID": -1, "RIGHT_FID": 19 }, "geometry": { "type": "MultiLineString", "coordinates": [ [ [ 433322.744099998904858, 717098.826400001300499 ], [ 433322.327099999471102, 717097.243699998711236 ], [ 433322.146974820178002, 717096.378453634912148 ], [ 433320.152599999040831, 717089.944300000090152 ], [ 433319.315379750798456, 717081.330419495585375 ], [ 433319.039099999063183, 717079.502599998377264 ] ] ] } },
{ "type": "Feature", "properties": { "LEFT_FID": -1, "RIGHT_FID": 18 }, "geometry": { "type": "MultiLineString", "coordinates": [ [ [ 433322.313555374508724, 717096.915867593954317 ], [ 433322.744099998904858, 717098.826400001300499 ] ] ] } },
{ "type": "Feature", "properties": { "LEFT_FID": 19, "RIGHT_FID": 16 }, "geometry": { "type": "MultiLineString", "coordinates": [ [ [ 433322.744099998904858, 717098.826400001300499 ], [ 433323.180999999691267, 717100.765099999611266 ], [ 433324.798733333300333, 717106.62476666807197 ] ] ] } },
{ "type": "Feature", "properties": { "LEFT_FID": 19, "RIGHT_FID": 19 }, "geometry": { "type": "MultiLineString", "coordinates": [ [ [ 433322.744099998904858, 717098.826400001300499 ], [ 433323.180999999691267, 717100.765099999611266 ], [ 433324.798733333300333, 717106.62476666807197 ] ] ] } },
{ "type": "Feature", "properties": { "LEFT_FID": 18, "RIGHT_FID": 16 }, "geometry": { "type": "MultiLineString", "coordinates": [ [ [ 433324.798733333300333, 717106.62476666807197 ], [ 433322.744099998904858, 717098.826400001300499 ] ] ] } },
{ "type": "Feature", "properties": { "LEFT_FID": 18, "RIGHT_FID": 19 }, "geometry": { "type": "MultiLineString", "coordinates": [ [ [ 433324.798733333300333, 717106.62476666807197 ], [ 433322.744099998904858, 717098.826400001300499 ] ] ] } },
{ "type": "Feature", "properties": { "LEFT_FID": -1, "RIGHT_FID": 19 }, "geometry": { "type": "MultiLineString", "coordinates": [ [ [ 433325.814899999066256, 717110.305099999415688 ], [ 433325.558400001085829, 717109.507900000200607 ], [ 433324.798733333300333, 717106.62476666807197 ] ] ] } },
{ "type": "Feature", "properties": { "LEFT_FID": -1, "RIGHT_FID": 18 }, "geometry": { "type": "MultiLineString", "coordinates": [ [ [ 433324.798733333300333, 717106.62476666807197 ], [ 433325.814899999066256, 717110.305099999415688 ] ] ] } },
{ "type": "Feature", "properties": { "LEFT_FID": 19, "RIGHT_FID": 16 }, "geometry": { "type": "MultiLineString", "coordinates": [ [ [ 433325.814899999066256, 717110.305099999415688 ], [ 433326.074400000041351, 717111.245200001401827 ], [ 433329.442100000160281, 717121.5807000012137 ] ] ] } },
{ "type": "Feature", "properties": { "LEFT_FID": 19, "RIGHT_FID": 19 }, "geometry": { "type": "MultiLineString", "coordinates": [ [ [ 433325.814899999066256, 717110.305099999415688 ], [ 433326.074400000041351, 717111.245200001401827 ], [ 433329.442100000160281, 717121.5807000012137 ] ] ] } },
{ "type": "Feature", "properties": { "LEFT_FID": 18, "RIGHT_FID": 16 }, "geometry": { "type": "MultiLineString", "coordinates": [ [ [ 433329.442100000160281, 717121.5807000012137 ], [ 433325.814899999066256, 717110.305099999415688 ] ] ] } },
{ "type": "Feature", "properties": { "LEFT_FID": 18, "RIGHT_FID": 19 }, "geometry": { "type": "MultiLineString", "coordinates": [ [ [ 433329.442100000160281, 717121.5807000012137 ], [ 433325.814899999066256, 717110.305099999415688 ] ] ] } },
{ "type": "Feature", "properties": { "LEFT_FID": 19, "RIGHT_FID": 18 }, "geometry": { "type": "MultiLineString", "coordinates": [ [ [ 433329.442100000160281, 717121.5807000012137 ], [ 433332.311612149816938, 717129.171105007641017 ] ] ] } },
{ "type": "Feature", "properties": { "LEFT_FID": -1, "RIGHT_FID": 18 }, "geometry": { "type": "MultiLineString", "coordinates": [ [ [ 433332.311612149816938, 717129.171105007641017 ], [ 433322.313555374508724, 717096.915867593954317 ] ] ] } },
{ "type": "Feature", "properties": { "LEFT_FID": -1, "RIGHT_FID": 19 }, "geometry": { "type": "MultiLineString", "coordinates": [ [ [ 433332.904413538461085, 717130.739177344134077 ], [ 433332.588999999978114, 717130.06600000069011 ], [ 433332.311612149816938, 717129.171105007641017 ] ] ] } },
{ "type": "Feature", "properties": { "LEFT_FID": -1, "RIGHT_FID": 18 }, "geometry": { "type": "MultiLineString", "coordinates": [ [ [ 433362.918423396709841, 717195.365352775668725 ], [ 433354.398199999646749, 717176.612700001220219 ], [ 433332.904413538461085, 717130.739177344134077 ] ] ] } },
{ "type": "Feature", "properties": { "LEFT_FID": 19, "RIGHT_FID": 18 }, "geometry": { "type": "MultiLineString", "coordinates": [ [ [ 433332.904413538461085, 717130.739177344134077 ], [ 433333.927600000577513, 717133.445699999458157 ], [ 433345.47340000042459, 717160.11319999943953 ], [ 433362.39290000020992, 717195.433899999945424 ] ] ] } },
{ "type": "Feature", "properties": { "LEFT_FID": 21, "RIGHT_FID": 18 }, "geometry": { "type": "MultiLineString", "coordinates": [ [ [ 433362.39290000020992, 717195.433899999945424 ], [ 433362.918423396709841, 717195.365352775668725 ] ] ] } },
{ "type": "Feature", "properties": { "LEFT_FID": 21, "RIGHT_FID": 19 }, "geometry": { "type": "MultiLineString", "coordinates": [ [ [ 433373.290397829725407, 717218.183210189337842 ], [ 433362.39290000020992, 717195.433899999945424 ] ] ] } },
{ "type": "Feature", "properties": { "LEFT_FID": -1, "RIGHT_FID": 21 }, "geometry": { "type": "MultiLineString", "coordinates": [ [ [ 433373.290397829725407, 717218.183210189337842 ], [ 433372.79310000030091, 717217.09909999917727 ], [ 433362.918423396709841, 717195.365352775668725 ] ] ] } },
{ "type": "Feature", "properties": { "LEFT_FID": -1, "RIGHT_FID": 19 }, "geometry": { "type": "MultiLineString", "coordinates": [ [ [ 433374.466446091420949, 717220.746997574227862 ], [ 433373.290397829725407, 717218.183210189337842 ] ] ] } },
{ "type": "Feature", "properties": { "LEFT_FID": 21, "RIGHT_FID": 19 }, "geometry": { "type": "MultiLineString", "coordinates": [ [ [ 433400.923100000014529, 717290.110699999495409 ], [ 433397.90310000028694, 717279.603199999895878 ], [ 433393.328000000037719, 717265.820500000030734 ], [ 433384.084799999254756, 717242.211100001237355 ], [ 433374.466446091420949, 717220.746997574227862 ] ] ] } },
{ "type": "Feature", "properties": { "LEFT_FID": 21, "RIGHT_FID": 16 }, "geometry": { "type": "MultiLineString", "coordinates": [ [ [ 433404.459429849928711, 717304.885908751166426 ], [ 433400.923100000014529, 717290.110699999495409 ] ] ] } },
{ "type": "Feature", "properties": { "LEFT_FID": 21, "RIGHT_FID": 19 }, "geometry": { "type": "MultiLineString", "coordinates": [ [ [ 433404.459429849928711, 717304.885908751166426 ], [ 433400.923100000014529, 717290.110699999495409 ] ] ] } },
{ "type": "Feature", "properties": { "LEFT_FID": -1, "RIGHT_FID": 21 }, "geometry": { "type": "MultiLineString", "coordinates": [ [ [ 433404.459429849928711, 717304.885908751166426 ], [ 433400.623599998827558, 717287.971299999626353 ], [ 433390.090699999069329, 717254.807900000363588 ], [ 433374.466446091420949, 717220.746997574227862 ] ] ] } },
{ "type": "Feature", "properties": { "LEFT_FID": 19, "RIGHT_FID": 16 }, "geometry": { "type": "MultiLineString", "coordinates": [ [ [ 433400.923100000014529, 717290.110699999495409 ], [ 433404.701312895806041, 717305.952524644671939 ] ] ] } },
{ "type": "Feature", "properties": { "LEFT_FID": 19, "RIGHT_FID": 19 }, "geometry": { "type": "MultiLineString", "coordinates": [ [ [ 433400.923100000014529, 717290.110699999495409 ], [ 433404.701312895806041, 717305.952524644671939 ] ] ] } },
{ "type": "Feature", "properties": { "LEFT_FID": -1, "RIGHT_FID": 16 }, "geometry": { "type": "MultiLineString", "coordinates": [ [ [ 433404.701312895806041, 717305.952524644671939 ], [ 433404.459429849928711, 717304.885908751166426 ] ] ] } },
{ "type": "Feature", "properties": { "LEFT_FID": -1, "RIGHT_FID": 19 }, "geometry": { "type": "MultiLineString", "coordinates": [ [ [ 433404.701312895806041, 717305.952524644671939 ], [ 433404.459429849928711, 717304.885908751166426 ] ] ] } },
{ "type": "Feature", "properties": { "LEFT_FID": -1, "RIGHT_FID": 19 }, "geometry": { "type": "MultiLineString", "coordinates": [ [ [ 433412.405499999236781, 717339.14559999993071 ], [ 433411.298906825250015, 717334.208309457520954 ], [ 433409.900399998703506, 717328.878600000170991 ], [ 433404.701312895806041, 717305.952524644671939 ] ] ] } },
{ "type": "Feature", "properties": { "LEFT_FID": -1, "RIGHT_FID": 21 }, "geometry": { "type": "MultiLineString", "coordinates": [ [ [ 433411.358977808617055, 717334.437239972292446 ], [ 433412.405499999236781, 717339.14559999993071 ] ] ] } },
{ "type": "Feature", "properties": { "LEFT_FID": 21, "RIGHT_FID": 16 }, "geometry": { "type": "MultiLineString", "coordinates": [ [ [ 433415.903600000718143, 717354.752699998440221 ], [ 433412.405499999236781, 717339.14559999993071 ] ] ] } },
{ "type": "Feature", "properties": { "LEFT_FID": 21, "RIGHT_FID": 19 }, "geometry": { "type": "MultiLineString", "coordinates": [ [ [ 433415.903600000718143, 717354.752699998440221 ], [ 433412.405499999236781, 717339.14559999993071 ] ] ] } },
{ "type": "Feature", "properties": { "LEFT_FID": 19, "RIGHT_FID": 16 }, "geometry": { "type": "MultiLineString", "coordinates": [ [ [ 433412.405499999236781, 717339.14559999993071 ], [ 433416.253633333079051, 717356.458200000459328 ] ] ] } },
{ "type": "Feature", "properties": { "LEFT_FID": 19, "RIGHT_FID": 19 }, "geometry": { "type": "MultiLineString", "coordinates": [ [ [ 433412.405499999236781, 717339.14559999993071 ], [ 433416.253633333079051, 717356.458200000459328 ] ] ] } },
{ "type": "Feature", "properties": { "LEFT_FID": 21, "RIGHT_FID": 16 }, "geometry": { "type": "MultiLineString", "coordinates": [ [ [ 433416.253633333079051, 717356.458200000459328 ], [ 433415.903600000718143, 717354.752699998440221 ] ] ] } },
{ "type": "Feature", "properties": { "LEFT_FID": 21, "RIGHT_FID": 19 }, "geometry": { "type": "MultiLineString", "coordinates": [ [ [ 433416.253633333079051, 717356.458200000459328 ], [ 433415.903600000718143, 717354.752699998440221 ] ] ] } },
{ "type": "Feature", "properties": { "LEFT_FID": -1, "RIGHT_FID": 19 }, "geometry": { "type": "MultiLineString", "coordinates": [ [ [ 433419.070900000166148, 717370.184100000653416 ], [ 433416.253633333079051, 717356.458200000459328 ] ] ] } },
{ "type": "Feature", "properties": { "LEFT_FID": -1, "RIGHT_FID": 21 }, "geometry": { "type": "MultiLineString", "coordinates": [ [ [ 433416.253633333079051, 717356.458200000459328 ], [ 433416.670500000065658, 717358.333599999197759 ], [ 433419.070900000166148, 717370.184100000653416 ] ] ] } },
{ "type": "Feature", "properties": { "LEFT_FID": 21, "RIGHT_FID": 16 }, "geometry": { "type": "MultiLineString", "coordinates": [ [ [ 433421.784699999028817, 717383.40659999975469 ], [ 433419.070900000166148, 717370.184100000653416 ] ] ] } },
{ "type": "Feature", "properties": { "LEFT_FID": 21, "RIGHT_FID": 19 }, "geometry": { "type": "MultiLineString", "coordinates": [ [ [ 433421.784699999028817, 717383.40659999975469 ], [ 433419.070900000166148, 717370.184100000653416 ] ] ] } },
{ "type": "Feature", "properties": { "LEFT_FID": 19, "RIGHT_FID": 16 }, "geometry": { "type": "MultiLineString", "coordinates": [ [ [ 433419.070900000166148, 717370.184100000653416 ], [ 433422.114100000588223, 717385.208500000182539 ] ] ] } },
{ "type": "Feature", "properties": { "LEFT_FID": 19, "RIGHT_FID": 19 }, "geometry": { "type": "MultiLineString", "coordinates": [ [ [ 433419.070900000166148, 717370.184100000653416 ], [ 433422.114100000588223, 717385.208500000182539 ] ] ] } },
{ "type": "Feature", "properties": { "LEFT_FID": 21, "RIGHT_FID": 16 }, "geometry": { "type": "MultiLineString", "coordinates": [ [ [ 433422.114100000588223, 717385.208500000182539 ], [ 433421.784699999028817, 717383.40659999975469 ] ] ] } },
{ "type": "Feature", "properties": { "LEFT_FID": 21, "RIGHT_FID": 19 }, "geometry": { "type": "MultiLineString", "coordinates": [ [ [ 433422.114100000588223, 717385.208500000182539 ], [ 433421.784699999028817, 717383.40659999975469 ] ] ] } },
{ "type": "Feature", "properties": { "LEFT_FID": -1, "RIGHT_FID": 19 }, "geometry": { "type": "MultiLineString", "coordinates": [ [ [ 433424.336600000387989, 717397.366000001435168 ], [ 433422.114100000588223, 717385.208500000182539 ] ] ] } },
{ "type": "Feature", "properties": { "LEFT_FID": -1, "RIGHT_FID": 21 }, "geometry": { "type": "MultiLineString", "coordinates": [ [ [ 433422.114100000588223, 717385.208500000182539 ], [ 433422.475499998719897, 717386.992699998663738 ], [ 433424.336600000387989, 717397.366000001435168 ] ] ] } },
{ "type": "Feature", "properties": { "LEFT_FID": 21, "RIGHT_FID": 16 }, "geometry": { "type": "MultiLineString", "coordinates": [ [ [ 433426.382499999483116, 717408.557100000558421 ], [ 433424.336600000387989, 717397.366000001435168 ] ] ] } },
{ "type": "Feature", "properties": { "LEFT_FID": 21, "RIGHT_FID": 19 }, "geometry": { "type": "MultiLineString", "coordinates": [ [ [ 433426.382499999483116, 717408.557100000558421 ], [ 433424.336600000387989, 717397.366000001435168 ] ] ] } },
{ "type": "Feature", "properties": { "LEFT_FID": 19, "RIGHT_FID": 16 }, "geometry": { "type": "MultiLineString", "coordinates": [ [ [ 433424.336600000387989, 717397.366000001435168 ], [ 433426.625800000212621, 717410.125099999830127 ] ] ] } },
{ "type": "Feature", "properties": { "LEFT_FID": 19, "RIGHT_FID": 19 }, "geometry": { "type": "MultiLineString", "coordinates": [ [ [ 433424.336600000387989, 717397.366000001435168 ], [ 433426.625800000212621, 717410.125099999830127 ] ] ] } },
{ "type": "Feature", "properties": { "LEFT_FID": 21, "RIGHT_FID": 16 }, "geometry": { "type": "MultiLineString", "coordinates": [ [ [ 433426.625800000212621, 717410.125099999830127 ], [ 433426.382499999483116, 717408.557100000558421 ] ] ] } },
{ "type": "Feature", "properties": { "LEFT_FID": 21, "RIGHT_FID": 19 }, "geometry": { "type": "MultiLineString", "coordinates": [ [ [ 433426.625800000212621, 717410.125099999830127 ], [ 433426.382499999483116, 717408.557100000558421 ] ] ] } },
{ "type": "Feature", "properties": { "LEFT_FID": -1, "RIGHT_FID": 19 }, "geometry": { "type": "MultiLineString", "coordinates": [ [ [ 433428.841499999398366, 717424.403599998913705 ], [ 433426.625800000212621, 717410.125099999830127 ] ] ] } },
{ "type": "Feature", "properties": { "LEFT_FID": -1, "RIGHT_FID": 21 }, "geometry": { "type": "MultiLineString", "coordinates": [ [ [ 433426.625800000212621, 717410.125099999830127 ], [ 433426.991200000164099, 717412.161599999293685 ], [ 433428.841499999398366, 717424.403599998913705 ] ] ] } },
{ "type": "Feature", "properties": { "LEFT_FID": 21, "RIGHT_FID": 16 }, "geometry": { "type": "MultiLineString", "coordinates": [ [ [ 433430.875500000780448, 717437.511600000667386 ], [ 433428.841499999398366, 717424.403599998913705 ] ] ] } },
{ "type": "Feature", "properties": { "LEFT_FID": 21, "RIGHT_FID": 19 }, "geometry": { "type": "MultiLineString", "coordinates": [ [ [ 433430.875500000780448, 717437.511600000667386 ], [ 433428.841499999398366, 717424.403599998913705 ] ] ] } },
{ "type": "Feature", "properties": { "LEFT_FID": 19, "RIGHT_FID": 16 }, "geometry": { "type": "MultiLineString", "coordinates": [ [ [ 433428.841499999398366, 717424.403599998913705 ], [ 433431.106899999256711, 717439.392700000316836 ] ] ] } },
{ "type": "Feature", "properties": { "LEFT_FID": 19, "RIGHT_FID": 19 }, "geometry": { "type": "MultiLineString", "coordinates": [ [ [ 433428.841499999398366, 717424.403599998913705 ], [ 433431.106899999256711, 717439.392700000316836 ] ] ] } },
{ "type": "Feature", "properties": { "LEFT_FID": 21, "RIGHT_FID": 16 }, "geometry": { "type": "MultiLineString", "coordinates": [ [ [ 433431.106899999256711, 717439.392700000316836 ], [ 433430.875500000780448, 717437.511600000667386 ] ] ] } },
{ "type": "Feature", "properties": { "LEFT_FID": 21, "RIGHT_FID": 19 }, "geometry": { "type": "MultiLineString", "coordinates": [ [ [ 433431.106899999256711, 717439.392700000316836 ], [ 433430.875500000780448, 717437.511600000667386 ] ] ] } },
{ "type": "Feature", "properties": { "LEFT_FID": -1, "RIGHT_FID": 19 }, "geometry": { "type": "MultiLineString", "coordinates": [ [ [ 433432.642799998749979, 717451.876099999644794 ], [ 433431.106899999256711, 717439.392700000316836 ] ] ] } },
{ "type": "Feature", "properties": { "LEFT_FID": -1, "RIGHT_FID": 21 }, "geometry": { "type": "MultiLineString", "coordinates": [ [ [ 433431.106899999256711, 717439.392700000316836 ], [ 433431.372999998915475, 717441.15310000104364 ], [ 433432.642799998749979, 717451.876099999644794 ] ] ] } },
{ "type": "Feature", "properties": { "LEFT_FID": 21, "RIGHT_FID": 16 }, "geometry": { "type": "MultiLineString", "coordinates": [ [ [ 433434.027800000680145, 717463.133500001393259 ], [ 433432.642799998749979, 717451.876099999644794 ] ] ] } },
{ "type": "Feature", "properties": { "LEFT_FID": 21, "RIGHT_FID": 19 }, "geometry": { "type": "MultiLineString", "coordinates": [ [ [ 433434.027800000680145, 717463.133500001393259 ], [ 433432.642799998749979, 717451.876099999644794 ] ] ] } },
{ "type": "Feature", "properties": { "LEFT_FID": 19, "RIGHT_FID": 16 }, "geometry": { "type": "MultiLineString", "coordinates": [ [ [ 433432.642799998749979, 717451.876099999644794 ], [ 433434.244599999161437, 717465.403399999137037 ] ] ] } },
{ "type": "Feature", "properties": { "LEFT_FID": 19, "RIGHT_FID": 19 }, "geometry": { "type": "MultiLineString", "coordinates": [ [ [ 433432.642799998749979, 717451.876099999644794 ], [ 433434.244599999161437, 717465.403399999137037 ] ] ] } },
{ "type": "Feature", "properties": { "LEFT_FID": 21, "RIGHT_FID": 16 }, "geometry": { "type": "MultiLineString", "coordinates": [ [ [ 433434.244599999161437, 717465.403399999137037 ], [ 433434.027800000680145, 717463.133500001393259 ] ] ] } },
{ "type": "Feature", "properties": { "LEFT_FID": 21, "RIGHT_FID": 19 }, "geometry": { "type": "MultiLineString", "coordinates": [ [ [ 433434.244599999161437, 717465.403399999137037 ], [ 433434.027800000680145, 717463.133500001393259 ] ] ] } },
{ "type": "Feature", "properties": { "LEFT_FID": -1, "RIGHT_FID": 19 }, "geometry": { "type": "MultiLineString", "coordinates": [ [ [ 433435.024399999470916, 717473.567299998365343 ], [ 433434.244599999161437, 717465.403399999137037 ] ] ] } },
{ "type": "Feature", "properties": { "LEFT_FID": -1, "RIGHT_FID": 21 }, "geometry": { "type": "MultiLineString", "coordinates": [ [ [ 433434.244599999161437, 717465.403399999137037 ], [ 433434.412500000500586, 717466.821200001169927 ], [ 433435.024399999470916, 717473.567299998365343 ] ] ] } },
{ "type": "Feature", "properties": { "LEFT_FID": 21, "RIGHT_FID": 16 }, "geometry": { "type": "MultiLineString", "coordinates": [ [ [ 433435.581399999733549, 717479.398700000485405 ], [ 433435.024399999470916, 717473.567299998365343 ] ] ] } },
{ "type": "Feature", "properties": { "LEFT_FID": 21, "RIGHT_FID": 19 }, "geometry": { "type": "MultiLineString", "coordinates": [ [ [ 433435.581399999733549, 717479.398700000485405 ], [ 433435.024399999470916, 717473.567299998365343 ] ] ] } },
{ "type": "Feature", "properties": { "LEFT_FID": 19, "RIGHT_FID": 16 }, "geometry": { "type": "MultiLineString", "coordinates": [ [ [ 433435.024399999470916, 717473.567299998365343 ], [ 433435.618300000380259, 717480.114900000393391 ] ] ] } },
{ "type": "Feature", "properties": { "LEFT_FID": 19, "RIGHT_FID": 19 }, "geometry": { "type": "MultiLineString", "coordinates": [ [ [ 433435.024399999470916, 717473.567299998365343 ], [ 433435.618300000380259, 717480.114900000393391 ] ] ] } },
{ "type": "Feature", "properties": { "LEFT_FID": 21, "RIGHT_FID": 16 }, "geometry": { "type": "MultiLineString", "coordinates": [ [ [ 433435.618300000380259, 717480.114900000393391 ], [ 433435.581399999733549, 717479.398700000485405 ] ] ] } },
{ "type": "Feature", "properties": { "LEFT_FID": 21, "RIGHT_FID": 19 }, "geometry": { "type": "MultiLineString", "coordinates": [ [ [ 433435.618300000380259, 717480.114900000393391 ], [ 433435.581399999733549, 717479.398700000485405 ] ] ] } },
{ "type": "Feature", "properties": { "LEFT_FID": -1, "RIGHT_FID": 19 }, "geometry": { "type": "MultiLineString", "coordinates": [ [ [ 433436.398500000243075, 717495.261399999144487 ], [ 433435.618300000380259, 717480.114900000393391 ] ] ] } },
{ "type": "Feature", "properties": { "LEFT_FID": -1, "RIGHT_FID": 21 }, "geometry": { "type": "MultiLineString", "coordinates": [ [ [ 433435.618300000380259, 717480.114900000393391 ], [ 433435.69060000020545, 717480.912099999492057 ], [ 433436.398500000243075, 717495.261399999144487 ] ] ] } },
{ "type": "Feature", "properties": { "LEFT_FID": 19, "RIGHT_FID": 16 }, "geometry": { "type": "MultiLineString", "coordinates": [ [ [ 433436.398500000243075, 717495.261399999144487 ], [ 433436.909300001105294, 717505.616499999538064 ], [ 433436.966199999675155, 717506.282600001548417 ] ] ] } },
{ "type": "Feature", "properties": { "LEFT_FID": 19, "RIGHT_FID": 19 }, "geometry": { "type": "MultiLineString", "coordinates": [ [ [ 433436.398500000243075, 717495.261399999144487 ], [ 433436.909300001105294, 717505.616499999538064 ], [ 433436.966199999675155, 717506.282600001548417 ] ] ] } },
{ "type": "Feature", "properties": { "LEFT_FID": 21, "RIGHT_FID": 16 }, "geometry": { "type": "MultiLineString", "coordinates": [ [ [ 433436.966199999675155, 717506.282600001548417 ], [ 433436.398500000243075, 717495.261399999144487 ] ] ] } },
{ "type": "Feature", "properties": { "LEFT_FID": 21, "RIGHT_FID": 19 }, "geometry": { "type": "MultiLineString", "coordinates": [ [ [ 433436.966199999675155, 717506.282600001548417 ], [ 433436.398500000243075, 717495.261399999144487 ] ] ] } },
{ "type": "Feature", "properties": { "LEFT_FID": -1, "RIGHT_FID": 19 }, "geometry": { "type": "MultiLineString", "coordinates": [ [ [ 433437.503700000292156, 717512.579500000691041 ], [ 433437.030799998843577, 717507.537700000335462 ], [ 433436.966199999675155, 717506.282600001548417 ] ] ] } },
{ "type": "Feature", "properties": { "LEFT_FID": -1, "RIGHT_FID": 21 }, "geometry": { "type": "MultiLineString", "coordinates": [ [ [ 433436.966199999675155, 717506.282600001548417 ], [ 433437.503700000292156, 717512.579500000691041 ] ] ] } },
{ "type": "Feature", "properties": { "LEFT_FID": 19, "RIGHT_FID": 16 }, "geometry": { "type": "MultiLineString", "coordinates": [ [ [ 433437.503700000292156, 717512.579500000691041 ], [ 433438.064899999822956, 717519.154999998747371 ], [ 433438.204033334273845, 717520.04793333413545 ] ] ] } },
{ "type": "Feature", "properties": { "LEFT_FID": 19, "RIGHT_FID": 19 }, "geometry": { "type": "MultiLineString", "coordinates": [ [ [ 433437.503700000292156, 717512.579500000691041 ], [ 433438.064899999822956, 717519.154999998747371 ], [ 433438.204033334273845, 717520.04793333413545 ] ] ] } },
{ "type": "Feature", "properties": { "LEFT_FID": 21, "RIGHT_FID": 16 }, "geometry": { "type": "MultiLineString", "coordinates": [ [ [ 433438.204033334273845, 717520.04793333413545 ], [ 433437.503700000292156, 717512.579500000691041 ] ] ] } },
{ "type": "Feature", "properties": { "LEFT_FID": 21, "RIGHT_FID": 19 }, "geometry": { "type": "MultiLineString", "coordinates": [ [ [ 433438.204033334273845, 717520.04793333413545 ], [ 433437.503700000292156, 717512.579500000691041 ] ] ] } },
{ "type": "Feature", "properties": { "LEFT_FID": -1, "RIGHT_FID": 19 }, "geometry": { "type": "MultiLineString", "coordinates": [ [ [ 433438.799233332509175, 717523.866166665451601 ], [ 433438.301300001156051, 717521.084200000972487 ], [ 433438.204033334273845, 717520.04793333413545 ] ] ] } },
{ "type": "Feature", "properties": { "LEFT_FID": -1, "RIGHT_FID": 21 }, "geometry": { "type": "MultiLineString", "coordinates": [ [ [ 433438.204033334273845, 717520.04793333413545 ], [ 433438.799233332509175, 717523.866166665451601 ] ] ] } },
{ "type": "Feature", "properties": { "LEFT_FID": 19, "RIGHT_FID": 16 }, "geometry": { "type": "MultiLineString", "coordinates": [ [ [ 433438.799233332509175, 717523.866166665451601 ], [ 433439.842499999736901, 717530.558100000023842 ], [ 433440.319899999012705, 717532.360900000319816 ] ] ] } },
{ "type": "Feature", "properties": { "LEFT_FID": 19, "RIGHT_FID": 19 }, "geometry": { "type": "MultiLineString", "coordinates": [ [ [ 433438.799233332509175, 717523.866166665451601 ], [ 433439.842499999736901, 717530.558100000023842 ], [ 433440.319899999012705, 717532.360900000319816 ] ] ] } },
{ "type": "Feature", "properties": { "LEFT_FID": 21, "RIGHT_FID": 16 }, "geometry": { "type": "MultiLineString", "coordinates": [ [ [ 433440.319899999012705, 717532.360900000319816 ], [ 433438.799233332509175, 717523.866166665451601 ] ] ] } },
{ "type": "Feature", "properties": { "LEFT_FID": 21, "RIGHT_FID": 19 }, "geometry": { "type": "MultiLineString", "coordinates": [ [ [ 433440.319899999012705, 717532.360900000319816 ], [ 433438.799233332509175, 717523.866166665451601 ] ] ] } },
{ "type": "Feature", "properties": { "LEFT_FID": -1, "RIGHT_FID": 19 }, "geometry": { "type": "MultiLineString", "coordinates": [ [ [ 433441.665766664838884, 717537.444033331936225 ], [ 433440.653199999127537, 717534.223099999595433 ], [ 433440.319899999012705, 717532.360900000319816 ] ] ] } },
{ "type": "Feature", "properties": { "LEFT_FID": -1, "RIGHT_FID": 21 }, "geometry": { "type": "MultiLineString", "coordinates": [ [ [ 433440.319899999012705, 717532.360900000319816 ], [ 433441.665766664838884, 717537.444033331936225 ] ] ] } },
{ "type": "Feature", "properties": { "LEFT_FID": 21, "RIGHT_FID": 16 }, "geometry": { "type": "MultiLineString", "coordinates": [ [ [ 433443.109233653871343, 717542.035529376240447 ], [ 433441.665766664838884, 717537.444033331936225 ] ] ] } },
{ "type": "Feature", "properties": { "LEFT_FID": 21, "RIGHT_FID": 19 }, "geometry": { "type": "MultiLineString", "coordinates": [ [ [ 433443.109233653871343, 717542.035529376240447 ], [ 433441.665766664838884, 717537.444033331936225 ] ] ] } },
{ "type": "Feature", "properties": { "LEFT_FID": -1, "RIGHT_FID": 21 }, "geometry": { "type": "MultiLineString", "coordinates": [ [ [ 433443.109233653871343, 717542.035529376240447 ], [ 433440.297800000349525, 717523.819299999508075 ], [ 433435.430699999677017, 717477.637299998546951 ], [ 433432.890999999071937, 717441.10700000054203 ], [ 433427.140699999406934, 717402.50040000025183 ], [ 433417.387699998740572, 717357.412699998356402 ], [ 433411.358977808617055, 717334.437239972292446 ] ] ] } },
{ "type": "Feature", "properties": { "LEFT_FID": 19, "RIGHT_FID": 16 }, "geometry": { "type": "MultiLineString", "coordinates": [ [ [ 433441.665766664838884, 717537.444033331936225 ], [ 433442.669700000667945, 717541.235500000650063 ], [ 433443.194716308149509, 717542.589400405529886 ] ] ] } },
{ "type": "Feature", "properties": { "LEFT_FID": 19, "RIGHT_FID": 19 }, "geometry": { "type": "MultiLineString", "coordinates": [ [ [ 433441.665766664838884, 717537.444033331936225 ], [ 433442.669700000667945, 717541.235500000650063 ], [ 433443.194716308149509, 717542.589400405529886 ] ] ] } },
{ "type": "Feature", "properties": { "LEFT_FID": -1, "RIGHT_FID": 16 }, "geometry": { "type": "MultiLineString", "coordinates": [ [ [ 433443.194716308149509, 717542.589400405529886 ], [ 433443.109233653871343, 717542.035529376240447 ] ] ] } },
{ "type": "Feature", "properties": { "LEFT_FID": -1, "RIGHT_FID": 19 }, "geometry": { "type": "MultiLineString", "coordinates": [ [ [ 433443.194716308149509, 717542.589400405529886 ], [ 433443.109233653871343, 717542.035529376240447 ] ] ] } },
{ "type": "Feature", "properties": { "LEFT_FID": -1, "RIGHT_FID": 19 }, "geometry": { "type": "MultiLineString", "coordinates": [ [ [ 433458.698599999421276, 717562.939400000614114 ], [ 433457.701399999088608, 717562.3308999997098 ], [ 433457.431905211764388, 717562.12873167428188 ], [ 433457.046799999778159, 717561.920900000608526 ], [ 433447.962899999693036, 717555.243300001253374 ], [ 433443.978499999735504, 717547.667799999588169 ], [ 433443.194716308149509, 717542.589400405529886 ] ] ] } },
{ "type": "Feature", "properties": { "LEFT_FID": -1, "RIGHT_FID": 21 }, "geometry": { "type": "MultiLineString", "coordinates": [ [ [ 433457.569736386591103, 717562.203115719603375 ], [ 433458.698599999421276, 717562.939400000614114 ] ] ] } },
{ "type": "Feature", "properties": { "LEFT_FID": 19, "RIGHT_FID": 16 }, "geometry": { "type": "MultiLineString", "coordinates": [ [ [ 433458.698599999421276, 717562.939400000614114 ], [ 433460.536899999890011, 717564.138399999821559 ], [ 433462.096533334231935, 717565.012833334389143 ] ] ] } },
{ "type": "Feature", "properties": { "LEFT_FID": 19, "RIGHT_FID": 19 }, "geometry": { "type": "MultiLineString", "coordinates": [ [ [ 433458.698599999421276, 717562.939400000614114 ], [ 433460.536899999890011, 717564.138399999821559 ], [ 433462.096533334231935, 717565.012833334389143 ] ] ] } },
{ "type": "Feature", "properties": { "LEFT_FID": 21, "RIGHT_FID": 16 }, "geometry": { "type": "MultiLineString", "coordinates": [ [ [ 433462.096533334231935, 717565.012833334389143 ], [ 433458.698599999421276, 717562.939400000614114 ] ] ] } },
{ "type": "Feature", "properties": { "LEFT_FID": 21, "RIGHT_FID": 19 }, "geometry": { "type": "MultiLineString", "coordinates": [ [ [ 433462.096533334231935, 717565.012833334389143 ], [ 433458.698599999421276, 717562.939400000614114 ] ] ] } },
{ "type": "Feature", "properties": { "LEFT_FID": -1, "RIGHT_FID": 19 }, "geometry": { "type": "MultiLineString", "coordinates": [ [ [ 433464.490466665884014, 717566.355133333709091 ], [ 433463.506299998960458, 717565.873099999735132 ], [ 433462.096533334231935, 717565.012833334389143 ] ] ] } },
{ "type": "Feature", "properties": { "LEFT_FID": -1, "RIGHT_FID": 21 }, "geometry": { "type": "MultiLineString", "coordinates": [ [ [ 433462.096533334231935, 717565.012833334389143 ], [ 433464.490466665884014, 717566.355133333709091 ] ] ] } },
{ "type": "Feature", "properties": { "LEFT_FID": 19, "RIGHT_FID": 16 }, "geometry": { "type": "MultiLineString", "coordinates": [ [ [ 433464.490466665884014, 717566.355133333709091 ], [ 433466.5992, 717567.537400000845082 ], [ 433473.113999999710359, 717570.664500000304542 ], [ 433474.20450000098208, 717571.11249999969732 ] ] ] } },
{ "type": "Feature", "properties": { "LEFT_FID": 19, "RIGHT_FID": 19 }, "geometry": { "type": "MultiLineString", "coordinates": [ [ [ 433464.490466665884014, 717566.355133333709091 ], [ 433466.5992, 717567.537400000845082 ], [ 433473.113999999710359, 717570.664500000304542 ], [ 433474.20450000098208, 717571.11249999969732 ] ] ] } },
{ "type": "Feature", "properties": { "LEFT_FID": 21, "RIGHT_FID": 16 }, "geometry": { "type": "MultiLineString", "coordinates": [ [ [ 433474.20450000098208, 717571.11249999969732 ], [ 433464.490466665884014, 717566.355133333709091 ] ] ] } },
{ "type": "Feature", "properties": { "LEFT_FID": 21, "RIGHT_FID": 19 }, "geometry": { "type": "MultiLineString", "coordinates": [ [ [ 433474.20450000098208, 717571.11249999969732 ], [ 433464.490466665884014, 717566.355133333709091 ] ] ] } },
{ "type": "Feature", "properties": { "LEFT_FID": -1, "RIGHT_FID": 19 }, "geometry": { "type": "MultiLineString", "coordinates": [ [ [ 433478.429566666658502, 717572.848466667695902 ], [ 433474.803700000979006, 717571.405999999376945 ], [ 433474.20450000098208, 717571.11249999969732 ] ] ] } },
{ "type": "Feature", "properties": { "LEFT_FID": -1, "RIGHT_FID": 21 }, "geometry": { "type": "MultiLineString", "coordinates": [ [ [ 433474.20450000098208, 717571.11249999969732 ], [ 433478.429566666658502, 717572.848466667695902 ] ] ] } },
{ "type": "Feature", "properties": { "LEFT_FID": 19, "RIGHT_FID": 16 }, "geometry": { "type": "MultiLineString", "coordinates": [ [ [ 433478.429566666658502, 717572.848466667695902 ], [ 433481.767300001403783, 717574.219799998798408 ], [ 433482.728999999351799, 717574.558799999766052 ] ] ] } },
{ "type": "Feature", "properties": { "LEFT_FID": 19, "RIGHT_FID": 19 }, "geometry": { "type": "MultiLineString", "coordinates": [ [ [ 433478.429566666658502, 717572.848466667695902 ], [ 433481.767300001403783, 717574.219799998798408 ], [ 433482.728999999351799, 717574.558799999766052 ] ] ] } },
{ "type": "Feature", "properties": { "LEFT_FID": 21, "RIGHT_FID": 16 }, "geometry": { "type": "MultiLineString", "coordinates": [ [ [ 433482.728999999351799, 717574.558799999766052 ], [ 433478.429566666658502, 717572.848466667695902 ] ] ] } },
{ "type": "Feature", "properties": { "LEFT_FID": 21, "RIGHT_FID": 19 }, "geometry": { "type": "MultiLineString", "coordinates": [ [ [ 433482.728999999351799, 717574.558799999766052 ], [ 433478.429566666658502, 717572.848466667695902 ] ] ] } },
{ "type": "Feature", "properties": { "LEFT_FID": -1, "RIGHT_FID": 19 }, "geometry": { "type": "MultiLineString", "coordinates": [ [ [ 433487.357099999615457, 717576.190400001709349 ], [ 433483.552900000475347, 717574.886600001016632 ], [ 433482.728999999351799, 717574.558799999766052 ] ] ] } },
{ "type": "Feature", "properties": { "LEFT_FID": -1, "RIGHT_FID": 21 }, "geometry": { "type": "MultiLineString", "coordinates": [ [ [ 433482.728999999351799, 717574.558799999766052 ], [ 433487.357099999615457, 717576.190400001709349 ] ] ] } },
{ "type": "Feature", "properties": { "LEFT_FID": 19, "RIGHT_FID": 16 }, "geometry": { "type": "MultiLineString", "coordinates": [ [ [ 433487.357099999615457, 717576.190400001709349 ], [ 433490.835499999520835, 717577.416700000059791 ], [ 433491.738033334258944, 717577.691933334455825 ] ] ] } },
{ "type": "Feature", "properties": { "LEFT_FID": 19, "RIGHT_FID": 19 }, "geometry": { "type": "MultiLineString", "coordinates": [ [ [ 433487.357099999615457, 717576.190400001709349 ], [ 433490.835499999520835, 717577.416700000059791 ], [ 433491.738033334258944, 717577.691933334455825 ] ] ] } },
{ "type": "Feature", "properties": { "LEFT_FID": 21, "RIGHT_FID": 16 }, "geometry": { "type": "MultiLineString", "coordinates": [ [ [ 433491.738033334258944, 717577.691933334455825 ], [ 433487.357099999615457, 717576.190400001709349 ] ] ] } },
{ "type": "Feature", "properties": { "LEFT_FID": 21, "RIGHT_FID": 19 }, "geometry": { "type": "MultiLineString", "coordinates": [ [ [ 433491.738033334258944, 717577.691933334455825 ], [ 433487.357099999615457, 717576.190400001709349 ] ] ] } },
{ "type": "Feature", "properties": { "LEFT_FID": -1, "RIGHT_FID": 19 }, "geometry": { "type": "MultiLineString", "coordinates": [ [ [ 433497.641900000046007, 717579.49200000113342 ], [ 433492.684600000211503, 717578.016299999551848 ], [ 433491.738033334258944, 717577.691933334455825 ] ] ] } },
{ "type": "Feature", "properties": { "LEFT_FID": -1, "RIGHT_FID": 21 }, "geometry": { "type": "MultiLineString", "coordinates": [ [ [ 433491.738033334258944, 717577.691933334455825 ], [ 433497.641900000046007, 717579.49200000113342 ] ] ] } },
{ "type": "Feature", "properties": { "LEFT_FID": 19, "RIGHT_FID": 16 }, "geometry": { "type": "MultiLineString", "coordinates": [ [ [ 433497.641900000046007, 717579.49200000113342 ], [ 433502.036500000976957, 717580.832000000053085 ], [ 433503.004999999538995, 717581.088600001181476 ] ] ] } },
{ "type": "Feature", "properties": { "LEFT_FID": 19, "RIGHT_FID": 19 }, "geometry": { "type": "MultiLineString", "coordinates": [ [ [ 433497.641900000046007, 717579.49200000113342 ], [ 433502.036500000976957, 717580.832000000053085 ], [ 433503.004999999538995, 717581.088600001181476 ] ] ] } },
{ "type": "Feature", "properties": { "LEFT_FID": 21, "RIGHT_FID": 16 }, "geometry": { "type": "MultiLineString", "coordinates": [ [ [ 433503.004999999538995, 717581.088600001181476 ], [ 433497.641900000046007, 717579.49200000113342 ] ] ] } },
{ "type": "Feature", "properties": { "LEFT_FID": 21, "RIGHT_FID": 19 }, "geometry": { "type": "MultiLineString", "coordinates": [ [ [ 433503.004999999538995, 717581.088600001181476 ], [ 433497.641900000046007, 717579.49200000113342 ] ] ] } },
{ "type": "Feature", "properties": { "LEFT_FID": -1, "RIGHT_FID": 19 }, "geometry": { "type": "MultiLineString", "coordinates": [ [ [ 433510.060390473285224, 717582.957935957354493 ], [ 433503.918999998830259, 717581.360700000193901 ], [ 433503.004999999538995, 717581.088600001181476 ] ] ] } },
{ "type": "Feature", "properties": { "LEFT_FID": -1, "RIGHT_FID": 21 }, "geometry": { "type": "MultiLineString", "coordinates": [ [ [ 433503.004999999538995, 717581.088600001181476 ], [ 433510.060390473285224, 717582.957935957354493 ] ] ] } },
{ "type": "Feature", "properties": { "LEFT_FID": 21, "RIGHT_FID": 19 }, "geometry": { "type": "MultiLineString", "coordinates": [ [ [ 433510.067000000271946, 717582.95969999965746 ], [ 433510.060390473285224, 717582.957935957354493 ] ] ] } },
{ "type": "Feature", "properties": { "LEFT_FID": 19, "RIGHT_FID": 16 }, "geometry": { "type": "MultiLineString", "coordinates": [ [ [ 433510.067000000271946, 717582.95969999965746 ], [ 433515.189999999653082, 717584.317000000737607 ], [ 433516.00650000089081, 717584.504399999510497 ] ] ] } },
{ "type": "Feature", "properties": { "LEFT_FID": 19, "RIGHT_FID": 19 }, "geometry": { "type": "MultiLineString", "coordinates": [ [ [ 433510.067000000271946, 717582.95969999965746 ], [ 433515.189999999653082, 717584.317000000737607 ], [ 433516.00650000089081, 717584.504399999510497 ] ] ] } },
{ "type": "Feature", "properties": { "LEFT_FID": 21, "RIGHT_FID": 16 }, "geometry": { "type": "MultiLineString", "coordinates": [ [ [ 433516.00650000089081, 717584.504399999510497 ], [ 433510.067000000271946, 717582.95969999965746 ] ] ] } },
{ "type": "Feature", "properties": { "LEFT_FID": 21, "RIGHT_FID": 19 }, "geometry": { "type": "MultiLineString", "coordinates": [ [ [ 433516.00650000089081, 717584.504399999510497 ], [ 433510.067000000271946, 717582.95969999965746 ] ] ] } },
{ "type": "Feature", "properties": { "LEFT_FID": -1, "RIGHT_FID": 19 }, "geometry": { "type": "MultiLineString", "coordinates": [ [ [ 433542.901686314027756, 717590.67836704198271 ], [ 433517.052299999864772, 717584.776399999740534 ], [ 433516.00650000089081, 717584.504399999510497 ] ] ] } },
{ "type": "Feature", "properties": { "LEFT_FID": -1, "RIGHT_FID": 21 }, "geometry": { "type": "MultiLineString", "coordinates": [ [ [ 433516.00650000089081, 717584.504399999510497 ], [ 433542.901686314027756, 717590.67836704198271 ] ] ] } },
{ "type": "Feature", "properties": { "LEFT_FID": -1, "RIGHT_FID": 21 }, "geometry": { "type": "MultiLineString", "coordinates": [ [ [ 433542.901686314027756, 717590.67836704198271 ], [ 433509.730299999821, 717581.252199999988079 ], [ 433488.772399999084882, 717574.181800000602379 ], [ 433471.239599999738857, 717569.580400000093505 ], [ 433457.569736386591103, 717562.203115719603375 ] ] ] } },
{ "type": "Feature", "properties": { "LEFT_FID": -1, "RIGHT_FID": 19 }, "geometry": { "type": "MultiLineString", "coordinates": [ [ [ 433564.375679346092511, 717594.116880118497647 ], [ 433544.092399999848567, 717591.016099999658763 ], [ 433542.923246893449686, 717590.683888230938464 ], [ 433542.901686314027756, 717590.67836704198271 ] ] ] } },
{ "type": "Feature", "properties": { "LEFT_FID": 21, "RIGHT_FID": 16 }, "geometry": { "type": "MultiLineString", "coordinates": [ [ [ 433565.246299999940675, 717596.153699998976663 ], [ 433564.375679346092511, 717594.116880118497647 ] ] ] } },
{ "type": "Feature", "properties": { "LEFT_FID": 21, "RIGHT_FID": 19 }, "geometry": { "type": "MultiLineString", "coordinates": [ [ [ 433565.246299999940675, 717596.153699998976663 ], [ 433564.375679346092511, 717594.116880118497647 ] ] ] } },
{ "type": "Feature", "properties": { "LEFT_FID": 19, "RIGHT_FID": 16 }, "geometry": { "type": "MultiLineString", "coordinates": [ [ [ 433564.375679346092511, 717594.116880118497647 ], [ 433565.244400001130998, 717596.369000000413507 ] ] ] } },
{ "type": "Feature", "properties": { "LEFT_FID": 19, "RIGHT_FID": 19 }, "geometry": { "type": "MultiLineString", "coordinates": [ [ [ 433564.375679346092511, 717594.116880118497647 ], [ 433565.244400001130998, 717596.369000000413507 ] ] ] } },
{ "type": "Feature", "properties": { "LEFT_FID": 21, "RIGHT_FID": 16 }, "geometry": { "type": "MultiLineString", "coordinates": [ [ [ 433565.244400001130998, 717596.369000000413507 ], [ 433565.246299999940675, 717596.153699998976663 ] ] ] } },
{ "type": "Feature", "properties": { "LEFT_FID": 21, "RIGHT_FID": 19 }, "geometry": { "type": "MultiLineString", "coordinates": [ [ [ 433565.244400001130998, 717596.369000000413507 ], [ 433565.246299999940675, 717596.153699998976663 ] ] ] } },
{ "type": "Feature", "properties": { "LEFT_FID": -1, "RIGHT_FID": 21 }, "geometry": { "type": "MultiLineString", "coordinates": [ [ [ 433565.244400001130998, 717596.369000000413507 ], [ 433565.266475646116305, 717596.426189718768001 ], [ 433565.565100000996608, 717594.298699999926612 ], [ 433564.375679346092511, 717594.116880118497647 ] ] ] } },
{ "type": "Feature", "properties": { "LEFT_FID": -1, "RIGHT_FID": 19 }, "geometry": { "type": "MultiLineString", "coordinates": [ [ [ 433561.509956342517398, 717627.285130220116116 ], [ 433561.91829999932088, 717620.279599999426864 ], [ 433562.357030831801239, 717617.153949604718946 ], [ 433562.369000001053791, 717617.00840000086464 ], [ 433562.403555487515405, 717616.822493965155445 ], [ 433565.242414993175771, 717596.597605032962747 ], [ 433565.244400001130998, 717596.369000000413507 ] ] ] } },
{ "type": "Feature", "properties": { "LEFT_FID": -1, "RIGHT_FID": 16 }, "geometry": { "type": "MultiLineString", "coordinates": [ [ [ 433561.476353701553307, 717627.861616014037281 ], [ 433561.509956342517398, 717627.285130220116116 ] ] ] } },
{ "type": "Feature", "properties": { "LEFT_FID": -1, "RIGHT_FID": 19 }, "geometry": { "type": "MultiLineString", "coordinates": [ [ [ 433561.476353701553307, 717627.861616014037281 ], [ 433561.509956342517398, 717627.285130220116116 ] ] ] } },
{ "type": "Feature", "properties": { "LEFT_FID": 19, "RIGHT_FID": 16 }, "geometry": { "type": "MultiLineString", "coordinates": [ [ [ 433561.509956342517398, 717627.285130220116116 ], [ 433560.897200000297744, 717634.903199999826029 ] ] ] } },
{ "type": "Feature", "properties": { "LEFT_FID": 19, "RIGHT_FID": 19 }, "geometry": { "type": "MultiLineString", "coordinates": [ [ [ 433561.509956342517398, 717627.285130220116116 ], [ 433560.897200000297744, 717634.903199999826029 ] ] ] } },
{ "type": "Feature", "properties": { "LEFT_FID": 21, "RIGHT_FID": 16 }, "geometry": { "type": "MultiLineString", "coordinates": [ [ [ 433560.897200000297744, 717634.903199999826029 ], [ 433561.476353701553307, 717627.861616014037281 ] ] ] } },
{ "type": "Feature", "properties": { "LEFT_FID": 21, "RIGHT_FID": 19 }, "geometry": { "type": "MultiLineString", "coordinates": [ [ [ 433560.897200000297744, 717634.903199999826029 ], [ 433561.476353701553307, 717627.861616014037281 ] ] ] } },
{ "type": "Feature", "properties": { "LEFT_FID": 21, "RIGHT_FID": 19 }, "geometry": { "type": "MultiLineString", "coordinates": [ [ [ 433560.001711659133434, 717653.160525937797502 ], [ 433560.897200000297744, 717634.903199999826029 ] ] ] } },
{ "type": "Feature", "properties": { "LEFT_FID": -1, "RIGHT_FID": 21 }, "geometry": { "type": "MultiLineString", "coordinates": [ [ [ 433560.001711659133434, 717653.160525937797502 ], [ 433561.476353701553307, 717627.861616014037281 ] ] ] } },
{ "type": "Feature", "properties": { "LEFT_FID": -1, "RIGHT_FID": 19 }, "geometry": { "type": "MultiLineString", "coordinates": [ [ [ 433555.567757658369374, 717756.525085782282986 ], [ 433557.61319999943953, 717701.252399999881163 ], [ 433559.821700000786223, 717656.248800001223572 ], [ 433560.001711659133434, 717653.160525937797502 ] ] ] } },
{ "type": "Feature", "properties": { "LEFT_FID": 21, "RIGHT_FID": 19 }, "geometry": { "type": "MultiLineString", "coordinates": [ [ [ 433555.367297299671918, 717760.153111019637436 ], [ 433555.567757658369374, 717756.525085782282986 ] ] ] } },
{ "type": "Feature", "properties": { "LEFT_FID": -1, "RIGHT_FID": 21 }, "geometry": { "type": "MultiLineString", "coordinates": [ [ [ 433555.367297299671918, 717760.153111019637436 ], [ 433555.484700000844896, 717758.769500000285916 ], [ 433555.567757658369374, 717756.525085782282986 ] ] ] } },
{ "type": "Feature", "properties": { "LEFT_FID": -1, "RIGHT_FID": 19 }, "geometry": { "type": "MultiLineString", "coordinates": [ [ [ 433581.530030305380933, 718001.828686401713639 ], [ 433571.055100000638049, 717966.981200000853278 ], [ 433563.83870000106981, 717938.980199999758042 ], [ 433552.234400000132155, 717888.505499999504536 ], [ 433552.423800000862684, 717841.481799999251962 ], [ 433551.178000000712927, 717809.524700000416487 ], [ 433555.367297299671918, 717760.153111019637436 ] ] ] } },
{ "type": "Feature", "properties": { "LEFT_FID": 21, "RIGHT_FID": 19 }, "geometry": { "type": "MultiLineString", "coordinates": [ [ [ 433582.294602245267015, 718209.565508827799931 ], [ 433585.857200000551529, 718172.945900001446716 ], [ 433588.133899998909328, 718146.596599999000318 ], [ 433589.844100000802428, 718120.18490000127349 ], [ 433590.70760000043083, 718095.017200001399033 ], [ 433590.66480000136653, 718075.879100000369363 ], [ 433589.846399999107234, 718056.842200000653975 ], [ 433588.308899999363348, 718039.50379999820143 ], [ 433585.887199999589939, 718021.998600000864826 ], [ 433583.832699999853503, 718011.45029999979306 ], [ 433581.530030305380933, 718001.828686401713639 ] ] ] } },
{ "type": "Feature", "properties": { "LEFT_FID": -1, "RIGHT_FID": 21 }, "geometry": { "type": "MultiLineString", "coordinates": [ [ [ 433582.294602245267015, 718209.565508827799931 ], [ 433588.448900000192225, 718154.542900000698864 ], [ 433590.805100000696257, 718097.951699999626726 ], [ 433591.067600000242237, 718055.641599998809397 ], [ 433588.733000000123866, 718040.40659999998752 ], [ 433584.186500000592787, 718010.666099998168647 ], [ 433581.530030305380933, 718001.828686401713639 ] ] ] } },
{ "type": "Feature", "properties": { "LEFT_FID": -1, "RIGHT_FID": 19 }, "geometry": { "type": "MultiLineString", "coordinates": [ [ [ 433574.807824204035569, 718299.620570958941244 ], [ 433576.445299999439158, 718261.103699999745004 ], [ 433582.188199999160133, 718210.516800000448711 ], [ 433582.294602245267015, 718209.565508827799931 ] ] ] } },
{ "type": "Feature", "properties": { "LEFT_FID": 21, "RIGHT_FID": 19 }, "geometry": { "type": "MultiLineString", "coordinates": [ [ [ 433571.272781637322623, 718341.796218539471738 ], [ 433573.314000000653323, 718322.39629999967292 ], [ 433574.807824204035569, 718299.620570958941244 ] ] ] } },
{ "type": "Feature", "properties": { "LEFT_FID": -1, "RIGHT_FID": 21 }, "geometry": { "type": "MultiLineString", "coordinates": [ [ [ 433571.272781637322623, 718341.796218539471738 ], [ 433573.861699999950361, 718321.875399998854846 ], [ 433574.807824204035569, 718299.620570958941244 ] ] ] } },
{ "type": "Feature", "properties": { "LEFT_FID": -1, "RIGHT_FID": 19 }, "geometry": { "type": "MultiLineString", "coordinates": [ [ [ 433562.736031261447351, 718426.242095405817963 ], [ 433562.615100000577513, 718409.44160000118427 ], [ 433568.12240000028396, 718366.037300000316463 ], [ 433571.272781637322623, 718341.796218539471738 ] ] ] } },
{ "type": "Feature", "properties": { "LEFT_FID": 21, "RIGHT_FID": 19 }, "geometry": { "type": "MultiLineString", "coordinates": [ [ [ 433562.874299736635294, 718445.451180237811059 ], [ 433562.622899999958463, 718432.064099999261089 ], [ 433562.736031261447351, 718426.242095405817963 ] ] ] } },
{ "type": "Feature", "properties": { "LEFT_FID": -1, "RIGHT_FID": 21 }, "geometry": { "type": "MultiLineString", "coordinates": [ [ [ 433562.874299736635294, 718445.451180237811059 ], [ 433562.736031261447351, 718426.242095405817963 ] ] ] } },
{ "type": "Feature", "properties": { "LEFT_FID": -1, "RIGHT_FID": 19 }, "geometry": { "type": "MultiLineString", "coordinates": [ [ [ 433563.394820293178782, 718473.16899166314397 ], [ 433562.955600000859704, 718456.745900000212714 ], [ 433562.874299736635294, 718445.451180237811059 ] ] ] } },
{ "type": "Feature", "properties": { "LEFT_FID": 21, "RIGHT_FID": 19 }, "geometry": { "type": "MultiLineString", "coordinates": [ [ [ 433561.218228130834177, 718526.650300013367087 ], [ 433562.112500000861473, 718517.55019999970682 ], [ 433563.127099999983329, 718503.049499999731779 ], [ 433563.616199999465607, 718484.957499998505227 ], [ 433563.394820293178782, 718473.16899166314397 ] ] ] } },
{ "type": "Feature", "properties": { "LEFT_FID": -1, "RIGHT_FID": 21 }, "geometry": { "type": "MultiLineString", "coordinates": [ [ [ 433561.218228130834177, 718526.650300013367087 ], [ 433564.202700000489131, 718503.376800000551157 ], [ 433563.394820293178782, 718473.16899166314397 ] ] ] } },
{ "type": "Feature", "properties": { "LEFT_FID": -1, "RIGHT_FID": 19 }, "geometry": { "type": "MultiLineString", "coordinates": [ [ [ 433557.884044665843248, 718554.577910100459121 ], [ 433558.212199999717996, 718550.091900000697933 ], [ 433561.218228130834177, 718526.650300013367087 ] ] ] } },
{ "type": "Feature", "properties": { "LEFT_FID": 21, "RIGHT_FID": 19 }, "geometry": { "type": "MultiLineString", "coordinates": [ [ [ 433550.568232883291785, 718657.334245491307229 ], [ 433550.082900000619702, 718644.637599998502992 ], [ 433550.408500000135973, 718626.529100000625476 ], [ 433551.952299999946263, 718604.756700000609271 ], [ 433553.899500000232365, 718586.589899999205954 ], [ 433557.884044665843248, 718554.577910100459121 ] ] ] } },
{ "type": "Feature", "properties": { "LEFT_FID": -1, "RIGHT_FID": 21 }, "geometry": { "type": "MultiLineString", "coordinates": [ [ [ 433550.568232883291785, 718657.334245491307229 ], [ 433554.44809999957215, 718601.548599999747239 ], [ 433557.884044665843248, 718554.577910100459121 ] ] ] } },
{ "type": "Feature", "properties": { "LEFT_FID": -1, "RIGHT_FID": 19 }, "geometry": { "type": "MultiLineString", "coordinates": [ [ [ 433550.635495983529836, 718659.093894908553921 ], [ 433550.496600000711624, 718658.364199998904951 ], [ 433550.568232883291785, 718657.334245491307229 ] ] ] } },
{ "type": "Feature", "properties": { "LEFT_FID": 21, "RIGHT_FID": 19 }, "geometry": { "type": "MultiLineString", "coordinates": [ [ [ 433552.95749999943655, 718679.497800000361167 ], [ 433551.37920000043232, 718667.540200001443736 ], [ 433550.635495983529836, 718659.093894908553921 ] ] ] } },
{ "type": "Feature", "properties": { "LEFT_FID": 19, "RIGHT_FID": 16 }, "geometry": { "type": "MultiLineString", "coordinates": [ [ [ 433552.95749999943655, 718679.497800000361167 ], [ 433555.0153999995091, 718691.554300000192598 ], [ 433555.1754999991972, 718692.334000001661479 ] ] ] } },
{ "type": "Feature", "properties": { "LEFT_FID": 19, "RIGHT_FID": 19 }, "geometry": { "type": "MultiLineString", "coordinates": [ [ [ 433552.95749999943655, 718679.497800000361167 ], [ 433555.0153999995091, 718691.554300000192598 ], [ 433555.1754999991972, 718692.334000001661479 ] ] ] } },
{ "type": "Feature", "properties": { "LEFT_FID": 21, "RIGHT_FID": 16 }, "geometry": { "type": "MultiLineString", "coordinates": [ [ [ 433555.1754999991972, 718692.334000001661479 ], [ 433552.95749999943655, 718679.497800000361167 ] ] ] } },
{ "type": "Feature", "properties": { "LEFT_FID": 21, "RIGHT_FID": 19 }, "geometry": { "type": "MultiLineString", "coordinates": [ [ [ 433555.1754999991972, 718692.334000001661479 ], [ 433552.95749999943655, 718679.497800000361167 ] ] ] } },
{ "type": "Feature", "properties": { "LEFT_FID": -1, "RIGHT_FID": 19 }, "geometry": { "type": "MultiLineString", "coordinates": [ [ [ 433563.479600001184735, 718732.788200001115911 ], [ 433555.339100000157487, 718693.281099999672733 ], [ 433555.1754999991972, 718692.334000001661479 ] ] ] } },
{ "type": "Feature", "properties": { "LEFT_FID": -1, "RIGHT_FID": 21 }, "geometry": { "type": "MultiLineString", "coordinates": [ [ [ 433555.1754999991972, 718692.334000001661479 ], [ 433563.479600001184735, 718732.788200001115911 ] ] ] } },
{ "type": "Feature", "properties": { "LEFT_FID": 21, "RIGHT_FID": 19 }, "geometry": { "type": "MultiLineString", "coordinates": [ [ [ 433565.229101292905398, 718741.846849590656348 ], [ 433563.479600001184735, 718732.788200001115911 ] ] ] } },
{ "type": "Feature", "properties": { "LEFT_FID": -1, "RIGHT_FID": 21 }, "geometry": { "type": "MultiLineString", "coordinates": [ [ [ 433565.229101292905398, 718741.846849590656348 ], [ 433563.923100000596605, 718734.511199998552911 ], [ 433557.557299999694806, 718695.455700001097284 ], [ 433550.635495983529836, 718659.093894908553921 ] ] ] } },
{ "type": "Feature", "properties": { "LEFT_FID": -1, "RIGHT_FID": 19 }, "geometry": { "type": "MultiLineString", "coordinates": [ [ [ 433579.198833333677612, 718802.732100000721402 ], [ 433577.581200001004618, 718797.713500001002103 ], [ 433576.021868141542654, 718792.143032554886304 ], [ 433572.135100000246894, 718780.637000001035631 ], [ 433565.229101292905398, 718741.846849590656348 ] ] ] } },
{ "type": "Feature", "properties": { "LEFT_FID": -1, "RIGHT_FID": 21 }, "geometry": { "type": "MultiLineString", "coordinates": [ [ [ 433576.528378338669427, 718793.642458967049606 ], [ 433579.198833333677612, 718802.732100000721402 ] ] ] } },
{ "type": "Feature", "properties": { "LEFT_FID": 19, "RIGHT_FID": 16 }, "geometry": { "type": "MultiLineString", "coordinates": [ [ [ 433579.198833333677612, 718802.732100000721402 ], [ 433579.754199999966659, 718804.622300001443364 ], [ 433580.338600000191946, 718806.267999998526648 ] ] ] } },
{ "type": "Feature", "properties": { "LEFT_FID": 19, "RIGHT_FID": 19 }, "geometry": { "type": "MultiLineString", "coordinates": [ [ [ 433579.198833333677612, 718802.732100000721402 ], [ 433579.754199999966659, 718804.622300001443364 ], [ 433580.338600000191946, 718806.267999998526648 ] ] ] } },
{ "type": "Feature", "properties": { "LEFT_FID": 21, "RIGHT_FID": 16 }, "geometry": { "type": "MultiLineString", "coordinates": [ [ [ 433580.338600000191946, 718806.267999998526648 ], [ 433579.198833333677612, 718802.732100000721402 ] ] ] } },
{ "type": "Feature", "properties": { "LEFT_FID": 21, "RIGHT_FID": 19 }, "geometry": { "type": "MultiLineString", "coordinates": [ [ [ 433580.338600000191946, 718806.267999998526648 ], [ 433579.198833333677612, 718802.732100000721402 ] ] ] } },
{ "type": "Feature", "properties": { "LEFT_FID": -1, "RIGHT_FID": 19 }, "geometry": { "type": "MultiLineString", "coordinates": [ [ [ 433582.146300000138581, 718811.358500000671484 ], [ 433580.915100000042003, 718808.056500001810491 ], [ 433580.338600000191946, 718806.267999998526648 ] ] ] } },
{ "type": "Feature", "properties": { "LEFT_FID": -1, "RIGHT_FID": 21 }, "geometry": { "type": "MultiLineString", "coordinates": [ [ [ 433580.338600000191946, 718806.267999998526648 ], [ 433582.146300000138581, 718811.358500000671484 ] ] ] } },
{ "type": "Feature", "properties": { "LEFT_FID": 19, "RIGHT_FID": 16 }, "geometry": { "type": "MultiLineString", "coordinates": [ [ [ 433582.146300000138581, 718811.358500000671484 ], [ 433583.39759999915259, 718814.882399999652989 ], [ 433584.161800000641961, 718816.764433332951739 ] ] ] } },
{ "type": "Feature", "properties": { "LEFT_FID": 19, "RIGHT_FID": 19 }, "geometry": { "type": "MultiLineString", "coordinates": [ [ [ 433582.146300000138581, 718811.358500000671484 ], [ 433583.39759999915259, 718814.882399999652989 ], [ 433584.161800000641961, 718816.764433332951739 ] ] ] } },
{ "type": "Feature", "properties": { "LEFT_FID": 21, "RIGHT_FID": 16 }, "geometry": { "type": "MultiLineString", "coordinates": [ [ [ 433584.161800000641961, 718816.764433332951739 ], [ 433582.146300000138581, 718811.358500000671484 ] ] ] } },
{ "type": "Feature", "properties": { "LEFT_FID": 21, "RIGHT_FID": 19 }, "geometry": { "type": "MultiLineString", "coordinates": [ [ [ 433584.161800000641961, 718816.764433332951739 ], [ 433582.146300000138581, 718811.358500000671484 ] ] ] } },
{ "type": "Feature", "properties": { "LEFT_FID": -1, "RIGHT_FID": 21 }, "geometry": { "type": "MultiLineString", "coordinates": [ [ [ 433584.161800000641961, 718816.764433332951739 ], [ 433585.216036184690893, 718819.360605855355971 ], [ 433576.528378338669427, 718793.642458967049606 ] ] ] } },
{ "type": "Feature", "properties": { "LEFT_FID": -1, "RIGHT_FID": 19 }, "geometry": { "type": "MultiLineString", "coordinates": [ [ [ 433590.658711327589117, 718831.6782935251249 ], [ 433587.100500000407919, 718824.939200001885183 ], [ 433585.322518558125012, 718819.675826524849981 ], [ 433584.724400000763126, 718818.273199999472126 ], [ 433584.161800000641961, 718816.764433332951739 ] ] ] } },
{ "type": "Feature", "properties": { "LEFT_FID": -1, "RIGHT_FID": 16 }, "geometry": { "type": "MultiLineString", "coordinates": [ [ [ 433591.294158039498143, 718832.881804662407376 ], [ 433590.658711327589117, 718831.6782935251249 ] ] ] } },
{ "type": "Feature", "properties": { "LEFT_FID": -1, "RIGHT_FID": 19 }, "geometry": { "type": "MultiLineString", "coordinates": [ [ [ 433591.294158039498143, 718832.881804662407376 ], [ 433590.658711327589117, 718831.6782935251249 ] ] ] } },
{ "type": "Feature", "properties": { "LEFT_FID": 19, "RIGHT_FID": 16 }, "geometry": { "type": "MultiLineString", "coordinates": [ [ [ 433590.658711327589117, 718831.6782935251249 ], [ 433591.408800000790507, 718833.119999999529682 ] ] ] } },
{ "type": "Feature", "properties": { "LEFT_FID": 19, "RIGHT_FID": 19 }, "geometry": { "type": "MultiLineString", "coordinates": [ [ [ 433590.658711327589117, 718831.6782935251249 ], [ 433591.408800000790507, 718833.119999999529682 ] ] ] } },
{ "type": "Feature", "properties": { "LEFT_FID": 21, "RIGHT_FID": 16 }, "geometry": { "type": "MultiLineString", "coordinates": [ [ [ 433591.408800000790507, 718833.119999999529682 ], [ 433591.294158039498143, 718832.881804662407376 ] ] ] } },
{ "type": "Feature", "properties": { "LEFT_FID": 21, "RIGHT_FID": 19 }, "geometry": { "type": "MultiLineString", "coordinates": [ [ [ 433591.408800000790507, 718833.119999999529682 ], [ 433591.294158039498143, 718832.881804662407376 ] ] ] } },
{ "type": "Feature", "properties": { "LEFT_FID": -1, "RIGHT_FID": 19 }, "geometry": { "type": "MultiLineString", "coordinates": [ [ [ 433594.0611, 718838.218216665904038 ], [ 433592.287600000679959, 718834.946000000461936 ], [ 433591.408800000790507, 718833.119999999529682 ] ] ] } },
{ "type": "Feature", "properties": { "LEFT_FID": -1, "RIGHT_FID": 21 }, "geometry": { "type": "MultiLineString", "coordinates": [ [ [ 433591.408800000790507, 718833.119999999529682 ], [ 433594.0611, 718838.218216665904038 ] ] ] } },
{ "type": "Feature", "properties": { "LEFT_FID": 21, "RIGHT_FID": 16 }, "geometry": { "type": "MultiLineString", "coordinates": [ [ [ 433596.020004100864753, 718841.832350130891427 ], [ 433594.0611, 718838.218216665904038 ] ] ] } },
{ "type": "Feature", "properties": { "LEFT_FID": 21, "RIGHT_FID": 19 }, "geometry": { "type": "MultiLineString", "coordinates": [ [ [ 433596.020004100864753, 718841.832350130891427 ], [ 433594.0611, 718838.218216665904038 ] ] ] } },
{ "type": "Feature", "properties": { "LEFT_FID": -1, "RIGHT_FID": 21 }, "geometry": { "type": "MultiLineString", "coordinates": [ [ [ 433596.020004100864753, 718841.832350130891427 ], [ 433591.294158039498143, 718832.881804662407376 ] ] ] } },
{ "type": "Feature", "properties": { "LEFT_FID": 19, "RIGHT_FID": 16 }, "geometry": { "type": "MultiLineString", "coordinates": [ [ [ 433594.0611, 718838.218216665904038 ], [ 433595.708100000978447, 718841.383899999316782 ], [ 433596.484343544812873, 718842.711788700777106 ] ] ] } },
{ "type": "Feature", "properties": { "LEFT_FID": 19, "RIGHT_FID": 19 }, "geometry": { "type": "MultiLineString", "coordinates": [ [ [ 433594.0611, 718838.218216665904038 ], [ 433595.708100000978447, 718841.383899999316782 ], [ 433596.484343544812873, 718842.711788700777106 ] ] ] } },
{ "type": "Feature", "properties": { "LEFT_FID": -1, "RIGHT_FID": 16 }, "geometry": { "type": "MultiLineString", "coordinates": [ [ [ 433596.484343544812873, 718842.711788700777106 ], [ 433596.020004100864753, 718841.832350130891427 ] ] ] } },
{ "type": "Feature", "properties": { "LEFT_FID": -1, "RIGHT_FID": 19 }, "geometry": { "type": "MultiLineString", "coordinates": [ [ [ 433596.484343544812873, 718842.711788700777106 ], [ 433596.020004100864753, 718841.832350130891427 ] ] ] } },
{ "type": "Feature", "properties": { "LEFT_FID": -1, "RIGHT_FID": 19 }, "geometry": { "type": "MultiLineString", "coordinates": [ [ [ 433612.143867011880502, 718867.106637509074062 ], [ 433604.225500000233296, 718857.373199999565259 ], [ 433596.484343544812873, 718842.711788700777106 ] ] ] } },
{ "type": "Feature", "properties": { "LEFT_FID": -1, "RIGHT_FID": 16 }, "geometry": { "type": "MultiLineString", "coordinates": [ [ [ 433612.309970642905682, 718867.310815884382464 ], [ 433612.143867011880502, 718867.106637509074062 ] ] ] } },
{ "type": "Feature", "properties": { "LEFT_FID": -1, "RIGHT_FID": 19 }, "geometry": { "type": "MultiLineString", "coordinates": [ [ [ 433612.309970642905682, 718867.310815884382464 ], [ 433612.143867011880502, 718867.106637509074062 ] ] ] } },
{ "type": "Feature", "properties": { "LEFT_FID": 19, "RIGHT_FID": 16 }, "geometry": { "type": "MultiLineString", "coordinates": [ [ [ 433612.143867011880502, 718867.106637509074062 ], [ 433613.422999999951571, 718868.927699998836033 ], [ 433614.364100000704639, 718870.162499998928979 ] ] ] } },
{ "type": "Feature", "properties": { "LEFT_FID": 19, "RIGHT_FID": 19 }, "geometry": { "type": "MultiLineString", "coordinates": [ [ [ 433612.143867011880502, 718867.106637509074062 ], [ 433613.422999999951571, 718868.927699998836033 ], [ 433614.364100000704639, 718870.162499998928979 ] ] ] } },
{ "type": "Feature", "properties": { "LEFT_FID": 21, "RIGHT_FID": 16 }, "geometry": { "type": "MultiLineString", "coordinates": [ [ [ 433614.364100000704639, 718870.162499998928979 ], [ 433612.309970642905682, 718867.310815884382464 ] ] ] } },
{ "type": "Feature", "properties": { "LEFT_FID": 21, "RIGHT_FID": 19 }, "geometry": { "type": "MultiLineString", "coordinates": [ [ [ 433614.364100000704639, 718870.162499998928979 ], [ 433612.309970642905682, 718867.310815884382464 ] ] ] } },
{ "type": "Feature", "properties": { "LEFT_FID": -1, "RIGHT_FID": 19 }, "geometry": { "type": "MultiLineString", "coordinates": [ [ [ 433619.120699999097269, 718876.403599999379367 ], [ 433615.5905, 718871.865099999005906 ], [ 433614.364100000704639, 718870.162499998928979 ] ] ] } },
{ "type": "Feature", "properties": { "LEFT_FID": -1, "RIGHT_FID": 21 }, "geometry": { "type": "MultiLineString", "coordinates": [ [ [ 433614.364100000704639, 718870.162499998928979 ], [ 433619.120699999097269, 718876.403599999379367 ] ] ] } },
{ "type": "Feature", "properties": { "LEFT_FID": 19, "RIGHT_FID": 16 }, "geometry": { "type": "MultiLineString", "coordinates": [ [ [ 433619.120699999097269, 718876.403599999379367 ], [ 433622.286200000729878, 718880.557099999161437 ], [ 433623.125399999902584, 718881.552200000965968 ] ] ] } },
{ "type": "Feature", "properties": { "LEFT_FID": 19, "RIGHT_FID": 19 }, "geometry": { "type": "MultiLineString", "coordinates": [ [ [ 433619.120699999097269, 718876.403599999379367 ], [ 433622.286200000729878, 718880.557099999161437 ], [ 433623.125399999902584, 718881.552200000965968 ] ] ] } },
{ "type": "Feature", "properties": { "LEFT_FID": 21, "RIGHT_FID": 16 }, "geometry": { "type": "MultiLineString", "coordinates": [ [ [ 433623.125399999902584, 718881.552200000965968 ], [ 433619.120699999097269, 718876.403599999379367 ] ] ] } },
{ "type": "Feature", "properties": { "LEFT_FID": 21, "RIGHT_FID": 19 }, "geometry": { "type": "MultiLineString", "coordinates": [ [ [ 433623.125399999902584, 718881.552200000965968 ], [ 433619.120699999097269, 718876.403599999379367 ] ] ] } },
{ "type": "Feature", "properties": { "LEFT_FID": -1, "RIGHT_FID": 19 }, "geometry": { "type": "MultiLineString", "coordinates": [ [ [ 433641.24610000080429, 718903.039400001172908 ], [ 433624.576500000315718, 718883.417800000403076 ], [ 433623.125399999902584, 718881.552200000965968 ] ] ] } },
{ "type": "Feature", "properties": { "LEFT_FID": -1, "RIGHT_FID": 21 }, "geometry": { "type": "MultiLineString", "coordinates": [ [ [ 433623.125399999902584, 718881.552200000965968 ], [ 433641.24610000080429, 718903.039400001172908 ] ] ] } },
{ "type": "Feature", "properties": { "LEFT_FID": 21, "RIGHT_FID": 19 }, "geometry": { "type": "MultiLineString", "coordinates": [ [ [ 433702.996529088413808, 718973.123977453098632 ], [ 433685.782099999429192, 718952.305700000142679 ], [ 433641.24610000080429, 718903.039400001172908 ] ] ] } },
{ "type": "Feature", "properties": { "LEFT_FID": -1, "RIGHT_FID": 21 }, "geometry": { "type": "MultiLineString", "coordinates": [ [ [ 433702.996529088413808, 718973.123977453098632 ], [ 433692.810400000074878, 718959.837700000265613 ], [ 433668.068699999770615, 718928.610200000694022 ], [ 433635.792600000102539, 718896.176200000802055 ], [ 433612.309970642905682, 718867.310815884382464 ] ] ] } },
{ "type": "Feature", "properties": { "LEFT_FID": -1, "RIGHT_FID": 19 }, "geometry": { "type": "MultiLineString", "coordinates": [ [ [ 433728.595236381166615, 719001.074786324286833 ], [ 433719.311399999132846, 718994.263800000189804 ], [ 433718.837999999406748, 718993.786800000467338 ], [ 433702.996529088413808, 718973.123977453098632 ] ] ] } },
{ "type": "Feature", "properties": { "LEFT_FID": 21, "RIGHT_FID": 19 }, "geometry": { "type": "MultiLineString", "coordinates": [ [ [ 433757.747599999944214, 719030.776000001467764 ], [ 433746.30079999967711, 719018.312299999292009 ], [ 433728.595236381166615, 719001.074786324286833 ] ] ] } },
{ "type": "Feature", "properties": { "LEFT_FID": -1, "RIGHT_FID": 21 }, "geometry": { "type": "MultiLineString", "coordinates": [ [ [ 433757.747599999944214, 719030.776000001467764 ], [ 433766.124845815473236, 719041.517676617018878 ], [ 433759.344700000539888, 719032.505599999683909 ], [ 433752.723000000871252, 719024.341000000247732 ], [ 433735.832600000139792, 719006.384400000795722 ], [ 433728.595236381166615, 719001.074786324286833 ] ] ] } },
{ "type": "Feature", "properties": { "LEFT_FID": -1, "RIGHT_FID": 19 }, "geometry": { "type": "MultiLineString", "coordinates": [ [ [ 433768.94045814499259, 719045.260149823268875 ], [ 433768.736009734857362, 719044.988399808877148 ], [ 433757.747599999944214, 719030.776000001467764 ] ] ] } },
{ "type": "Feature", "properties": { "LEFT_FID": -1, "RIGHT_FID": 16 }, "geometry": { "type": "MultiLineString", "coordinates": [ [ [ 433770.354841216758359, 719047.140128359897062 ], [ 433768.94045814499259, 719045.260149823268875 ] ] ] } },
{ "type": "Feature", "properties": { "LEFT_FID": -1, "RIGHT_FID": 19 }, "geometry": { "type": "MultiLineString", "coordinates": [ [ [ 433770.354841216758359, 719047.140128359897062 ], [ 433768.94045814499259, 719045.260149823268875 ] ] ] } },
{ "type": "Feature", "properties": { "LEFT_FID": 21, "RIGHT_FID": 16 }, "geometry": { "type": "MultiLineString", "coordinates": [ [ [ 433774.3908079690882, 719052.683696619002149 ], [ 433770.354841216758359, 719047.140128359897062 ] ] ] } },
{ "type": "Feature", "properties": { "LEFT_FID": 21, "RIGHT_FID": 19 }, "geometry": { "type": "MultiLineString", "coordinates": [ [ [ 433774.3908079690882, 719052.683696619002149 ], [ 433770.354841216758359, 719047.140128359897062 ] ] ] } },
{ "type": "Feature", "properties": { "LEFT_FID": -1, "RIGHT_FID": 21 }, "geometry": { "type": "MultiLineString", "coordinates": [ [ [ 433774.3908079690882, 719052.683696619002149 ], [ 433773.065200000593904, 719050.742699999012984 ], [ 433770.354841216758359, 719047.140128359897062 ] ] ] } },
{ "type": "Feature", "properties": { "LEFT_FID": 19, "RIGHT_FID": 16 }, "geometry": { "type": "MultiLineString", "coordinates": [ [ [ 433768.94045814499259, 719045.260149823268875 ], [ 433775.084768856933806, 719053.6998158384813 ] ] ] } },
{ "type": "Feature", "properties": { "LEFT_FID": 19, "RIGHT_FID": 19 }, "geometry": { "type": "MultiLineString", "coordinates": [ [ [ 433768.94045814499259, 719045.260149823268875 ], [ 433775.084768856933806, 719053.6998158384813 ] ] ] } },
{ "type": "Feature", "properties": { "LEFT_FID": -1, "RIGHT_FID": 16 }, "geometry": { "type": "MultiLineString", "coordinates": [ [ [ 433775.084768856933806, 719053.6998158384813 ], [ 433774.3908079690882, 719052.683696619002149 ] ] ] } },
{ "type": "Feature", "properties": { "LEFT_FID": -1, "RIGHT_FID": 19 }, "geometry": { "type": "MultiLineString", "coordinates": [ [ [ 433775.084768856933806, 719053.6998158384813 ], [ 433774.3908079690882, 719052.683696619002149 ] ] ] } },
{ "type": "Feature", "properties": { "LEFT_FID": -1, "RIGHT_FID": 19 }, "geometry": { "type": "MultiLineString", "coordinates": [ [ [ 433854.554491511196829, 719151.472973972791806 ], [ 433849.907199999201111, 719147.17499999969732 ], [ 433837.152300000132527, 719132.024099999689497 ], [ 433807.269899998675101, 719097.457800001371652 ], [ 433793.866999998979736, 719080.876000000745989 ], [ 433783.623300000792369, 719066.202199999243021 ], [ 433775.084768856933806, 719053.6998158384813 ] ] ] } },
{ "type": "Feature", "properties": { "LEFT_FID": -1, "RIGHT_FID": 16 }, "geometry": { "type": "MultiLineString", "coordinates": [ [ [ 433854.667881774017587, 719151.577841163263656 ], [ 433854.554491511196829, 719151.472973972791806 ] ] ] } },
{ "type": "Feature", "properties": { "LEFT_FID": -1, "RIGHT_FID": 19 }, "geometry": { "type": "MultiLineString", "coordinates": [ [ [ 433854.667881774017587, 719151.577841163263656 ], [ 433854.554491511196829, 719151.472973972791806 ] ] ] } },
{ "type": "Feature", "properties": { "LEFT_FID": 21, "RIGHT_FID": 16 }, "geometry": { "type": "MultiLineString", "coordinates": [ [ [ 433870.430200001166668, 719169.479300000471994 ], [ 433854.667881774017587, 719151.577841163263656 ] ] ] } },
{ "type": "Feature", "properties": { "LEFT_FID": 21, "RIGHT_FID": 19 }, "geometry": { "type": "MultiLineString", "coordinates": [ [ [ 433870.430200001166668, 719169.479300000471994 ], [ 433854.667881774017587, 719151.577841163263656 ] ] ] } },
{ "type": "Feature", "properties": { "LEFT_FID": 19, "RIGHT_FID": 16 }, "geometry": { "type": "MultiLineString", "coordinates": [ [ [ 433854.554491511196829, 719151.472973972791806 ], [ 433871.441599999787286, 719170.664700000663288 ] ] ] } },
{ "type": "Feature", "properties": { "LEFT_FID": 19, "RIGHT_FID": 19 }, "geometry": { "type": "MultiLineString", "coordinates": [ [ [ 433854.554491511196829, 719151.472973972791806 ], [ 433871.441599999787286, 719170.664700000663288 ] ] ] } },
{ "type": "Feature", "properties": { "LEFT_FID": 21, "RIGHT_FID": 16 }, "geometry": { "type": "MultiLineString", "coordinates": [ [ [ 433871.441599999787286, 719170.664700000663288 ], [ 433870.430200001166668, 719169.479300000471994 ] ] ] } },
{ "type": "Feature", "properties": { "LEFT_FID": 21, "RIGHT_FID": 19 }, "geometry": { "type": "MultiLineString", "coordinates": [ [ [ 433871.441599999787286, 719170.664700000663288 ], [ 433870.430200001166668, 719169.479300000471994 ] ] ] } },
{ "type": "Feature", "properties": { "LEFT_FID": -1, "RIGHT_FID": 19 }, "geometry": { "type": "MultiLineString", "coordinates": [ [ [ 433891.292300000670366, 719193.929399999789894 ], [ 433871.441599999787286, 719170.664700000663288 ] ] ] } },
{ "type": "Feature", "properties": { "LEFT_FID": -1, "RIGHT_FID": 21 }, "geometry": { "type": "MultiLineString", "coordinates": [ [ [ 433871.441599999787286, 719170.664700000663288 ], [ 433872.771200000192039, 719172.175700000487268 ], [ 433891.292300000670366, 719193.929399999789894 ] ] ] } },
{ "type": "Feature", "properties": { "LEFT_FID": -1, "RIGHT_FID": 19 }, "geometry": { "type": "MultiLineString", "coordinates": [ [ [ 433912.545500001113396, 719220.358799999346957 ], [ 433891.292300000670366, 719193.929399999789894 ] ] ] } },
{ "type": "Feature", "properties": { "LEFT_FID": -1, "RIGHT_FID": 21 }, "geometry": { "type": "MultiLineString", "coordinates": [ [ [ 433891.292300000670366, 719193.929399999789894 ], [ 433911.534300000057556, 719218.999299998627976 ], [ 433912.545500001113396, 719220.358799999346957 ] ] ] } },
{ "type": "Feature", "properties": { "LEFT_FID": 21, "RIGHT_FID": 16 }, "geometry": { "type": "MultiLineString", "coordinates": [ [ [ 433913.734499999205582, 719221.837400000775233 ], [ 433912.545500001113396, 719220.358799999346957 ] ] ] } },
{ "type": "Feature", "properties": { "LEFT_FID": 21, "RIGHT_FID": 19 }, "geometry": { "type": "MultiLineString", "coordinates": [ [ [ 433913.734499999205582, 719221.837400000775233 ], [ 433912.545500001113396, 719220.358799999346957 ] ] ] } },
{ "type": "Feature", "properties": { "LEFT_FID": 21, "RIGHT_FID": 16 }, "geometry": { "type": "MultiLineString", "coordinates": [ [ [ 433930.405503205896821, 719244.28752073913347 ], [ 433913.734499999205582, 719221.837400000775233 ] ] ] } },
{ "type": "Feature", "properties": { "LEFT_FID": 21, "RIGHT_FID": 19 }, "geometry": { "type": "MultiLineString", "coordinates": [ [ [ 433930.405503205896821, 719244.28752073913347 ], [ 433913.734499999205582, 719221.837400000775233 ] ] ] } },
{ "type": "Feature", "properties": { "LEFT_FID": -1, "RIGHT_FID": 21 }, "geometry": { "type": "MultiLineString", "coordinates": [ [ [ 433930.405503205896821, 719244.28752073913347 ], [ 433922.102500000153668, 719232.300200000172481 ], [ 433903.520800000056624, 719206.99269999936223 ], [ 433883.372599999944214, 719184.406700000166893 ], [ 433869.505199999723118, 719165.299899999867193 ], [ 433854.667881774017587, 719151.577841163263656 ] ] ] } },
{ "type": "Feature", "properties": { "LEFT_FID": 19, "RIGHT_FID": 16 }, "geometry": { "type": "MultiLineString", "coordinates": [ [ [ 433912.545500001113396, 719220.358799999346957 ], [ 433931.245641722518485, 719245.500456544919871 ] ] ] } },
{ "type": "Feature", "properties": { "LEFT_FID": 19, "RIGHT_FID": 19 }, "geometry": { "type": "MultiLineString", "coordinates": [ [ [ 433912.545500001113396, 719220.358799999346957 ], [ 433931.245641722518485, 719245.500456544919871 ] ] ] } },
{ "type": "Feature", "properties": { "LEFT_FID": -1, "RIGHT_FID": 16 }, "geometry": { "type": "MultiLineString", "coordinates": [ [ [ 433931.245641722518485, 719245.500456544919871 ], [ 433930.405503205896821, 719244.28752073913347 ] ] ] } },
{ "type": "Feature", "properties": { "LEFT_FID": -1, "RIGHT_FID": 19 }, "geometry": { "type": "MultiLineString", "coordinates": [ [ [ 433931.245641722518485, 719245.500456544919871 ], [ 433930.405503205896821, 719244.28752073913347 ] ] ] } },
{ "type": "Feature", "properties": { "LEFT_FID": -1, "RIGHT_FID": 19 }, "geometry": { "type": "MultiLineString", "coordinates": [ [ [ 433997.554633528518025, 719297.98189932515379 ], [ 433977.786399999342393, 719289.031700000632554 ], [ 433957.330600000044797, 719276.20959999889601 ], [ 433952.73839999944903, 719271.411800001631491 ], [ 433936.988699998881202, 719253.791900000534952 ], [ 433931.245641722518485, 719245.500456544919871 ] ] ] } },
{ "type": "Feature", "properties": { "LEFT_FID": 21, "RIGHT_FID": 19 }, "geometry": { "type": "MultiLineString", "coordinates": [ [ [ 434014.210899999481626, 719306.82850000099279 ], [ 434003.968299998843577, 719301.140900001861155 ], [ 433997.554633528518025, 719297.98189932515379 ] ] ] } },
{ "type": "Feature", "properties": { "LEFT_FID": -1, "RIGHT_FID": 21 }, "geometry": { "type": "MultiLineString", "coordinates": [ [ [ 434014.210899999481626, 719306.82850000099279 ], [ 434019.240541671169922, 719310.026597745250911 ], [ 434010.779400001396425, 719304.154399999417365 ], [ 434006.602099999436177, 719302.078199998359196 ], [ 433997.554633528518025, 719297.98189932515379 ] ] ] } },
{ "type": "Feature", "properties": { "LEFT_FID": -1, "RIGHT_FID": 19 }, "geometry": { "type": "MultiLineString", "coordinates": [ [ [ 434054.79722477478208, 719335.731393210706301 ], [ 434035.1973, 719321.100899999728426 ], [ 434019.648533181054518, 719310.309751830645837 ], [ 434014.210899999481626, 719306.82850000099279 ] ] ] } },
{ "type": "Feature", "properties": { "LEFT_FID": -1, "RIGHT_FID": 16 }, "geometry": { "type": "MultiLineString", "coordinates": [ [ [ 434055.30390450626146, 719336.109607640770264 ], [ 434054.79722477478208, 719335.731393210706301 ] ] ] } },
{ "type": "Feature", "properties": { "LEFT_FID": -1, "RIGHT_FID": 19 }, "geometry": { "type": "MultiLineString", "coordinates": [ [ [ 434055.30390450626146, 719336.109607640770264 ], [ 434054.79722477478208, 719335.731393210706301 ] ] ] } },
{ "type": "Feature", "properties": { "LEFT_FID": 19, "RIGHT_FID": 16 }, "geometry": { "type": "MultiLineString", "coordinates": [ [ [ 434054.79722477478208, 719335.731393210706301 ], [ 434065.172399998642504, 719343.867699999012984 ] ] ] } },
{ "type": "Feature", "properties": { "LEFT_FID": 19, "RIGHT_FID": 19 }, "geometry": { "type": "MultiLineString", "coordinates": [ [ [ 434054.79722477478208, 719335.731393210706301 ], [ 434065.172399998642504, 719343.867699999012984 ] ] ] } },
{ "type": "Feature", "properties": { "LEFT_FID": 21, "RIGHT_FID": 16 }, "geometry": { "type": "MultiLineString", "coordinates": [ [ [ 434065.172399998642504, 719343.867699999012984 ], [ 434055.30390450626146, 719336.109607640770264 ] ] ] } },
{ "type": "Feature", "properties": { "LEFT_FID": 21, "RIGHT_FID": 19 }, "geometry": { "type": "MultiLineString", "coordinates": [ [ [ 434065.172399998642504, 719343.867699999012984 ], [ 434055.30390450626146, 719336.109607640770264 ] ] ] } },
{ "type": "Feature", "properties": { "LEFT_FID": -1, "RIGHT_FID": 21 }, "geometry": { "type": "MultiLineString", "coordinates": [ [ [ 434065.172399998642504, 719343.867699999012984 ], [ 434069.295637723524123, 719347.101212125853635 ], [ 434060.681300000636838, 719340.123600001214072 ], [ 434055.30390450626146, 719336.109607640770264 ] ] ] } },
{ "type": "Feature", "properties": { "LEFT_FID": -1, "RIGHT_FID": 19 }, "geometry": { "type": "MultiLineString", "coordinates": [ [ [ 434092.982100000255741, 719366.462300001061521 ], [ 434084.207571052422281, 719359.17987564811483 ], [ 434069.631426110980101, 719347.373200664180331 ], [ 434065.172399998642504, 719343.867699999012984 ] ] ] } },
{ "type": "Feature", "properties": { "LEFT_FID": -1, "RIGHT_FID": 21 }, "geometry": { "type": "MultiLineString", "coordinates": [ [ [ 434084.822177360765636, 719359.676932891248725 ], [ 434092.146900000632741, 719365.713000000221655 ], [ 434092.982100000255741, 719366.462300001061521 ] ] ] } },
{ "type": "Feature", "properties": { "LEFT_FID": 21, "RIGHT_FID": 16 }, "geometry": { "type": "MultiLineString", "coordinates": [ [ [ 434093.549799999687821, 719366.933499998995103 ], [ 434092.982100000255741, 719366.462300001061521 ] ] ] } },
{ "type": "Feature", "properties": { "LEFT_FID": 21, "RIGHT_FID": 19 }, "geometry": { "type": "MultiLineString", "coordinates": [ [ [ 434093.549799999687821, 719366.933499998995103 ], [ 434092.982100000255741, 719366.462300001061521 ] ] ] } },
{ "type": "Feature", "properties": { "LEFT_FID": 19, "RIGHT_FID": 16 }, "geometry": { "type": "MultiLineString", "coordinates": [ [ [ 434092.982100000255741, 719366.462300001061521 ], [ 434096.779000000504311, 719369.868799998424947 ] ] ] } },
{ "type": "Feature", "properties": { "LEFT_FID": 19, "RIGHT_FID": 19 }, "geometry": { "type": "MultiLineString", "coordinates": [ [ [ 434092.982100000255741, 719366.462300001061521 ], [ 434096.779000000504311, 719369.868799998424947 ] ] ] } },
{ "type": "Feature", "properties": { "LEFT_FID": 21, "RIGHT_FID": 16 }, "geometry": { "type": "MultiLineString", "coordinates": [ [ [ 434096.779000000504311, 719369.868799998424947 ], [ 434093.549799999687821, 719366.933499998995103 ] ] ] } },
{ "type": "Feature", "properties": { "LEFT_FID": 21, "RIGHT_FID": 19 }, "geometry": { "type": "MultiLineString", "coordinates": [ [ [ 434096.779000000504311, 719369.868799998424947 ], [ 434093.549799999687821, 719366.933499998995103 ] ] ] } },
{ "type": "Feature", "properties": { "LEFT_FID": -1, "RIGHT_FID": 19 }, "geometry": { "type": "MultiLineString", "coordinates": [ [ [ 434101.122199999517761, 719373.816899999161251 ], [ 434096.779000000504311, 719369.868799998424947 ] ] ] } },
{ "type": "Feature", "properties": { "LEFT_FID": -1, "RIGHT_FID": 21 }, "geometry": { "type": "MultiLineString", "coordinates": [ [ [ 434096.779000000504311, 719369.868799998424947 ], [ 434100.433399999630637, 719373.147600001073442 ], [ 434101.122199999517761, 719373.816899999161251 ] ] ] } },
{ "type": "Feature", "properties": { "LEFT_FID": 21, "RIGHT_FID": 16 }, "geometry": { "type": "MultiLineString", "coordinates": [ [ [ 434101.781499998643994, 719374.416200000210665 ], [ 434101.122199999517761, 719373.816899999161251 ] ] ] } },
{ "type": "Feature", "properties": { "LEFT_FID": 21, "RIGHT_FID": 19 }, "geometry": { "type": "MultiLineString", "coordinates": [ [ [ 434101.781499998643994, 719374.416200000210665 ], [ 434101.122199999517761, 719373.816899999161251 ] ] ] } },
{ "type": "Feature", "properties": { "LEFT_FID": 19, "RIGHT_FID": 16 }, "geometry": { "type": "MultiLineString", "coordinates": [ [ [ 434101.122199999517761, 719373.816899999161251 ], [ 434104.310300000361167, 719376.914599998854101 ] ] ] } },
{ "type": "Feature", "properties": { "LEFT_FID": 19, "RIGHT_FID": 19 }, "geometry": { "type": "MultiLineString", "coordinates": [ [ [ 434101.122199999517761, 719373.816899999161251 ], [ 434104.310300000361167, 719376.914599998854101 ] ] ] } },
{ "type": "Feature", "properties": { "LEFT_FID": 21, "RIGHT_FID": 16 }, "geometry": { "type": "MultiLineString", "coordinates": [ [ [ 434104.310300000361167, 719376.914599998854101 ], [ 434101.781499998643994, 719374.416200000210665 ] ] ] } },
{ "type": "Feature", "properties": { "LEFT_FID": 21, "RIGHT_FID": 19 }, "geometry": { "type": "MultiLineString", "coordinates": [ [ [ 434104.310300000361167, 719376.914599998854101 ], [ 434101.781499998643994, 719374.416200000210665 ] ] ] } },
{ "type": "Feature", "properties": { "LEFT_FID": -1, "RIGHT_FID": 19 }, "geometry": { "type": "MultiLineString", "coordinates": [ [ [ 434107.439700000337325, 719380.006500001065433 ], [ 434104.310300000361167, 719376.914599998854101 ] ] ] } },
{ "type": "Feature", "properties": { "LEFT_FID": -1, "RIGHT_FID": 21 }, "geometry": { "type": "MultiLineString", "coordinates": [ [ [ 434104.310300000361167, 719376.914599998854101 ], [ 434107.066400000010617, 719379.592599999043159 ], [ 434107.439700000337325, 719380.006500001065433 ] ] ] } },
{ "type": "Feature", "properties": { "LEFT_FID": 21, "RIGHT_FID": 16 }, "geometry": { "type": "MultiLineString", "coordinates": [ [ [ 434108.359000000986271, 719380.914699998567812 ], [ 434107.439700000337325, 719380.006500001065433 ] ] ] } },
{ "type": "Feature", "properties": { "LEFT_FID": 21, "RIGHT_FID": 19 }, "geometry": { "type": "MultiLineString", "coordinates": [ [ [ 434108.359000000986271, 719380.914699998567812 ], [ 434107.439700000337325, 719380.006500001065433 ] ] ] } },
{ "type": "Feature", "properties": { "LEFT_FID": 19, "RIGHT_FID": 16 }, "geometry": { "type": "MultiLineString", "coordinates": [ [ [ 434107.439700000337325, 719380.006500001065433 ], [ 434113.019200001086574, 719386.191800000495277 ] ] ] } },
{ "type": "Feature", "properties": { "LEFT_FID": 19, "RIGHT_FID": 19 }, "geometry": { "type": "MultiLineString", "coordinates": [ [ [ 434107.439700000337325, 719380.006500001065433 ], [ 434113.019200001086574, 719386.191800000495277 ] ] ] } },
{ "type": "Feature", "properties": { "LEFT_FID": 21, "RIGHT_FID": 16 }, "geometry": { "type": "MultiLineString", "coordinates": [ [ [ 434113.019200001086574, 719386.191800000495277 ], [ 434108.359000000986271, 719380.914699998567812 ] ] ] } },
{ "type": "Feature", "properties": { "LEFT_FID": 21, "RIGHT_FID": 19 }, "geometry": { "type": "MultiLineString", "coordinates": [ [ [ 434113.019200001086574, 719386.191800000495277 ], [ 434108.359000000986271, 719380.914699998567812 ] ] ] } },
{ "type": "Feature", "properties": { "LEFT_FID": -1, "RIGHT_FID": 19 }, "geometry": { "type": "MultiLineString", "coordinates": [ [ [ 434118.894399998767767, 719392.844699999899603 ], [ 434113.019200001086574, 719386.191800000495277 ] ] ] } },
{ "type": "Feature", "properties": { "LEFT_FID": -1, "RIGHT_FID": 21 }, "geometry": { "type": "MultiLineString", "coordinates": [ [ [ 434113.019200001086574, 719386.191800000495277 ], [ 434118.232599999348167, 719391.971200001426041 ], [ 434118.894399998767767, 719392.844699999899603 ] ] ] } },
{ "type": "Feature", "properties": { "LEFT_FID": 21, "RIGHT_FID": 16 }, "geometry": { "type": "MultiLineString", "coordinates": [ [ [ 434119.403000000107568, 719393.420600000536069 ], [ 434118.894399998767767, 719392.844699999899603 ] ] ] } },
{ "type": "Feature", "properties": { "LEFT_FID": 21, "RIGHT_FID": 19 }, "geometry": { "type": "MultiLineString", "coordinates": [ [ [ 434119.403000000107568, 719393.420600000536069 ], [ 434118.894399998767767, 719392.844699999899603 ] ] ] } },
{ "type": "Feature", "properties": { "LEFT_FID": 19, "RIGHT_FID": 16 }, "geometry": { "type": "MultiLineString", "coordinates": [ [ [ 434118.894399998767767, 719392.844699999899603 ], [ 434124.904790088534355, 719400.775740454671904 ] ] ] } },
{ "type": "Feature", "properties": { "LEFT_FID": 19, "RIGHT_FID": 19 }, "geometry": { "type": "MultiLineString", "coordinates": [ [ [ 434118.894399998767767, 719392.844699999899603 ], [ 434124.904790088534355, 719400.775740454671904 ] ] ] } },
{ "type": "Feature", "properties": { "LEFT_FID": 21, "RIGHT_FID": 16 }, "geometry": { "type": "MultiLineString", "coordinates": [ [ [ 434124.904790088534355, 719400.775740454671904 ], [ 434119.403000000107568, 719393.420600000536069 ] ] ] } },
{ "type": "Feature", "properties": { "LEFT_FID": 21, "RIGHT_FID": 19 }, "geometry": { "type": "MultiLineString", "coordinates": [ [ [ 434124.904790088534355, 719400.775740454671904 ], [ 434119.403000000107568, 719393.420600000536069 ] ] ] } },
{ "type": "Feature", "properties": { "LEFT_FID": -1, "RIGHT_FID": 21 }, "geometry": { "type": "MultiLineString", "coordinates": [ [ [ 434124.904790088534355, 719400.775740454671904 ], [ 434118.628499998885673, 719390.991200000164099 ], [ 434098.4939, 719370.425300000351854 ], [ 434084.822177360765636, 719359.676932891248725 ] ] ] } },
{ "type": "Feature", "properties": { "LEFT_FID": -1, "RIGHT_FID": 19 }, "geometry": { "type": "MultiLineString", "coordinates": [ [ [ 434132.35630000004312, 719412.728399998508394 ], [ 434130.397574886446819, 719409.33837504463736 ], [ 434124.904790088534355, 719400.775740454671904 ] ] ] } },
{ "type": "Feature", "properties": { "LEFT_FID": -1, "RIGHT_FID": 21 }, "geometry": { "type": "MultiLineString", "coordinates": [ [ [ 434131.186510266212281, 719410.568293413729407 ], [ 434132.35630000004312, 719412.728399998508394 ] ] ] } },
{ "type": "Feature", "properties": { "LEFT_FID": 21, "RIGHT_FID": 16 }, "geometry": { "type": "MultiLineString", "coordinates": [ [ [ 434133.801199999114033, 719415.229299999657087 ], [ 434132.35630000004312, 719412.728399998508394 ] ] ] } },
{ "type": "Feature", "properties": { "LEFT_FID": 21, "RIGHT_FID": 19 }, "geometry": { "type": "MultiLineString", "coordinates": [ [ [ 434133.801199999114033, 719415.229299999657087 ], [ 434132.35630000004312, 719412.728399998508394 ] ] ] } },
{ "type": "Feature", "properties": { "LEFT_FID": 19, "RIGHT_FID": 16 }, "geometry": { "type": "MultiLineString", "coordinates": [ [ [ 434132.35630000004312, 719412.728399998508394 ], [ 434135.082200000877492, 719417.762199999648146 ] ] ] } },
{ "type": "Feature", "properties": { "LEFT_FID": 19, "RIGHT_FID": 19 }, "geometry": { "type": "MultiLineString", "coordinates": [ [ [ 434132.35630000004312, 719412.728399998508394 ], [ 434135.082200000877492, 719417.762199999648146 ] ] ] } },
{ "type": "Feature", "properties": { "LEFT_FID": 21, "RIGHT_FID": 16 }, "geometry": { "type": "MultiLineString", "coordinates": [ [ [ 434135.082200000877492, 719417.762199999648146 ], [ 434133.801199999114033, 719415.229299999657087 ] ] ] } },
{ "type": "Feature", "properties": { "LEFT_FID": 21, "RIGHT_FID": 19 }, "geometry": { "type": "MultiLineString", "coordinates": [ [ [ 434135.082200000877492, 719417.762199999648146 ], [ 434133.801199999114033, 719415.229299999657087 ] ] ] } },
{ "type": "Feature", "properties": { "LEFT_FID": -1, "RIGHT_FID": 21 }, "geometry": { "type": "MultiLineString", "coordinates": [ [ [ 434135.082200000877492, 719417.762199999648146 ], [ 434136.27589999884367, 719419.966600000392646 ], [ 434136.678426901460625, 719420.813491759472527 ], [ 434134.6463999999105, 719415.961999998427927 ], [ 434131.186510266212281, 719410.568293413729407 ] ] ] } },
{ "type": "Feature", "properties": { "LEFT_FID": 13, "RIGHT_FID": 1 }, "geometry": { "type": "MultiLineString", "coordinates": [ [ [ 420457.865100526541937, 710745.525392897427082 ], [ 420384.113899999822024, 711234.130399999325164 ], [ 420266.280800000473391, 712294.614499999326654 ], [ 420285.922399999049958, 713158.71859999850858 ], [ 420246.639199999626726, 714022.822699999902397 ], [ 420187.730900000489783, 714945.834899998619221 ], [ 420109.172700000635814, 715534.994899998768233 ], [ 420148.447700001066551, 716124.154999999911524 ], [ 420148.447700001066551, 717106.085200000321493 ], [ 420285.922399999049958, 717655.963199999649078 ], [ 420069.89780000114115, 718107.651300000725314 ], [ 420069.89780000114115, 718716.457399999606423 ], [ 420227.005900000978727, 718912.837400000425987 ], [ 420384.113899999822024, 719128.863399998866953 ], [ 420560.863600000506267, 719285.971399999922141 ], [ 420698.123899999249261, 719430.102099999086931 ] ] ] } },
{ "type": "Feature", "properties": { "LEFT_FID": -1, "RIGHT_FID": 19 }, "geometry": { "type": "MultiLineString", "coordinates": [ [ [ 434168.069953681784682, 719494.560123789473437 ], [ 434158.143599999544676, 719475.190500001423061 ], [ 434149.406399998813868, 719451.201699999743141 ], [ 434136.934311757388059, 719421.424420320312493 ], [ 434135.082200000877492, 719417.762199999648146 ] ] ] } },
{ "type": "Feature", "properties": { "LEFT_FID": 21, "RIGHT_FID": 19 }, "geometry": { "type": "MultiLineString", "coordinates": [ [ [ 434178.717500000726432, 719518.309000000939704 ], [ 434173.074900000065099, 719505.299 ], [ 434168.069953681784682, 719494.560123789473437 ] ] ] } },
{ "type": "Feature", "properties": { "LEFT_FID": 21, "RIGHT_FID": 16 }, "geometry": { "type": "MultiLineString", "coordinates": [ [ [ 434183.951999998884276, 719531.499099999549799 ], [ 434178.717500000726432, 719518.309000000939704 ] ] ] } },
{ "type": "Feature", "properties": { "LEFT_FID": 21, "RIGHT_FID": 19 }, "geometry": { "type": "MultiLineString", "coordinates": [ [ [ 434183.951999998884276, 719531.499099999549799 ], [ 434178.717500000726432, 719518.309000000939704 ] ] ] } },
{ "type": "Feature", "properties": { "LEFT_FID": 19, "RIGHT_FID": 16 }, "geometry": { "type": "MultiLineString", "coordinates": [ [ [ 434178.717500000726432, 719518.309000000939704 ], [ 434185.166799998958595, 719534.923199999961071 ] ] ] } },
{ "type": "Feature", "properties": { "LEFT_FID": 19, "RIGHT_FID": 19 }, "geometry": { "type": "MultiLineString", "coordinates": [ [ [ 434178.717500000726432, 719518.309000000939704 ], [ 434185.166799998958595, 719534.923199999961071 ] ] ] } },
{ "type": "Feature", "properties": { "LEFT_FID": 21, "RIGHT_FID": 16 }, "geometry": { "type": "MultiLineString", "coordinates": [ [ [ 434185.166799998958595, 719534.923199999961071 ], [ 434183.951999998884276, 719531.499099999549799 ] ] ] } },
{ "type": "Feature", "properties": { "LEFT_FID": 21, "RIGHT_FID": 19 }, "geometry": { "type": "MultiLineString", "coordinates": [ [ [ 434185.166799998958595, 719534.923199999961071 ], [ 434183.951999998884276, 719531.499099999549799 ] ] ] } },
{ "type": "Feature", "properties": { "LEFT_FID": -1, "RIGHT_FID": 19 }, "geometry": { "type": "MultiLineString", "coordinates": [ [ [ 434188.749200001242571, 719545.02119999867864 ], [ 434185.166799998958595, 719534.923199999961071 ] ] ] } },
{ "type": "Feature", "properties": { "LEFT_FID": -1, "RIGHT_FID": 21 }, "geometry": { "type": "MultiLineString", "coordinates": [ [ [ 434185.166799998958595, 719534.923199999961071 ], [ 434186.422299999510869, 719538.157699999865144 ], [ 434188.749200001242571, 719545.02119999867864 ] ] ] } },
{ "type": "Feature", "properties": { "LEFT_FID": 21, "RIGHT_FID": 16 }, "geometry": { "type": "MultiLineString", "coordinates": [ [ [ 434189.673847673810087, 719547.627645305590704 ], [ 434188.749200001242571, 719545.02119999867864 ] ] ] } },
{ "type": "Feature", "properties": { "LEFT_FID": 21, "RIGHT_FID": 19 }, "geometry": { "type": "MultiLineString", "coordinates": [ [ [ 434189.673847673810087, 719547.627645305590704 ], [ 434188.749200001242571, 719545.02119999867864 ] ] ] } },
{ "type": "Feature", "properties": { "LEFT_FID": -1, "RIGHT_FID": 21 }, "geometry": { "type": "MultiLineString", "coordinates": [ [ [ 434189.673847673810087, 719547.627645305590704 ], [ 434187.07559999928344, 719539.104600000195205 ], [ 434178.734300000302028, 719517.584799999720417 ], [ 434169.747000000439584, 719497.832600000081584 ], [ 434168.069953681784682, 719494.560123789473437 ] ] ] } },
{ "type": "Feature", "properties": { "LEFT_FID": 19, "RIGHT_FID": 16 }, "geometry": { "type": "MultiLineString", "coordinates": [ [ [ 434188.749200001242571, 719545.02119999867864 ], [ 434190.039758832077496, 719548.82794557523448 ] ] ] } },
{ "type": "Feature", "properties": { "LEFT_FID": 19, "RIGHT_FID": 19 }, "geometry": { "type": "MultiLineString", "coordinates": [ [ [ 434188.749200001242571, 719545.02119999867864 ], [ 434190.039758832077496, 719548.82794557523448 ] ] ] } },
{ "type": "Feature", "properties": { "LEFT_FID": -1, "RIGHT_FID": 16 }, "geometry": { "type": "MultiLineString", "coordinates": [ [ [ 434190.039758832077496, 719548.82794557523448 ], [ 434189.673847673810087, 719547.627645305590704 ] ] ] } },
{ "type": "Feature", "properties": { "LEFT_FID": -1, "RIGHT_FID": 19 }, "geometry": { "type": "MultiLineString", "coordinates": [ [ [ 434190.039758832077496, 719548.82794557523448 ], [ 434189.673847673810087, 719547.627645305590704 ] ] ] } },
{ "type": "Feature", "properties": { "LEFT_FID": -1, "RIGHT_FID": 19 }, "geometry": { "type": "MultiLineString", "coordinates": [ [ [ 434229.261199999251403, 719771.061799999559298 ], [ 434226.155614336079452, 719739.133662278414704 ], [ 434224.940100001054816, 719729.892799998633564 ], [ 434218.633400000457186, 719689.939499999862164 ], [ 434211.845200000039767, 719642.607199999387376 ], [ 434205.670300001336727, 719612.22139999922365 ], [ 434199.409299999591894, 719579.56290000025183 ], [ 434190.039758832077496, 719548.82794557523448 ] ] ] } },
{ "type": "Feature", "properties": { "LEFT_FID": -1, "RIGHT_FID": 21 }, "geometry": { "type": "MultiLineString", "coordinates": [ [ [ 434226.554132201417815, 719742.16336631460581 ], [ 434229.261199999251403, 719771.061799999559298 ] ] ] } },
{ "type": "Feature", "properties": { "LEFT_FID": -1, "RIGHT_FID": 21 }, "geometry": { "type": "MultiLineString", "coordinates": [ [ [ 434229.261199999251403, 719771.061799999559298 ], [ 434234.302086897019763, 719832.59747811104171 ], [ 434231.652099998667836, 719797.426300001330674 ], [ 434228.726600000634789, 719758.679399999673478 ], [ 434226.554132201417815, 719742.16336631460581 ] ] ] } },
{ "type": "Feature", "properties": { "LEFT_FID": -1, "RIGHT_FID": 19 }, "geometry": { "type": "MultiLineString", "coordinates": [ [ [ 434235.120499999611638, 719842.889900000533089 ], [ 434234.741157013573684, 719838.239602882182226 ], [ 434234.647600000433158, 719837.183199999039061 ], [ 434234.558299981290475, 719835.997991549083963 ], [ 434229.261199999251403, 719771.061799999559298 ] ] ] } },
{ "type": "Feature", "properties": { "LEFT_FID": -1, "RIGHT_FID": 21 }, "geometry": { "type": "MultiLineString", "coordinates": [ [ [ 434235.049132900545374, 719841.717040668125264 ], [ 434235.120499999611638, 719842.889900000533089 ] ] ] } },
{ "type": "Feature", "properties": { "LEFT_FID": 21, "RIGHT_FID": 16 }, "geometry": { "type": "MultiLineString", "coordinates": [ [ [ 434235.605300000985153, 719848.833200001041405 ], [ 434235.120499999611638, 719842.889900000533089 ] ] ] } },
{ "type": "Feature", "properties": { "LEFT_FID": 21, "RIGHT_FID": 19 }, "geometry": { "type": "MultiLineString", "coordinates": [ [ [ 434235.605300000985153, 719848.833200001041405 ], [ 434235.120499999611638, 719842.889900000533089 ] ] ] } },
{ "type": "Feature", "properties": { "LEFT_FID": 19, "RIGHT_FID": 16 }, "geometry": { "type": "MultiLineString", "coordinates": [ [ [ 434235.120499999611638, 719842.889900000533089 ], [ 434236.143199998885393, 719859.701699999161065 ] ] ] } },
{ "type": "Feature", "properties": { "LEFT_FID": 19, "RIGHT_FID": 19 }, "geometry": { "type": "MultiLineString", "coordinates": [ [ [ 434235.120499999611638, 719842.889900000533089 ], [ 434236.143199998885393, 719859.701699999161065 ] ] ] } },
{ "type": "Feature", "properties": { "LEFT_FID": 21, "RIGHT_FID": 16 }, "geometry": { "type": "MultiLineString", "coordinates": [ [ [ 434236.143199998885393, 719859.701699999161065 ], [ 434235.605300000985153, 719848.833200001041405 ] ] ] } },
{ "type": "Feature", "properties": { "LEFT_FID": 21, "RIGHT_FID": 19 }, "geometry": { "type": "MultiLineString", "coordinates": [ [ [ 434236.143199998885393, 719859.701699999161065 ], [ 434235.605300000985153, 719848.833200001041405 ] ] ] } },
{ "type": "Feature", "properties": { "LEFT_FID": -1, "RIGHT_FID": 21 }, "geometry": { "type": "MultiLineString", "coordinates": [ [ [ 434236.143199998885393, 719859.701699999161065 ], [ 434236.780399999348447, 719870.175599999609403 ], [ 434236.824853057274595, 719872.181573057197966 ], [ 434236.672700000344776, 719860.049700000323355 ], [ 434235.049132900545374, 719841.717040668125264 ] ] ] } },
{ "type": "Feature", "properties": { "LEFT_FID": 22, "RIGHT_FID": 1 }, "geometry": { "type": "MultiLineString", "coordinates": [ [ [ 420698.123899999249261, 719430.102099999086931 ], [ 420855.438100000610575, 719344.88950000051409 ], [ 420973.271300000953488, 719305.61739999987185 ], [ 421857.011400001123548, 719305.61739999987185 ], [ 422524.726900001172908, 719423.443499998771586 ], [ 422662.193300001439638, 719423.443499998771586 ], [ 422976.417700000049081, 719678.751500000362284 ], [ 423663.76659999974072, 719678.751500000362284 ], [ 424135.090800000471063, 719757.305500000831671 ], [ 424645.749032069346868, 719888.239234270411544 ] ] ] } },
{ "type": "Feature", "properties": { "LEFT_FID": -1, "RIGHT_FID": 19 }, "geometry": { "type": "MultiLineString", "coordinates": [ [ [ 434228.769127618288621, 720012.715093567385338 ], [ 434232.43549999903189, 719981.845599999185652 ], [ 434233.068899999663699, 719970.171099999221042 ], [ 434234.423499998578336, 719945.202999998815358 ], [ 434236.307300000393298, 719918.829299999400973 ], [ 434237.105500000587199, 719894.560000000055879 ], [ 434237.028099999180995, 719888.387399999657646 ], [ 434236.846558120276313, 719873.912218955461867 ], [ 434236.143199998885393, 719859.701699999161065 ] ] ] } },
{ "type": "Feature", "properties": { "LEFT_FID": 15, "RIGHT_FID": 1 }, "geometry": { "type": "MultiLineString", "coordinates": [ [ [ 425402.683199998864438, 720017.942500000121072 ], [ 425411.605199999234173, 719973.321500000311062 ], [ 425391.963699999439996, 719678.751500000362284 ], [ 425372.330199998745229, 719501.997500001569279 ], [ 425274.130499999097083, 719128.863399998866953 ], [ 425372.330199998745229, 718932.473400001297705 ], [ 425391.963699999439996, 718893.201400001649745 ], [ 425234.855499998608138, 718500.431300000171177 ], [ 425215.222199999901932, 717911.271300000022165 ], [ 425234.855499998608138, 717243.557200000504963 ], [ 425175.939000000536907, 716320.535099999513477 ], [ 425038.472499999275897, 715318.968900000327267 ], [ 424861.722799998591654, 714513.782800000626594 ], [ 424842.081200000015087, 713924.622699999483302 ], [ 424783.164699999731965, 713453.298699998529628 ], [ 424606.423200000193901, 712864.138599999481812 ], [ 424527.865099999064114, 712510.640499999979511 ], [ 424410.031999999715481, 712412.450500000733882 ], [ 424135.090899999253452, 712137.506500000483356 ], [ 423742.316499999724329, 711646.546399999642745 ], [ 423447.741900000837632, 711312.684399999910966 ], [ 423439.652799999457784, 711290.738900000462309 ] ] ] } },
{ "type": "Feature", "properties": { "LEFT_FID": 19, "RIGHT_FID": 15 }, "geometry": { "type": "MultiLineString", "coordinates": [ [ [ 425402.683199998864438, 720017.942500000121072 ], [ 425539.753899999370333, 720000.805900000967085 ], [ 426227.102700000279583, 719922.251900000497699 ], [ 427091.209499999531545, 719824.061899998923764 ], [ 427385.783999999635853, 719765.143899999326095 ], [ 427621.450200000603218, 719234.9018 ], [ 427837.474899999564514, 718743.931800001300871 ], [ 428073.141100000473671, 717997.663699999102391 ], [ 428328.440700001141522, 717271.041600001160987 ], [ 428564.106899999838788, 716642.599500001291744 ], [ 428681.940100000239909, 716249.829399999813177 ], [ 428780.131500000017695, 715719.587400001473725 ], [ 429153.264199999975972, 715464.279300001217052 ], [ 429604.955099999846425, 715091.145300001604483 ], [ 430547.603499999211635, 715169.699299999978393 ], [ 431254.593999999691732, 715248.263299999409355 ], [ 431330.455108983733226, 715256.750786929158494 ] ] ] } },
{ "type": "Feature", "properties": { "LEFT_FID": -1, "RIGHT_FID": 16 }, "geometry": { "type": "MultiLineString", "coordinates": [ [ [ 434227.849138917285018, 720020.461056701489724 ], [ 434228.769127618288621, 720012.715093567385338 ] ] ] } },
{ "type": "Feature", "properties": { "LEFT_FID": -1, "RIGHT_FID": 19 }, "geometry": { "type": "MultiLineString", "coordinates": [ [ [ 434227.849138917285018, 720020.461056701489724 ], [ 434228.769127618288621, 720012.715093567385338 ] ] ] } },
{ "type": "Feature", "properties": { "LEFT_FID": 19, "RIGHT_FID": 1 }, "geometry": { "type": "MultiLineString", "coordinates": [ [ [ 425400.968000000808388, 720026.510699999751523 ], [ 425402.683199998864438, 720017.942500000121072 ] ] ] } },
{ "type": "Feature", "properties": { "LEFT_FID": 19, "RIGHT_FID": 16 }, "geometry": { "type": "MultiLineString", "coordinates": [ [ [ 434228.769127618288621, 720012.715093567385338 ], [ 434225.347799999581184, 720037.778000001679175 ] ] ] } },
{ "type": "Feature", "properties": { "LEFT_FID": 19, "RIGHT_FID": 19 }, "geometry": { "type": "MultiLineString", "coordinates": [ [ [ 434228.769127618288621, 720012.715093567385338 ], [ 434225.347799999581184, 720037.778000001679175 ] ] ] } },
{ "type": "Feature", "properties": { "LEFT_FID": 21, "RIGHT_FID": 16 }, "geometry": { "type": "MultiLineString", "coordinates": [ [ [ 434225.347799999581184, 720037.778000001679175 ], [ 434226.078799999260809, 720033.139699998311698 ], [ 434227.849138917285018, 720020.461056701489724 ] ] ] } },
{ "type": "Feature", "properties": { "LEFT_FID": 21, "RIGHT_FID": 19 }, "geometry": { "type": "MultiLineString", "coordinates": [ [ [ 434225.347799999581184, 720037.778000001679175 ], [ 434226.078799999260809, 720033.139699998311698 ], [ 434227.849138917285018, 720020.461056701489724 ] ] ] } },
{ "type": "Feature", "properties": { "LEFT_FID": -1, "RIGHT_FID": 19 }, "geometry": { "type": "MultiLineString", "coordinates": [ [ [ 434223.22659999987809, 720051.236800001119263 ], [ 434225.347799999581184, 720037.778000001679175 ] ] ] } },
{ "type": "Feature", "properties": { "LEFT_FID": -1, "RIGHT_FID": 21 }, "geometry": { "type": "MultiLineString", "coordinates": [ [ [ 434225.347799999581184, 720037.778000001679175 ], [ 434225.018899998569395, 720040.187199999927543 ], [ 434223.22659999987809, 720051.236800001119263 ] ] ] } },
{ "type": "Feature", "properties": { "LEFT_FID": 22, "RIGHT_FID": 1 }, "geometry": { "type": "MultiLineString", "coordinates": [ [ [ 424645.749032069346868, 719888.239234270411544 ], [ 424900.997799999080598, 719953.685499999439344 ], [ 425274.130499999097083, 720051.885499999858439 ], [ 425400.968000000808388, 720026.510699999751523 ] ] ] } },
{ "type": "Feature", "properties": { "LEFT_FID": 21, "RIGHT_FID": 16 }, "geometry": { "type": "MultiLineString", "coordinates": [ [ [ 434221.639799998956732, 720061.305000000633299 ], [ 434223.22659999987809, 720051.236800001119263 ] ] ] } },
{ "type": "Feature", "properties": { "LEFT_FID": 21, "RIGHT_FID": 19 }, "geometry": { "type": "MultiLineString", "coordinates": [ [ [ 434221.639799998956732, 720061.305000000633299 ], [ 434223.22659999987809, 720051.236800001119263 ] ] ] } },
{ "type": "Feature", "properties": { "LEFT_FID": 19, "RIGHT_FID": 16 }, "geometry": { "type": "MultiLineString", "coordinates": [ [ [ 434223.22659999987809, 720051.236800001119263 ], [ 434221.114033334481064, 720064.260899999411777 ] ] ] } },
{ "type": "Feature", "properties": { "LEFT_FID": 19, "RIGHT_FID": 19 }, "geometry": { "type": "MultiLineString", "coordinates": [ [ [ 434223.22659999987809, 720051.236800001119263 ], [ 434221.114033334481064, 720064.260899999411777 ] ] ] } },
{ "type": "Feature", "properties": { "LEFT_FID": 21, "RIGHT_FID": 16 }, "geometry": { "type": "MultiLineString", "coordinates": [ [ [ 434221.114033334481064, 720064.260899999411777 ], [ 434221.639799998956732, 720061.305000000633299 ] ] ] } },
{ "type": "Feature", "properties": { "LEFT_FID": 21, "RIGHT_FID": 19 }, "geometry": { "type": "MultiLineString", "coordinates": [ [ [ 434221.114033334481064, 720064.260899999411777 ], [ 434221.639799998956732, 720061.305000000633299 ] ] ] } },
{ "type": "Feature", "properties": { "LEFT_FID": -1, "RIGHT_FID": 21 }, "geometry": { "type": "MultiLineString", "coordinates": [ [ [ 434221.114033334481064, 720064.260899999411777 ], [ 434220.453099999169353, 720068.335700000519864 ], [ 434215.902506275102496, 720093.661072874325328 ], [ 434216.056199999875389, 720093.007799998740666 ], [ 434220.997700001171324, 720071.600199999520555 ], [ 434224.574499999114778, 720048.032299998099916 ], [ 434227.849138917285018, 720020.461056701489724 ] ] ] } },
{ "type": "Feature", "properties": { "LEFT_FID": -1, "RIGHT_FID": 19 }, "geometry": { "type": "MultiLineString", "coordinates": [ [ [ 434204.386903976323083, 720152.736004639300518 ], [ 434210.385999999474734, 720117.108900000457652 ], [ 434215.829795575235039, 720093.970128607703373 ], [ 434221.114033334481064, 720064.260899999411777 ] ] ] } },
{ "type": "Feature", "properties": { "LEFT_FID": -1, "RIGHT_FID": 10 }, "geometry": { "type": "MultiLineString", "coordinates": [ [ [ 413984.628800000704359, 712853.406699999584816 ], [ 413976.967449999589007, 712896.642600000835955 ], [ 413969.644600001163781, 712990.718099999590777 ], [ 413955.931900000548922, 713118.490099999005906 ], [ 413946.248200001136865, 713221.066899999859743 ], [ 413929.902799999632407, 713326.16879999905359 ], [ 413913.241700001060963, 713412.696900000795722 ], [ 413890.35930000024382, 713501.301200001500547 ], [ 413865.014200000616256, 713592.879500000039116 ], [ 413848.037400000495836, 713642.175899999216199 ], [ 413837.920400000410154, 713728.170899999444373 ], [ 413854.243000000773463, 713771.6594 ], [ 413869.143099999229889, 713859.870899998466484 ], [ 413867.257600000593811, 713949.429099999950267 ], [ 413870.659299999359064, 713977.756299999775365 ], [ 413875.907976290385704, 714021.463402847293764 ], [ 413880.256299998669419, 714057.673399998922832 ], [ 413880.319499999517575, 714191.449700000113808 ], [ 413871.653000000573229, 714352.076599999680184 ], [ 413861.427300000505056, 714590.169099999126047 ], [ 413860.701280784851406, 714620.970999548095278 ], [ 413857.963199999823701, 714737.132200001855381 ], [ 413848.837200000940356, 714802.112400000565685 ], [ 413816.151699999289121, 714922.701799999340437 ], [ 413776.492400000686757, 715048.565999999525957 ], [ 413720.580700000864454, 715176.422200000961311 ], [ 413617.730700001236983, 715402.590399999986403 ], [ 413496.718099999474362, 715648.202299999422394 ], [ 413354.178899998776615, 715955.848400001064874 ], [ 413290.84959999966668, 716109.629299999331124 ], [ 413228.072800000663847, 716235.802100001834333 ], [ 413118.853999999351799, 716513.370999999111518 ], [ 413087.236700000474229, 716673.913699998869561 ], [ 413042.171599999885075, 716817.117100000497885 ], [ 412969.405899999430403, 716983.692099999054335 ], [ 412895.891200001176912, 717112.614499999093823 ], [ 412716.200899999763351, 717354.55079999845475 ], [ 412634.100499999825843, 717443.501399999018759 ], [ 412703.551692325272597, 717498.602709672879428 ], [ 413701.690899998880923, 718290.508400001097471 ], [ 413871.428698886767961, 718402.46320168604143 ], [ 414104.115905065322295, 718555.937861822894774 ], [ 414139.052400000509806, 718578.981100001372397 ], [ 416336.533408178074751, 720161.495291618281044 ] ] ] } },
{ "type": "Feature", "properties": { "LEFT_FID": 13, "RIGHT_FID": 10 }, "geometry": { "type": "MultiLineString", "coordinates": [ [ [ 416336.533408178074751, 720161.495291618281044 ], [ 416770.603500000433996, 718009.461300001479685 ], [ 416966.986600000760518, 717322.111199998762459 ], [ 417006.269800000125542, 716693.669099999009632 ], [ 417457.960599999001715, 715790.29300000006333 ], [ 417536.510499998985324, 715338.6049000013154 ], [ 417536.510499998985324, 714592.336799999000505 ], [ 417497.23559999949066, 714022.822699999902397 ], [ 417497.23559999949066, 713060.528599999262951 ], [ 417634.70210000075167, 712589.194599999231286 ], [ 417909.643199999001808, 711980.398499999311753 ], [ 418106.034500000474509, 711312.684399999910966 ], [ 418420.250700000149664, 710546.780300001031719 ], [ 418813.025000000954606, 709545.214099999750033 ], [ 419107.599499998847023, 708406.166000000201166 ], [ 419525.259800001047552, 707487.313000000081956 ] ] ] } },
{ "type": "Feature", "properties": { "LEFT_FID": 22, "RIGHT_FID": 13 }, "geometry": { "type": "MultiLineString", "coordinates": [ [ [ 416336.533408178074751, 720161.495291618281044 ], [ 417510.775299999513663, 719796.577500000596046 ], [ 417811.451700000441633, 719796.577500000596046 ], [ 418380.975699999660719, 719639.469499999424443 ], [ 419284.349199999531265, 719482.361500000581145 ], [ 419716.398399999830872, 719384.171499999123625 ], [ 420227.005900000978727, 719560.915500001166947 ], [ 420384.113899999822024, 719600.187500000814907 ], [ 420698.123899999249261, 719430.102099999086931 ] ] ] } },
{ "type": "Feature", "properties": { "LEFT_FID": 21, "RIGHT_FID": 19 }, "geometry": { "type": "MultiLineString", "coordinates": [ [ [ 434196.194550040585455, 720194.122098920866847 ], [ 434204.386903976323083, 720152.736004639300518 ] ] ] } },
{ "type": "Feature", "properties": { "LEFT_FID": -1, "RIGHT_FID": 21 }, "geometry": { "type": "MultiLineString", "coordinates": [ [ [ 434196.194550040585455, 720194.122098920866847 ], [ 434196.365699999674689, 720193.283899999340065 ], [ 434204.32929999922635, 720153.078100000042468 ], [ 434204.386903976323083, 720152.736004639300518 ] ] ] } },
{ "type": "Feature", "properties": { "LEFT_FID": -1, "RIGHT_FID": 19 }, "geometry": { "type": "MultiLineString", "coordinates": [ [ [ 434170.503867011284456, 720375.638103981968015 ], [ 434174.975299999467097, 720342.014599998597987 ], [ 434177.113900000287686, 720322.683200000436045 ], [ 434178.671099999395665, 720306.241800000192598 ], [ 434183.5382, 720267.999899999704212 ], [ 434188.677500000689179, 720230.936500000068918 ], [ 434196.194550040585455, 720194.122098920866847 ] ] ] } },
{ "type": "Feature", "properties": { "LEFT_FID": 21, "RIGHT_FID": 19 }, "geometry": { "type": "MultiLineString", "coordinates": [ [ [ 434169.506644142500591, 720381.033389951800928 ], [ 434170.503867011284456, 720375.638103981968015 ] ] ] } },
{ "type": "Feature", "properties": { "LEFT_FID": -1, "RIGHT_FID": 21 }, "geometry": { "type": "MultiLineString", "coordinates": [ [ [ 434169.506644142500591, 720381.033389951800928 ], [ 434170.236699999193661, 720377.647099999943748 ], [ 434170.503867011284456, 720375.638103981968015 ] ] ] } },
{ "type": "Feature", "properties": { "LEFT_FID": -1, "RIGHT_FID": 19 }, "geometry": { "type": "MultiLineString", "coordinates": [ [ [ 434124.50142268917989, 720633.345633019227535 ], [ 434125.217400000663474, 720626.008500000345521 ], [ 434128.560200001054909, 720598.456399998744018 ], [ 434133.197499999019783, 720567.172800001688302 ], [ 434138.345700001053046, 720535.524399999645539 ], [ 434146.568799999426119, 720492.484800000675023 ], [ 434153.996399999829009, 720446.948100000503473 ], [ 434158.994599999918137, 720429.468499998678453 ], [ 434165.433899999188725, 720399.924400000134483 ], [ 434169.506644142500591, 720381.033389951800928 ] ] ] } },
{ "type": "Feature", "properties": { "LEFT_FID": 21, "RIGHT_FID": 19 }, "geometry": { "type": "MultiLineString", "coordinates": [ [ [ 434120.722930545394775, 720661.986055222805589 ], [ 434121.210500000335742, 720658.646299998858012 ], [ 434124.50142268917989, 720633.345633019227535 ] ] ] } },
{ "type": "Feature", "properties": { "LEFT_FID": -1, "RIGHT_FID": 21 }, "geometry": { "type": "MultiLineString", "coordinates": [ [ [ 434120.722930545394775, 720661.986055222805589 ], [ 434122.753299999167211, 720651.259899999480695 ], [ 434124.50142268917989, 720633.345633019227535 ] ] ] } },
{ "type": "Feature", "properties": { "LEFT_FID": -1, "RIGHT_FID": 19 }, "geometry": { "type": "MultiLineString", "coordinates": [ [ [ 434114.664055263390765, 720701.494035914540291 ], [ 434119.216200000664685, 720669.945900000398979 ], [ 434120.722930545394775, 720661.986055222805589 ] ] ] } },
{ "type": "Feature", "properties": { "LEFT_FID": 21, "RIGHT_FID": 19 }, "geometry": { "type": "MultiLineString", "coordinates": [ [ [ 434107.146716220711824, 720740.175856736022979 ], [ 434112.081199999840464, 720716.325700000743382 ], [ 434114.664055263390765, 720701.494035914540291 ] ] ] } },
{ "type": "Feature", "properties": { "LEFT_FID": -1, "RIGHT_FID": 21 }, "geometry": { "type": "MultiLineString", "coordinates": [ [ [ 434107.146716220711824, 720740.175856736022979 ], [ 434112.961400000262074, 720713.294099999475293 ], [ 434114.664055263390765, 720701.494035914540291 ] ] ] } },
{ "type": "Feature", "properties": { "LEFT_FID": -1, "RIGHT_FID": 19 }, "geometry": { "type": "MultiLineString", "coordinates": [ [ [ 434092.083188923541456, 720888.3326179550495 ], [ 434091.052799999306444, 720878.325999998487532 ], [ 434089.904800000251271, 720848.529399999300949 ], [ 434092.205299998517148, 720814.636399998678826 ], [ 434093.612699999823235, 720799.82220000133384 ], [ 434098.739699998812284, 720777.657100000069477 ], [ 434106.849999998754356, 720741.54759999900125 ], [ 434107.146716220711824, 720740.175856736022979 ] ] ] } },
{ "type": "Feature", "properties": { "LEFT_FID": 21, "RIGHT_FID": 19 }, "geometry": { "type": "MultiLineString", "coordinates": [ [ [ 434093.950373472005595, 720906.465773281641304 ], [ 434092.947599998908117, 720899.468699998804368 ], [ 434092.083188923541456, 720888.3326179550495 ] ] ] } },
{ "type": "Feature", "properties": { "LEFT_FID": -1, "RIGHT_FID": 21 }, "geometry": { "type": "MultiLineString", "coordinates": [ [ [ 434093.950373472005595, 720906.465773281641304 ], [ 434092.083188923541456, 720888.3326179550495 ] ] ] } },
{ "type": "Feature", "properties": { "LEFT_FID": -1, "RIGHT_FID": 19 }, "geometry": { "type": "MultiLineString", "coordinates": [ [ [ 434095.049039838777389, 720914.131960408994928 ], [ 434094.406999999191612, 720910.900299999862909 ], [ 434093.950373472005595, 720906.465773281641304 ] ] ] } },
{ "type": "Feature", "properties": { "LEFT_FID": 21, "RIGHT_FID": 19 }, "geometry": { "type": "MultiLineString", "coordinates": [ [ [ 434118.286341183295008, 721024.131317851832137 ], [ 434115.6398, 721014.400499999639578 ], [ 434108.92749999940861, 720986.972499999334104 ], [ 434101.540399999707006, 720952.403700000722893 ], [ 434096.533899999747518, 720924.492900001001544 ], [ 434095.049039838777389, 720914.131960408994928 ] ] ] } },
{ "type": "Feature", "properties": { "LEFT_FID": -1, "RIGHT_FID": 21 }, "geometry": { "type": "MultiLineString", "coordinates": [ [ [ 434118.286341183295008, 721024.131317851832137 ], [ 434111.82930000073975, 720997.344199999584816 ], [ 434104.86820000060834, 720965.106599998660386 ], [ 434099.62439999927301, 720937.161699999240227 ], [ 434095.049039838777389, 720914.131960408994928 ] ] ] } },
{ "type": "Feature", "properties": { "LEFT_FID": -1, "RIGHT_FID": 19 }, "geometry": { "type": "MultiLineString", "coordinates": [ [ [ 434121.193924001185223, 721034.821935094892979 ], [ 434119.945099999546073, 721031.012700001010671 ], [ 434118.286341183295008, 721024.131317851832137 ] ] ] } },
{ "type": "Feature", "properties": { "LEFT_FID": 21, "RIGHT_FID": 19 }, "geometry": { "type": "MultiLineString", "coordinates": [ [ [ 434131.249382380628958, 721069.762626703828573 ], [ 434124.897699999564793, 721048.439999998663552 ], [ 434121.193924001185223, 721034.821935094892979 ] ] ] } },
{ "type": "Feature", "properties": { "LEFT_FID": -1, "RIGHT_FID": 21 }, "geometry": { "type": "MultiLineString", "coordinates": [ [ [ 434131.249382380628958, 721069.762626703828573 ], [ 434125.822799999790732, 721048.941200000117533 ], [ 434121.193924001185223, 721034.821935094892979 ] ] ] } },
{ "type": "Feature", "properties": { "LEFT_FID": -1, "RIGHT_FID": 19 }, "geometry": { "type": "MultiLineString", "coordinates": [ [ [ 434187.76921440573642, 721237.741535498062149 ], [ 434184.524500001396518, 721228.562799999606796 ], [ 434175.687100000330247, 721204.82650000078138 ], [ 434165.782800000335556, 721179.631200001225807 ], [ 434156.398299999244045, 721153.229399999137968 ], [ 434147.911500000569504, 721129.324799999594688 ], [ 434139.770400000270456, 721100.369899999932386 ], [ 434131.899400001391768, 721072.256699999677949 ], [ 434131.249382380628958, 721069.762626703828573 ] ] ] } },
{ "type": "Feature", "properties": { "LEFT_FID": 21, "RIGHT_FID": 19 }, "geometry": { "type": "MultiLineString", "coordinates": [ [ [ 434191.880963816365693, 721249.444927747244947 ], [ 434187.76921440573642, 721237.741535498062149 ] ] ] } },
{ "type": "Feature", "properties": { "LEFT_FID": -1, "RIGHT_FID": 21 }, "geometry": { "type": "MultiLineString", "coordinates": [ [ [ 434191.880963816365693, 721249.444927747244947 ], [ 434190.227499999688007, 721244.695599999744445 ], [ 434187.76921440573642, 721237.741535498062149 ] ] ] } },
{ "type": "Feature", "properties": { "LEFT_FID": -1, "RIGHT_FID": 19 }, "geometry": { "type": "MultiLineString", "coordinates": [ [ [ 434200.036935012612958, 721269.986605445272289 ], [ 434196.605999999621417, 721263.016899998765439 ], [ 434191.880963816365693, 721249.444927747244947 ] ] ] } },
{ "type": "Feature", "properties": { "LEFT_FID": 21, "RIGHT_FID": 19 }, "geometry": { "type": "MultiLineString", "coordinates": [ [ [ 434289.665852969163097, 721495.289144475362264 ], [ 434286.741699999663979, 721478.13019999966491 ], [ 434282.382500000065193, 721457.93810000072699 ], [ 434277.145800000114832, 721437.90569999977015 ], [ 434272.122300000803079, 721421.340299999224953 ], [ 434266.382599999429658, 721404.668199998443015 ], [ 434262.4288, 721394.619000000297092 ], [ 434256.684699999517761, 721381.443100000033155 ], [ 434243.986499999242369, 721355.667000000248663 ], [ 434211.888699999370147, 721295.433300000033341 ], [ 434204.080900001397822, 721279.307500000228174 ], [ 434200.036935012612958, 721269.986605445272289 ] ] ] } },
{ "type": "Feature", "properties": { "LEFT_FID": -1, "RIGHT_FID": 21 }, "geometry": { "type": "MultiLineString", "coordinates": [ [ [ 434289.665852969163097, 721495.289144475362264 ], [ 434288.547099999093916, 721483.040599999832921 ], [ 434286.845699999830686, 721472.603400000371039 ], [ 434282.825700000918005, 721455.769099999102764 ], [ 434275.549700000556186, 721430.657999999355525 ], [ 434269.008399998652749, 721412.000100000877865 ], [ 434262.357900000701193, 721392.472300001536496 ], [ 434251.59540000022389, 721370.195000001345761 ], [ 434247.588199999125209, 721359.421099999221042 ], [ 434237.760900001099799, 721340.847299999557436 ], [ 434228.472199998970609, 721323.81659999943804 ], [ 434219.067599998961668, 721306.982300000381656 ], [ 434210.417500000039581, 721291.073999999440275 ], [ 434200.036935012612958, 721269.986605445272289 ] ] ] } },
{ "type": "Feature", "properties": { "LEFT_FID": -1, "RIGHT_FID": 19 }, "geometry": { "type": "MultiLineString", "coordinates": [ [ [ 434295.052699998836033, 721558.780099998461083 ], [ 434294.754582997178659, 721549.943540223292075 ], [ 434293.917899999243673, 721533.571500000660308 ], [ 434290.215399999695364, 721501.305799999390729 ], [ 434289.665852969163097, 721495.289144475362264 ] ] ] } },
{ "type": "Feature", "properties": { "LEFT_FID": -1, "RIGHT_FID": 21 }, "geometry": { "type": "MultiLineString", "coordinates": [ [ [ 434294.904116398887709, 721552.869578930083662 ], [ 434295.053899999591522, 721556.857400000677444 ], [ 434295.052699998836033, 721558.780099998461083 ] ] ] } },
{ "type": "Feature", "properties": { "LEFT_FID": 21, "RIGHT_FID": 16 }, "geometry": { "type": "MultiLineString", "coordinates": [ [ [ 434295.104799998807721, 721560.3232000003336 ], [ 434295.052699998836033, 721558.780099998461083 ] ] ] } },
{ "type": "Feature", "properties": { "LEFT_FID": 21, "RIGHT_FID": 19 }, "geometry": { "type": "MultiLineString", "coordinates": [ [ [ 434295.104799998807721, 721560.3232000003336 ], [ 434295.052699998836033, 721558.780099998461083 ] ] ] } },
{ "type": "Feature", "properties": { "LEFT_FID": 19, "RIGHT_FID": 16 }, "geometry": { "type": "MultiLineString", "coordinates": [ [ [ 434295.052699998836033, 721558.780099998461083 ], [ 434295.049, 721564.939699999173172 ] ] ] } },
{ "type": "Feature", "properties": { "LEFT_FID": 19, "RIGHT_FID": 19 }, "geometry": { "type": "MultiLineString", "coordinates": [ [ [ 434295.052699998836033, 721558.780099998461083 ], [ 434295.049, 721564.939699999173172 ] ] ] } },
{ "type": "Feature", "properties": { "LEFT_FID": 21, "RIGHT_FID": 16 }, "geometry": { "type": "MultiLineString", "coordinates": [ [ [ 434295.049, 721564.939699999173172 ], [ 434295.104799998807721, 721560.3232000003336 ] ] ] } },
{ "type": "Feature", "properties": { "LEFT_FID": 21, "RIGHT_FID": 19 }, "geometry": { "type": "MultiLineString", "coordinates": [ [ [ 434295.049, 721564.939699999173172 ], [ 434295.104799998807721, 721560.3232000003336 ] ] ] } },
{ "type": "Feature", "properties": { "LEFT_FID": -1, "RIGHT_FID": 21 }, "geometry": { "type": "MultiLineString", "coordinates": [ [ [ 434295.049, 721564.939699999173172 ], [ 434295.044049665797502, 721573.141785295330919 ], [ 434295.328799999668263, 721561.179699999513105 ], [ 434294.904116398887709, 721552.869578930083662 ] ] ] } },
{ "type": "Feature", "properties": { "LEFT_FID": -1, "RIGHT_FID": 19 }, "geometry": { "type": "MultiLineString", "coordinates": [ [ [ 434294.899599999538623, 721577.299900001613423 ], [ 434295.049, 721564.939699999173172 ] ] ] } },
{ "type": "Feature", "properties": { "LEFT_FID": -1, "RIGHT_FID": 21 }, "geometry": { "type": "MultiLineString", "coordinates": [ [ [ 434294.992418670386542, 721575.310753277502954 ], [ 434294.899599999538623, 721577.299900001613423 ] ] ] } },
{ "type": "Feature", "properties": { "LEFT_FID": 21, "RIGHT_FID": 16 }, "geometry": { "type": "MultiLineString", "coordinates": [ [ [ 434294.852599998936057, 721581.18439999979455 ], [ 434294.899599999538623, 721577.299900001613423 ] ] ] } },
{ "type": "Feature", "properties": { "LEFT_FID": 21, "RIGHT_FID": 19 }, "geometry": { "type": "MultiLineString", "coordinates": [ [ [ 434294.852599998936057, 721581.18439999979455 ], [ 434294.899599999538623, 721577.299900001613423 ] ] ] } },
{ "type": "Feature", "properties": { "LEFT_FID": -1, "RIGHT_FID": 21 }, "geometry": { "type": "MultiLineString", "coordinates": [ [ [ 434294.852599998936057, 721581.18439999979455 ], [ 434294.992418670386542, 721575.310753277502954 ] ] ] } },
{ "type": "Feature", "properties": { "LEFT_FID": 19, "RIGHT_FID": 16 }, "geometry": { "type": "MultiLineString", "coordinates": [ [ [ 434294.899599999538623, 721577.299900001613423 ], [ 434294.141000000061467, 721593.552500000456348 ] ] ] } },
{ "type": "Feature", "properties": { "LEFT_FID": 19, "RIGHT_FID": 19 }, "geometry": { "type": "MultiLineString", "coordinates": [ [ [ 434294.899599999538623, 721577.299900001613423 ], [ 434294.141000000061467, 721593.552500000456348 ] ] ] } },
{ "type": "Feature", "properties": { "LEFT_FID": 21, "RIGHT_FID": 16 }, "geometry": { "type": "MultiLineString", "coordinates": [ [ [ 434294.141000000061467, 721593.552500000456348 ], [ 434294.852599998936057, 721581.18439999979455 ] ] ] } },
{ "type": "Feature", "properties": { "LEFT_FID": 21, "RIGHT_FID": 19 }, "geometry": { "type": "MultiLineString", "coordinates": [ [ [ 434294.141000000061467, 721593.552500000456348 ], [ 434294.852599998936057, 721581.18439999979455 ] ] ] } },
{ "type": "Feature", "properties": { "LEFT_FID": 21, "RIGHT_FID": 19 }, "geometry": { "type": "MultiLineString", "coordinates": [ [ [ 434294.135266665543895, 721593.66570000059437 ], [ 434294.141000000061467, 721593.552500000456348 ] ] ] } },
{ "type": "Feature", "properties": { "LEFT_FID": 21, "RIGHT_FID": 17 }, "geometry": { "type": "MultiLineString", "coordinates": [ [ [ 434294.248609470902011, 721593.670413828920573 ], [ 434294.135266665543895, 721593.66570000059437 ] ] ] } },
{ "type": "Feature", "properties": { "LEFT_FID": -1, "RIGHT_FID": 21 }, "geometry": { "type": "MultiLineString", "coordinates": [ [ [ 434294.248609470902011, 721593.670413828920573 ], [ 434294.852599998936057, 721581.18439999979455 ] ] ] } },
{ "type": "Feature", "properties": { "LEFT_FID": -1, "RIGHT_FID": 19 }, "geometry": { "type": "MultiLineString", "coordinates": [ [ [ 434293.911300000618212, 721597.544100000523031 ], [ 434294.135266665543895, 721593.66570000059437 ] ] ] } },
{ "type": "Feature", "properties": { "LEFT_FID": -1, "RIGHT_FID": 17 }, "geometry": { "type": "MultiLineString", "coordinates": [ [ [ 434294.135266665543895, 721593.66570000059437 ], [ 434293.988800000748597, 721596.813300000620075 ], [ 434293.911300000618212, 721597.544100000523031 ] ] ] } },
{ "type": "Feature", "properties": { "LEFT_FID": 17, "RIGHT_FID": 16 }, "geometry": { "type": "MultiLineString", "coordinates": [ [ [ 434293.853900001500733, 721598.542499999399297 ], [ 434293.911300000618212, 721597.544100000523031 ] ] ] } },
{ "type": "Feature", "properties": { "LEFT_FID": 17, "RIGHT_FID": 19 }, "geometry": { "type": "MultiLineString", "coordinates": [ [ [ 434293.853900001500733, 721598.542499999399297 ], [ 434293.911300000618212, 721597.544100000523031 ] ] ] } },
{ "type": "Feature", "properties": { "LEFT_FID": 19, "RIGHT_FID": 16 }, "geometry": { "type": "MultiLineString", "coordinates": [ [ [ 434293.911300000618212, 721597.544100000523031 ], [ 434292.714999999152496, 721608.831099999602884 ] ] ] } },
{ "type": "Feature", "properties": { "LEFT_FID": 19, "RIGHT_FID": 19 }, "geometry": { "type": "MultiLineString", "coordinates": [ [ [ 434293.911300000618212, 721597.544100000523031 ], [ 434292.714999999152496, 721608.831099999602884 ] ] ] } },
{ "type": "Feature", "properties": { "LEFT_FID": 17, "RIGHT_FID": 16 }, "geometry": { "type": "MultiLineString", "coordinates": [ [ [ 434292.714999999152496, 721608.831099999602884 ], [ 434293.853900001500733, 721598.542499999399297 ] ] ] } },
{ "type": "Feature", "properties": { "LEFT_FID": 17, "RIGHT_FID": 19 }, "geometry": { "type": "MultiLineString", "coordinates": [ [ [ 434292.714999999152496, 721608.831099999602884 ], [ 434293.853900001500733, 721598.542499999399297 ] ] ] } },
{ "type": "Feature", "properties": { "LEFT_FID": -1, "RIGHT_FID": 19 }, "geometry": { "type": "MultiLineString", "coordinates": [ [ [ 434291.475200000568293, 721620.031600000686012 ], [ 434292.714999999152496, 721608.831099999602884 ] ] ] } },
{ "type": "Feature", "properties": { "LEFT_FID": -1, "RIGHT_FID": 17 }, "geometry": { "type": "MultiLineString", "coordinates": [ [ [ 434292.714999999152496, 721608.831099999602884 ], [ 434291.617600000696257, 721619.185399998910725 ], [ 434291.475200000568293, 721620.031600000686012 ] ] ] } },
{ "type": "Feature", "properties": { "LEFT_FID": 17, "RIGHT_FID": 16 }, "geometry": { "type": "MultiLineString", "coordinates": [ [ [ 434291.379399999335874, 721620.897100000060163 ], [ 434291.475200000568293, 721620.031600000686012 ] ] ] } },
{ "type": "Feature", "properties": { "LEFT_FID": 17, "RIGHT_FID": 19 }, "geometry": { "type": "MultiLineString", "coordinates": [ [ [ 434291.379399999335874, 721620.897100000060163 ], [ 434291.475200000568293, 721620.031600000686012 ] ] ] } },
{ "type": "Feature", "properties": { "LEFT_FID": 17, "RIGHT_FID": 16 }, "geometry": { "type": "MultiLineString", "coordinates": [ [ [ 434289.520415536419023, 721631.78668533929158 ], [ 434291.379399999335874, 721620.897100000060163 ] ] ] } },
{ "type": "Feature", "properties": { "LEFT_FID": 17, "RIGHT_FID": 19 }, "geometry": { "type": "MultiLineString", "coordinates": [ [ [ 434289.520415536419023, 721631.78668533929158 ], [ 434291.379399999335874, 721620.897100000060163 ] ] ] } },
{ "type": "Feature", "properties": { "LEFT_FID": -1, "RIGHT_FID": 17 }, "geometry": { "type": "MultiLineString", "coordinates": [ [ [ 434289.520415536419023, 721631.78668533929158 ], [ 434291.063599999062717, 721626.636900000274181 ], [ 434293.545599999895785, 721608.203399999882095 ], [ 434294.248609470902011, 721593.670413828920573 ] ] ] } },
{ "type": "Feature", "properties": { "LEFT_FID": 19, "RIGHT_FID": 16 }, "geometry": { "type": "MultiLineString", "coordinates": [ [ [ 434291.475200000568293, 721620.031600000686012 ], [ 434289.46728100074688, 721631.964001437649131 ] ] ] } },
{ "type": "Feature", "properties": { "LEFT_FID": 19, "RIGHT_FID": 19 }, "geometry": { "type": "MultiLineString", "coordinates": [ [ [ 434291.475200000568293, 721620.031600000686012 ], [ 434289.46728100074688, 721631.964001437649131 ] ] ] } },
{ "type": "Feature", "properties": { "LEFT_FID": -1, "RIGHT_FID": 16 }, "geometry": { "type": "MultiLineString", "coordinates": [ [ [ 434289.46728100074688, 721631.964001437649131 ], [ 434289.520415536419023, 721631.78668533929158 ] ] ] } },
{ "type": "Feature", "properties": { "LEFT_FID": -1, "RIGHT_FID": 19 }, "geometry": { "type": "MultiLineString", "coordinates": [ [ [ 434289.46728100074688, 721631.964001437649131 ], [ 434289.520415536419023, 721631.78668533929158 ] ] ] } },
{ "type": "Feature", "properties": { "LEFT_FID": -1, "RIGHT_FID": 19 }, "geometry": { "type": "MultiLineString", "coordinates": [ [ [ 434284.49532454792643, 721656.574657372082584 ], [ 434284.498238655971363, 721656.56006588798482 ], [ 434287.952800000901334, 721637.018000000156462 ], [ 434289.46728100074688, 721631.964001437649131 ] ] ] } },
{ "type": "Feature", "properties": { "LEFT_FID": 19, "RIGHT_FID": 17 }, "geometry": { "type": "MultiLineString", "coordinates": [ [ [ 434284.49532454792643, 721656.574657372082584 ], [ 434282.892664237064309, 721662.856816348619759 ] ] ] } },
{ "type": "Feature", "properties": { "LEFT_FID": -1, "RIGHT_FID": 17 }, "geometry": { "type": "MultiLineString", "coordinates": [ [ [ 434282.892664237064309, 721662.856816348619759 ], [ 434284.312299999292009, 721657.611899999319576 ], [ 434284.49532454792643, 721656.574657372082584 ] ] ] } },
{ "type": "Feature", "properties": { "LEFT_FID": -1, "RIGHT_FID": 19 }, "geometry": { "type": "MultiLineString", "coordinates": [ [ [ 434271.670786093804054, 721710.744571998366155 ], [ 434276.299299999838695, 721684.350299998419359 ], [ 434280.52280000114115, 721671.612400000914931 ], [ 434282.892664237064309, 721662.856816348619759 ] ] ] } },
{ "type": "Feature", "properties": { "LEFT_FID": 19, "RIGHT_FID": 17 }, "geometry": { "type": "MultiLineString", "coordinates": [ [ [ 434271.670786093804054, 721710.744571998366155 ], [ 434269.036229147110134, 721722.719450032454915 ] ] ] } },
{ "type": "Feature", "properties": { "LEFT_FID": -1, "RIGHT_FID": 17 }, "geometry": { "type": "MultiLineString", "coordinates": [ [ [ 434269.036229147110134, 721722.719450032454915 ], [ 434270.670699999900535, 721716.447600000072271 ], [ 434271.670786093804054, 721710.744571998366155 ] ] ] } },
{ "type": "Feature", "properties": { "LEFT_FID": -1, "RIGHT_FID": 19 }, "geometry": { "type": "MultiLineString", "coordinates": [ [ [ 434265.09892723953817, 721737.827805782551877 ], [ 434269.036229147110134, 721722.719450032454915 ] ] ] } },
{ "type": "Feature", "properties": { "LEFT_FID": 19, "RIGHT_FID": 17 }, "geometry": { "type": "MultiLineString", "coordinates": [ [ [ 434265.09892723953817, 721737.827805782551877 ], [ 434262.283178787038196, 721746.906768373446539 ] ] ] } },
{ "type": "Feature", "properties": { "LEFT_FID": -1, "RIGHT_FID": 17 }, "geometry": { "type": "MultiLineString", "coordinates": [ [ [ 434262.283178787038196, 721746.906768373446539 ], [ 434264.170500000240281, 721741.390399998985231 ], [ 434265.09892723953817, 721737.827805782551877 ] ] ] } },
{ "type": "Feature", "properties": { "LEFT_FID": -1, "RIGHT_FID": 19 }, "geometry": { "type": "MultiLineString", "coordinates": [ [ [ 434260.746127835998777, 721751.399347173981369 ], [ 434262.283178787038196, 721746.906768373446539 ] ] ] } },
{ "type": "Feature", "properties": { "LEFT_FID": 19, "RIGHT_FID": 17 }, "geometry": { "type": "MultiLineString", "coordinates": [ [ [ 434260.746127835998777, 721751.399347173981369 ], [ 434257.285899999318644, 721760.688900000532158 ], [ 434255.137639048334677, 721765.727166079799645 ] ] ] } },
{ "type": "Feature", "properties": { "LEFT_FID": -1, "RIGHT_FID": 17 }, "geometry": { "type": "MultiLineString", "coordinates": [ [ [ 434255.137639048334677, 721765.727166079799645 ], [ 434258.247799999197014, 721758.701600001309998 ], [ 434260.746127835998777, 721751.399347173981369 ] ] ] } },
{ "type": "Feature", "properties": { "LEFT_FID": -1, "RIGHT_FID": 19 }, "geometry": { "type": "MultiLineString", "coordinates": [ [ [ 434250.500629032147117, 721776.201743050012738 ], [ 434255.137639048334677, 721765.727166079799645 ] ] ] } },
{ "type": "Feature", "properties": { "LEFT_FID": 19, "RIGHT_FID": 17 }, "geometry": { "type": "MultiLineString", "coordinates": [ [ [ 434250.500629032147117, 721776.201743050012738 ], [ 434242.854199999943376, 721791.900699998135678 ], [ 434233.008300000044983, 721809.926799998618662 ], [ 434216.809306185459718, 721836.922641210490838 ] ] ] } },
{ "type": "Feature", "properties": { "LEFT_FID": -1, "RIGHT_FID": 17 }, "geometry": { "type": "MultiLineString", "coordinates": [ [ [ 434216.809306185459718, 721836.922641210490838 ], [ 434218.217399999848567, 721834.848600000841543 ], [ 434230.120400000712834, 721816.72370000067167 ], [ 434240.50840000010794, 721800.17000000027474 ], [ 434247.243100000079721, 721783.560200000414625 ], [ 434250.500629032147117, 721776.201743050012738 ] ] ] } },
{ "type": "Feature", "properties": { "LEFT_FID": -1, "RIGHT_FID": 19 }, "geometry": { "type": "MultiLineString", "coordinates": [ [ [ 434178.363793811528012, 721904.050565624726005 ], [ 434180.453599998902064, 721899.688500000280328 ], [ 434189.387900000961963, 721882.8543 ], [ 434197.810100000468083, 721868.348799999337643 ], [ 434208.197999998810701, 721849.606599999940954 ], [ 434216.809306185459718, 721836.922641210490838 ] ] ] } },
{ "type": "Feature", "properties": { "LEFT_FID": 19, "RIGHT_FID": 17 }, "geometry": { "type": "MultiLineString", "coordinates": [ [ [ 434178.363793811528012, 721904.050565624726005 ], [ 434166.057673686475027, 721928.281611661775969 ] ] ] } },
{ "type": "Feature", "properties": { "LEFT_FID": -1, "RIGHT_FID": 17 }, "geometry": { "type": "MultiLineString", "coordinates": [ [ [ 434166.057673686475027, 721928.281611661775969 ], [ 434171.864299999317154, 721917.617000001599081 ], [ 434178.363793811528012, 721904.050565624726005 ] ] ] } },
{ "type": "Feature", "properties": { "LEFT_FID": -1, "RIGHT_FID": 19 }, "geometry": { "type": "MultiLineString", "coordinates": [ [ [ 434159.897221926948987, 721940.356257892563008 ], [ 434161.797100000898354, 721936.106700000236742 ], [ 434166.057673686475027, 721928.281611661775969 ] ] ] } },
{ "type": "Feature", "properties": { "LEFT_FID": 19, "RIGHT_FID": 17 }, "geometry": { "type": "MultiLineString", "coordinates": [ [ [ 434159.897221926948987, 721940.356257892563008 ], [ 434142.277800001320429, 721973.200900000170805 ], [ 434120.149400001042522, 722012.777199999662116 ], [ 434113.492652595392428, 722024.379717172472738 ] ] ] } },
{ "type": "Feature", "properties": { "LEFT_FID": -1, "RIGHT_FID": 17 }, "geometry": { "type": "MultiLineString", "coordinates": [ [ [ 434113.492652595392428, 722024.379717172472738 ], [ 434120.059100000886247, 722013.460100001189858 ], [ 434124.12979999918025, 722006.670300000463612 ], [ 434142.512400000356138, 721977.126100001041777 ], [ 434150.934299999091309, 721960.404099999810569 ], [ 434159.897221926948987, 721940.356257892563008 ] ] ] } },
{ "type": "Feature", "properties": { "LEFT_FID": -1, "RIGHT_FID": 19 }, "geometry": { "type": "MultiLineString", "coordinates": [ [ [ 434028.387902214250062, 722193.270176202640869 ], [ 434028.783800000441261, 722192.099600000889041 ], [ 434033.082499999145512, 722179.894800000358373 ], [ 434039.339299999352079, 722164.182799999485724 ], [ 434043.970999999670312, 722152.454900000127964 ], [ 434055.23190000053728, 722127.147399999201298 ], [ 434062.298899999586865, 722112.922499999403954 ], [ 434067.978400000894908, 722102.737800000468269 ], [ 434078.520500000566244, 722084.528700000490062 ], [ 434087.524899998505134, 722069.069299999042414 ], [ 434093.958200000692159, 722058.351399999926798 ], [ 434101.18799999949988, 722045.360999999567866 ], [ 434109.294800000439864, 722031.360500000067987 ], [ 434113.492652595392428, 722024.379717172472738 ] ] ] } },
{ "type": "Feature", "properties": { "LEFT_FID": 19, "RIGHT_FID": 17 }, "geometry": { "type": "MultiLineString", "coordinates": [ [ [ 434028.387902214250062, 722193.270176202640869 ], [ 434025.012100000632927, 722202.739399998332374 ], [ 434021.398202057986055, 722213.937067890074104 ] ] ] } },
{ "type": "Feature", "properties": { "LEFT_FID": -1, "RIGHT_FID": 17 }, "geometry": { "type": "MultiLineString", "coordinates": [ [ [ 434021.398202057986055, 722213.937067890074104 ], [ 434028.387902214250062, 722193.270176202640869 ] ] ] } },
{ "type": "Feature", "properties": { "LEFT_FID": -1, "RIGHT_FID": 19 }, "geometry": { "type": "MultiLineString", "coordinates": [ [ [ 434020.668104158423375, 722216.199277262319811 ], [ 434020.841399999510031, 722215.583399999071844 ], [ 434021.398202057986055, 722213.937067890074104 ] ] ] } },
{ "type": "Feature", "properties": { "LEFT_FID": 19, "RIGHT_FID": 17 }, "geometry": { "type": "MultiLineString", "coordinates": [ [ [ 434020.668104158423375, 722216.199277262319811 ], [ 434015.802617491513956, 722233.055113460519351 ] ] ] } },
{ "type": "Feature", "properties": { "LEFT_FID": -1, "RIGHT_FID": 17 }, "geometry": { "type": "MultiLineString", "coordinates": [ [ [ 434015.802617491513956, 722233.055113460519351 ], [ 434016.160000000789296, 722232.221300001372583 ], [ 434020.668104158423375, 722216.199277262319811 ] ] ] } },
{ "type": "Feature", "properties": { "LEFT_FID": -1, "RIGHT_FID": 19 }, "geometry": { "type": "MultiLineString", "coordinates": [ [ [ 433980.309597110725008, 722404.584029111894779 ], [ 433980.381900001026224, 722398.880400000954978 ], [ 433984.019300000858493, 722377.528999999980442 ], [ 433985.957599999732338, 722357.776799998129718 ], [ 433989.864900001208298, 722336.818100000615232 ], [ 433993.97930000082124, 722309.714999999501742 ], [ 434001.144399999466259, 722278.319100000197068 ], [ 434005.911100000026636, 722261.625100000528619 ], [ 434011.037100000190549, 722244.173599998932332 ], [ 434015.802617491513956, 722233.055113460519351 ] ] ] } },
{ "type": "Feature", "properties": { "LEFT_FID": 19, "RIGHT_FID": 17 }, "geometry": { "type": "MultiLineString", "coordinates": [ [ [ 433980.309597110725008, 722404.584029111894779 ], [ 433980.148500000475906, 722406.167600001092069 ], [ 433979.31599999871105, 722419.824000000138767 ], [ 433979.07589999854099, 722430.131100001279265 ], [ 433979.231700000120327, 722443.934699999168515 ], [ 433980.392999999749009, 722464.70590000145603 ], [ 433982.971699999587145, 722488.910499998368323 ], [ 433983.790434916911181, 722494.274790943134576 ] ] ] } },
{ "type": "Feature", "properties": { "LEFT_FID": -1, "RIGHT_FID": 17 }, "geometry": { "type": "MultiLineString", "coordinates": [ [ [ 433983.790434916911181, 722494.274790943134576 ], [ 433981.273999999160878, 722466.72249999945052 ], [ 433980.278800000844058, 722447.980399998952635 ], [ 433980.199199999915436, 722440.779400000581518 ], [ 433980.036900000704918, 722426.095799999893643 ], [ 433980.309597110725008, 722404.584029111894779 ] ] ] } },
{ "type": "Feature", "properties": { "LEFT_FID": -1, "RIGHT_FID": 19 }, "geometry": { "type": "MultiLineString", "coordinates": [ [ [ 433985.453051760036033, 722505.168134195031598 ], [ 433984.297799998719711, 722499.829900000127964 ], [ 433983.790434916911181, 722494.274790943134576 ] ] ] } },
{ "type": "Feature", "properties": { "LEFT_FID": 19, "RIGHT_FID": 17 }, "geometry": { "type": "MultiLineString", "coordinates": [ [ [ 433985.453051760036033, 722505.168134195031598 ], [ 433986.636499999440275, 722512.922000000136904 ], [ 433991.842300000309478, 722539.908700000611134 ], [ 433995.164010941109154, 722554.54548628302291 ] ] ] } },
{ "type": "Feature", "properties": { "LEFT_FID": -1, "RIGHT_FID": 17 }, "geometry": { "type": "MultiLineString", "coordinates": [ [ [ 433995.164010941109154, 722554.54548628302291 ], [ 433991.217700000095647, 722532.067500001052395 ], [ 433988.629800000286195, 722519.887800000142306 ], [ 433988.159500000125263, 722517.674199999426492 ], [ 433985.453051760036033, 722505.168134195031598 ] ] ] } },
{ "type": "Feature", "properties": { "LEFT_FID": -1, "RIGHT_FID": 19 }, "geometry": { "type": "MultiLineString", "coordinates": [ [ [ 433995.930345626838971, 722557.922263247077353 ], [ 433995.493299999157898, 722556.421099998988211 ], [ 433995.164010941109154, 722554.54548628302291 ] ] ] } },
{ "type": "Feature", "properties": { "LEFT_FID": 19, "RIGHT_FID": 17 }, "geometry": { "type": "MultiLineString", "coordinates": [ [ [ 433995.930345626838971, 722557.922263247077353 ], [ 433997.079999999026768, 722562.988099999609403 ], [ 434001.654899999557529, 722579.373900000937283 ], [ 434008.163100000587292, 722598.951100000063889 ], [ 434016.915399999648798, 722621.622800000477582 ], [ 434026.623300000734162, 722644.053200000082143 ], [ 434036.979099999240134, 722666.179300001938827 ], [ 434041.543779621249996, 722675.409981932491064 ] ] ] } },
{ "type": "Feature", "properties": { "LEFT_FID": -1, "RIGHT_FID": 17 }, "geometry": { "type": "MultiLineString", "coordinates": [ [ [ 434041.543779621249996, 722675.409981932491064 ], [ 434038.00870000012219, 722667.751599999377504 ], [ 434028.358500001078937, 722645.025399999693036 ], [ 434020.028099998831749, 722623.393300001276657 ], [ 434015.51720000046771, 722612.843900000443682 ], [ 434006.229999999864958, 722590.903199999709614 ], [ 434000.72929999884218, 722574.405699999886565 ], [ 433995.930345626838971, 722557.922263247077353 ] ] ] } },
{ "type": "Feature", "properties": { "LEFT_FID": -1, "RIGHT_FID": 19 }, "geometry": { "type": "MultiLineString", "coordinates": [ [ [ 434103.387082851433661, 722787.99415699148085 ], [ 434098.939199999440461, 722780.905899999081157 ], [ 434086.43709999951534, 722760.536400000331923 ], [ 434078.003599999356084, 722748.051000001258217 ], [ 434069.406500000390224, 722731.104499998735264 ], [ 434055.514999999490101, 722703.5244 ], [ 434044.225199999345932, 722681.218999999575317 ], [ 434041.543779621249996, 722675.409981932491064 ] ] ] } },
{ "type": "Feature", "properties": { "LEFT_FID": 19, "RIGHT_FID": 17 }, "geometry": { "type": "MultiLineString", "coordinates": [ [ [ 434103.387082851433661, 722787.99415699148085 ], [ 434115.531096931896172, 722808.036951392074116 ] ] ] } },
{ "type": "Feature", "properties": { "LEFT_FID": -1, "RIGHT_FID": 17 }, "geometry": { "type": "MultiLineString", "coordinates": [ [ [ 434115.531096931896172, 722808.036951392074116 ], [ 434112.231599999126047, 722802.088999999221414 ], [ 434103.387082851433661, 722787.99415699148085 ] ] ] } },
{ "type": "Feature", "properties": { "LEFT_FID": -1, "RIGHT_FID": 19 }, "geometry": { "type": "MultiLineString", "coordinates": [ [ [ 434137.127036521793343, 722845.224720677360892 ], [ 434124.480500000354368, 722824.169900000561029 ], [ 434115.531096931896172, 722808.036951392074116 ] ] ] } },
{ "type": "Feature", "properties": { "LEFT_FID": 19, "RIGHT_FID": 17 }, "geometry": { "type": "MultiLineString", "coordinates": [ [ [ 434137.127036521793343, 722845.224720677360892 ], [ 434139.973976959823631, 722850.759087813319638 ] ] ] } },
{ "type": "Feature", "properties": { "LEFT_FID": -1, "RIGHT_FID": 17 }, "geometry": { "type": "MultiLineString", "coordinates": [ [ [ 434139.973976959823631, 722850.759087813319638 ], [ 434137.4569, 722845.773900000960566 ], [ 434137.127036521793343, 722845.224720677360892 ] ] ] } },
{ "type": "Feature", "properties": { "LEFT_FID": -1, "RIGHT_FID": 19 }, "geometry": { "type": "MultiLineString", "coordinates": [ [ [ 434147.353579946851823, 722865.374734239652753 ], [ 434139.973976959823631, 722850.759087813319638 ] ] ] } },
{ "type": "Feature", "properties": { "LEFT_FID": 19, "RIGHT_FID": 17 }, "geometry": { "type": "MultiLineString", "coordinates": [ [ [ 434147.353579946851823, 722865.374734239652753 ], [ 434152.553856088023167, 722876.79809818638023 ] ] ] } },
{ "type": "Feature", "properties": { "LEFT_FID": -1, "RIGHT_FID": 17 }, "geometry": { "type": "MultiLineString", "coordinates": [ [ [ 434152.553856088023167, 722876.79809818638023 ], [ 434148.945799999055453, 722868.528200000990182 ], [ 434147.353579946851823, 722865.374734239652753 ] ] ] } },
{ "type": "Feature", "properties": { "LEFT_FID": -1, "RIGHT_FID": 19 }, "geometry": { "type": "MultiLineString", "coordinates": [ [ [ 434214.80301811528625, 723018.824424792430364 ], [ 434204.007600000535604, 722994.672900000936352 ], [ 434189.671500000462402, 722966.138900001533329 ], [ 434178.203400000522379, 722939.091800001217052 ], [ 434167.332299998844974, 722913.082900000154041 ], [ 434158.261199998727534, 722889.879699998418801 ], [ 434152.553856088023167, 722876.79809818638023 ] ] ] } },
{ "type": "Feature", "properties": { "LEFT_FID": 19, "RIGHT_FID": 17 }, "geometry": { "type": "MultiLineString", "coordinates": [ [ [ 434214.80301811528625, 723018.824424792430364 ], [ 434216.318100000207778, 723022.322399999713525 ], [ 434218.002755269641057, 723025.982881317613646 ] ] ] } },
{ "type": "Feature", "properties": { "LEFT_FID": -1, "RIGHT_FID": 17 }, "geometry": { "type": "MultiLineString", "coordinates": [ [ [ 434218.002755269641057, 723025.982881317613646 ], [ 434214.80301811528625, 723018.824424792430364 ] ] ] } },
{ "type": "Feature", "properties": { "LEFT_FID": -1, "RIGHT_FID": 19 }, "geometry": { "type": "MultiLineString", "coordinates": [ [ [ 434231.674519181309734, 723055.689395917463116 ], [ 434225.970599999767728, 723043.716700000688434 ], [ 434218.17910000088159, 723026.377400000346825 ], [ 434218.002755269641057, 723025.982881317613646 ] ] ] } },
{ "type": "Feature", "properties": { "LEFT_FID": 19, "RIGHT_FID": 17 }, "geometry": { "type": "MultiLineString", "coordinates": [ [ [ 434231.674519181309734, 723055.689395917463116 ], [ 434248.941900000267196, 723093.208599998615682 ], [ 434260.274899998970795, 723118.525600000168197 ], [ 434273.525999998906627, 723150.547899999655783 ], [ 434283.079699998663273, 723176.737499999813735 ], [ 434288.452300001052208, 723193.472300000954419 ], [ 434294.231399999000132, 723213.7224000004353 ], [ 434299.546400000341237, 723233.963800000492483 ], [ 434304.391599999857135, 723254.254000001237728 ], [ 434308.9846011850168, 723276.885187972919084 ] ] ] } },
{ "type": "Feature", "properties": { "LEFT_FID": -1, "RIGHT_FID": 17 }, "geometry": { "type": "MultiLineString", "coordinates": [ [ [ 434308.9846011850168, 723276.885187972919084 ], [ 434307.974500000418629, 723268.73469999874942 ], [ 434306.196099999302533, 723256.978700001258403 ], [ 434302.895999999134801, 723244.184699999750592 ], [ 434297.489299999317154, 723224.264199999393895 ], [ 434291.166000001132488, 723202.772400000249036 ], [ 434285.557599998894148, 723182.964099998935126 ], [ 434279.38140000065323, 723165.007600000593811 ], [ 434272.496400000178255, 723141.97269999969285 ], [ 434263.688899999426212, 723123.454999999492429 ], [ 434258.454300000274088, 723111.727100000018254 ], [ 434245.386800001433585, 723084.455600001499988 ], [ 434236.008999999903608, 723064.787599999457598 ], [ 434231.674519181309734, 723055.689395917463116 ] ] ] } },
{ "type": "Feature", "properties": { "LEFT_FID": -1, "RIGHT_FID": 19 }, "geometry": { "type": "MultiLineString", "coordinates": [ [ [ 434316.174646154395305, 723320.214827879564837 ], [ 434315.166799999307841, 723314.074899999191985 ], [ 434310.957900000270456, 723292.807700000237674 ], [ 434308.9846011850168, 723276.885187972919084 ] ] ] } },
{ "type": "Feature", "properties": { "LEFT_FID": 19, "RIGHT_FID": 17 }, "geometry": { "type": "MultiLineString", "coordinates": [ [ [ 434316.174646154395305, 723320.214827879564837 ], [ 434316.431300000054762, 723322.10879999876488 ], [ 434318.594399998779409, 723342.492300000507385 ], [ 434319.613199999497738, 723356.078700000303797 ], [ 434320.560200000880286, 723383.231799998437054 ], [ 434320.25099999923259, 723403.567500000470318 ], [ 434319.528299999423325, 723417.10509999957867 ], [ 434318.372999999206513, 723430.623499999986961 ], [ 434316.768599999719299, 723444.119700000621378 ], [ 434315.300217952637468, 723453.147002265090123 ] ] ] } },
{ "type": "Feature", "properties": { "LEFT_FID": -1, "RIGHT_FID": 17 }, "geometry": { "type": "MultiLineString", "coordinates": [ [ [ 434315.300217952637468, 723453.147002265090123 ], [ 434320.065999999816995, 723434.748499999986961 ], [ 434321.941499999549706, 723411.685599999851547 ], [ 434323.218299999716692, 723390.137700001243502 ], [ 434322.92139999975916, 723376.249500001780689 ], [ 434320.444000000017695, 723352.288699999451637 ], [ 434318.10509999957867, 723331.975400001276284 ], [ 434316.174646154395305, 723320.214827879564837 ] ] ] } },
{ "type": "Feature", "properties": { "LEFT_FID": -1, "RIGHT_FID": 19 }, "geometry": { "type": "MultiLineString", "coordinates": [ [ [ 434307.023592960787937, 723491.928649272536859 ], [ 434309.649199999985285, 723477.030599999241531 ], [ 434315.233000000996981, 723453.406499999458902 ], [ 434315.300217952637468, 723453.147002265090123 ] ] ] } },
{ "type": "Feature", "properties": { "LEFT_FID": 19, "RIGHT_FID": 17 }, "geometry": { "type": "MultiLineString", "coordinates": [ [ [ 434307.023592960787937, 723491.928649272536859 ], [ 434303.545699998852797, 723504.496900000725873 ], [ 434296.781199999561068, 723524.461400000960566 ], [ 434288.789800000493415, 723544.377300000400282 ], [ 434273.242999998677988, 723580.688800000119954 ], [ 434260.098399999202229, 723610.054400001303293 ], [ 434246.463699999265373, 723639.177100001368672 ], [ 434228.986400000168942, 723674.531600000802428 ], [ 434226.386425750737544, 723679.459938619867899 ] ] ] } },
{ "type": "Feature", "properties": { "LEFT_FID": -1, "RIGHT_FID": 17 }, "geometry": { "type": "MultiLineString", "coordinates": [ [ [ 434226.386425750737544, 723679.459938619867899 ], [ 434230.91579999984242, 723671.326000000233762 ], [ 434242.577600000833627, 723648.066600000136532 ], [ 434254.102700000279583, 723626.182099999859929 ], [ 434260.626500000129454, 723611.957100001280196 ], [ 434270.902399999205954, 723591.559599998872727 ], [ 434278.681200001330581, 723574.781500000390224 ], [ 434285.86930000083521, 723552.335800000582822 ], [ 434293.963700001302641, 723531.573600000701845 ], [ 434301.051299999759067, 723517.432799999602139 ], [ 434305.891200000187382, 723498.354000000865199 ], [ 434307.023592960787937, 723491.928649272536859 ] ] ] } },
{ "type": "Feature", "properties": { "LEFT_FID": -1, "RIGHT_FID": 19 }, "geometry": { "type": "MultiLineString", "coordinates": [ [ [ 434217.506815775297582, 723696.291537930606864 ], [ 434221.213599999668077, 723688.74939999927301 ], [ 434226.386425750737544, 723679.459938619867899 ] ] ] } },
{ "type": "Feature", "properties": { "LEFT_FID": 19, "RIGHT_FID": 17 }, "geometry": { "type": "MultiLineString", "coordinates": [ [ [ 434217.506815775297582, 723696.291537930606864 ], [ 434212.254700000805315, 723706.247100000153296 ], [ 434211.237599752726965, 723707.962140178657137 ] ] ] } },
{ "type": "Feature", "properties": { "LEFT_FID": -1, "RIGHT_FID": 17 }, "geometry": { "type": "MultiLineString", "coordinates": [ [ [ 434211.237599752726965, 723707.962140178657137 ], [ 434213.657000000588596, 723704.124699999694712 ], [ 434217.506815775297582, 723696.291537930606864 ] ] ] } },
{ "type": "Feature", "properties": { "LEFT_FID": -1, "RIGHT_FID": 19 }, "geometry": { "type": "MultiLineString", "coordinates": [ [ [ 434162.584287262579892, 723789.342047031619586 ], [ 434169.818699998781085, 723775.64229999948293 ], [ 434181.052700000116602, 723755.300899998866953 ], [ 434191.660799999488518, 723736.55870000179857 ], [ 434204.228600000613369, 723719.079199998639524 ], [ 434211.237599752726965, 723707.962140178657137 ] ] ] } },
{ "type": "Feature", "properties": { "LEFT_FID": 19, "RIGHT_FID": 17 }, "geometry": { "type": "MultiLineString", "coordinates": [ [ [ 434162.584287262579892, 723789.342047031619586 ], [ 434133.039800000842661, 723844.321499998681247 ], [ 434119.097299999732058, 723869.031799999298528 ], [ 434106.005, 723890.642600000370294 ], [ 434073.254499999631662, 723942.901799999875948 ], [ 434058.435299999371637, 723967.7197999994969 ], [ 434046.3367000008584, 723989.729900000267662 ], [ 434044.855581637355499, 723992.684427626780234 ] ] ] } },
{ "type": "Feature", "properties": { "LEFT_FID": -1, "RIGHT_FID": 17 }, "geometry": { "type": "MultiLineString", "coordinates": [ [ [ 434044.855581637355499, 723992.684427626780234 ], [ 434054.987599998828955, 723977.176400000695139 ], [ 434066.766500000667293, 723958.041500000166707 ], [ 434073.969499998784158, 723946.509999999660067 ], [ 434083.645200001192279, 723930.882200000807643 ], [ 434092.511199998611119, 723916.993899998138659 ], [ 434096.894999999378342, 723908.21209999837447 ], [ 434103.047700000635814, 723897.718699998338707 ], [ 434116.135599999106489, 723875.020500000100583 ], [ 434132.789400000998285, 723844.831100000999868 ], [ 434145.713499998732004, 723820.926400000345893 ], [ 434159.299299999256618, 723795.562799999956042 ], [ 434162.584287262579892, 723789.342047031619586 ] ] ] } },
{ "type": "Feature", "properties": { "LEFT_FID": -1, "RIGHT_FID": 19 }, "geometry": { "type": "MultiLineString", "coordinates": [ [ [ 434038.731359135941602, 724004.900996548123658 ], [ 434042.485999999393243, 723996.311300001223572 ], [ 434044.855581637355499, 723992.684427626780234 ] ] ] } },
{ "type": "Feature", "properties": { "LEFT_FID": 19, "RIGHT_FID": 17 }, "geometry": { "type": "MultiLineString", "coordinates": [ [ [ 434038.731359135941602, 724004.900996548123658 ], [ 434031.38930000102846, 724019.5469000012381 ], [ 434023.604718751856126, 724033.776481996523216 ] ] ] } },
{ "type": "Feature", "properties": { "LEFT_FID": -1, "RIGHT_FID": 17 }, "geometry": { "type": "MultiLineString", "coordinates": [ [ [ 434023.604718751856126, 724033.776481996523216 ], [ 434034.293600000382867, 724015.053500000503846 ], [ 434038.731359135941602, 724004.900996548123658 ] ] ] } },
{ "type": "Feature", "properties": { "LEFT_FID": -1, "RIGHT_FID": 19 }, "geometry": { "type": "MultiLineString", "coordinates": [ [ [ 433999.049448479840066, 724082.493001223076135 ], [ 434003.905399998649955, 724070.01730000122916 ], [ 434017.69930000056047, 724044.120599999208935 ], [ 434023.604718751856126, 724033.776481996523216 ] ] ] } },
{ "type": "Feature", "properties": { "LEFT_FID": 19, "RIGHT_FID": 17 }, "geometry": { "type": "MultiLineString", "coordinates": [ [ [ 433999.049448479840066, 724082.493001223076135 ], [ 433989.01889999920968, 724106.96690000151284 ], [ 433971.937467449635733, 724145.91217153891921 ] ] ] } },
{ "type": "Feature", "properties": { "LEFT_FID": -1, "RIGHT_FID": 17 }, "geometry": { "type": "MultiLineString", "coordinates": [ [ [ 433971.937467449635733, 724145.91217153891921 ], [ 433984.3353999996325, 724120.295700001297519 ], [ 433999.049448479840066, 724082.493001223076135 ] ] ] } },
{ "type": "Feature", "properties": { "LEFT_FID": -1, "RIGHT_FID": 19 }, "geometry": { "type": "MultiLineString", "coordinates": [ [ [ 433963.590446692600381, 724165.075693911407143 ], [ 433969.7514, 724150.428999998606741 ], [ 433971.937467449635733, 724145.91217153891921 ] ] ] } },
{ "type": "Feature", "properties": { "LEFT_FID": 19, "RIGHT_FID": 17 }, "geometry": { "type": "MultiLineString", "coordinates": [ [ [ 433963.590446692600381, 724165.075693911407143 ], [ 433933.392380869132467, 724235.089012696873397 ] ] ] } },
{ "type": "Feature", "properties": { "LEFT_FID": -1, "RIGHT_FID": 17 }, "geometry": { "type": "MultiLineString", "coordinates": [ [ [ 433933.392380869132467, 724235.089012696873397 ], [ 433938.022400000365451, 724226.828500001109205 ], [ 433955.789800001017284, 724183.62050000031013 ], [ 433963.590446692600381, 724165.075693911407143 ] ] ] } },
{ "type": "Feature", "properties": { "LEFT_FID": -1, "RIGHT_FID": 19 }, "geometry": { "type": "MultiLineString", "coordinates": [ [ [ 433904.087878226244356, 724305.443531132186763 ], [ 433920.708100000803825, 724257.719300000346266 ], [ 433933.392380869132467, 724235.089012696873397 ] ] ] } },
{ "type": "Feature", "properties": { "LEFT_FID": 19, "RIGHT_FID": 17 }, "geometry": { "type": "MultiLineString", "coordinates": [ [ [ 433904.087878226244356, 724305.443531132186763 ], [ 433900.766199999721721, 724313.857899998547509 ], [ 433891.856999999319669, 724337.990700000664219 ] ] ] } },
{ "type": "Feature", "properties": { "LEFT_FID": -1, "RIGHT_FID": 17 }, "geometry": { "type": "MultiLineString", "coordinates": [ [ [ 433891.856999999319669, 724337.990700000664219 ], [ 433902.827100000577047, 724309.06380000023637 ], [ 433904.087878226244356, 724305.443531132186763 ] ] ] } },
{ "type": "Feature", "properties": { "LEFT_FID": 19, "RIGHT_FID": 17 }, "geometry": { "type": "MultiLineString", "coordinates": [ [ [ 433891.856999999319669, 724337.990700000664219 ], [ 433884.908800000150222, 724358.448299999930896 ], [ 433882.43834283069009, 724366.34336773364339 ] ] ] } },
{ "type": "Feature", "properties": { "LEFT_FID": -1, "RIGHT_FID": 17 }, "geometry": { "type": "MultiLineString", "coordinates": [ [ [ 433882.43834283069009, 724366.34336773364339 ], [ 433891.856999999319669, 724337.990700000664219 ] ] ] } },
{ "type": "Feature", "properties": { "LEFT_FID": -1, "RIGHT_FID": 19 }, "geometry": { "type": "MultiLineString", "coordinates": [ [ [ 433860.052585381432436, 724442.97481176268775 ], [ 433867.393099998938851, 724412.819000000949018 ], [ 433875.283399999840185, 724387.904300000052899 ], [ 433881.697700000659097, 724368.572899999679066 ], [ 433882.43834283069009, 724366.34336773364339 ] ] ] } },
{ "type": "Feature", "properties": { "LEFT_FID": 19, "RIGHT_FID": 17 }, "geometry": { "type": "MultiLineString", "coordinates": [ [ [ 433860.052585381432436, 724442.97481176268775 ], [ 433850.681399999652058, 724475.674399999901652 ], [ 433841.788074694981333, 724504.699158212635666 ] ] ] } },
{ "type": "Feature", "properties": { "LEFT_FID": -1, "RIGHT_FID": 17 }, "geometry": { "type": "MultiLineString", "coordinates": [ [ [ 433841.788074694981333, 724504.699158212635666 ], [ 433852.028499999898486, 724473.618699999409728 ], [ 433858.774100001086481, 724448.227000001003034 ], [ 433860.052585381432436, 724442.97481176268775 ] ] ] } },
{ "type": "Feature", "properties": { "LEFT_FID": -1, "RIGHT_FID": 19 }, "geometry": { "type": "MultiLineString", "coordinates": [ [ [ 433828.803544409631286, 724548.494810675503686 ], [ 433831.408199999597855, 724534.446500000311062 ], [ 433836.738999999535736, 724520.446000000927597 ], [ 433841.046299998939503, 724506.950500000501052 ], [ 433841.788074694981333, 724504.699158212635666 ] ] ] } },
{ "type": "Feature", "properties": { "LEFT_FID": 19, "RIGHT_FID": 17 }, "geometry": { "type": "MultiLineString", "coordinates": [ [ [ 433828.803544409631286, 724548.494810675503686 ], [ 433825.653799999388866, 724560.170100000570528 ], [ 433818.229573729739059, 724589.286240637302399 ] ] ] } },
{ "type": "Feature", "properties": { "LEFT_FID": -1, "RIGHT_FID": 17 }, "geometry": { "type": "MultiLineString", "coordinates": [ [ [ 433818.229573729739059, 724589.286240637302399 ], [ 433822.012599999783561, 724578.72059999871999 ], [ 433826.424700000556186, 724561.325200001127087 ], [ 433828.803544409631286, 724548.494810675503686 ] ] ] } },
{ "type": "Feature", "properties": { "LEFT_FID": -1, "RIGHT_FID": 19 }, "geometry": { "type": "MultiLineString", "coordinates": [ [ [ 433797.894428092171438, 724663.020456616068259 ], [ 433801.677099999680649, 724645.861199998296797 ], [ 433807.781599999580067, 724626.529899998917244 ], [ 433811.551999999850523, 724609.948100000503473 ], [ 433816.728499999677297, 724593.478600000031292 ], [ 433818.229573729739059, 724589.286240637302399 ] ] ] } },
{ "type": "Feature", "properties": { "LEFT_FID": 19, "RIGHT_FID": 17 }, "geometry": { "type": "MultiLineString", "coordinates": [ [ [ 433797.894428092171438, 724663.020456616068259 ], [ 433791.252100000914652, 724682.59830000041984 ], [ 433788.130933571083006, 724690.831364823621698 ] ] ] } },
{ "type": "Feature", "properties": { "LEFT_FID": -1, "RIGHT_FID": 17 }, "geometry": { "type": "MultiLineString", "coordinates": [ [ [ 433788.130933571083006, 724690.831364823621698 ], [ 433791.394799999543466, 724682.44769999908749 ], [ 433797.619699999690056, 724664.266699999454431 ], [ 433797.894428092171438, 724663.020456616068259 ] ] ] } },
{ "type": "Feature", "properties": { "LEFT_FID": -1, "RIGHT_FID": 19 }, "geometry": { "type": "MultiLineString", "coordinates": [ [ [ 433776.803056770935655, 724720.712227029842325 ], [ 433777.653700000140816, 724717.743499999982305 ], [ 433788.130933571083006, 724690.831364823621698 ] ] ] } },
{ "type": "Feature", "properties": { "LEFT_FID": 19, "RIGHT_FID": 17 }, "geometry": { "type": "MultiLineString", "coordinates": [ [ [ 433776.803056770935655, 724720.712227029842325 ], [ 433770.342799998819828, 724737.753200000850484 ], [ 433763.497707798785996, 724758.599144378327765 ] ] ] } },
{ "type": "Feature", "properties": { "LEFT_FID": -1, "RIGHT_FID": 17 }, "geometry": { "type": "MultiLineString", "coordinates": [ [ [ 433763.497707798785996, 724758.599144378327765 ], [ 433769.204500000167172, 724745.632299999822862 ], [ 433774.220900000305846, 724729.723900000099093 ], [ 433776.803056770935655, 724720.712227029842325 ] ] ] } },
{ "type": "Feature", "properties": { "LEFT_FID": -1, "RIGHT_FID": 19 }, "geometry": { "type": "MultiLineString", "coordinates": [ [ [ 433763.252857965882868, 724759.344806500943378 ], [ 433763.302099999971688, 724759.043600000441074 ], [ 433763.497707798785996, 724758.599144378327765 ] ] ] } },
{ "type": "Feature", "properties": { "LEFT_FID": 19, "RIGHT_FID": 17 }, "geometry": { "type": "MultiLineString", "coordinates": [ [ [ 433763.252857965882868, 724759.344806500943378 ], [ 433762.840400000510272, 724760.600900000543334 ], [ 433759.376400000881404, 724773.240000000456348 ], [ 433755.87410000001546, 724787.750600000610575 ], [ 433742.028506453556474, 724850.896990572568029 ] ] ] } },
{ "type": "Feature", "properties": { "LEFT_FID": -1, "RIGHT_FID": 17 }, "geometry": { "type": "MultiLineString", "coordinates": [ [ [ 433742.028506453556474, 724850.896990572568029 ], [ 433746.182599999010563, 724833.086199999903329 ], [ 433750.513799999316689, 724813.446300000301562 ], [ 433753.951399999961723, 724803.093199999653734 ], [ 433757.10249999910593, 724789.990499999257736 ], [ 433760.270200000260957, 724777.589299999875948 ], [ 433763.252857965882868, 724759.344806500943378 ] ] ] } },
{ "type": "Feature", "properties": { "LEFT_FID": -1, "RIGHT_FID": 19 }, "geometry": { "type": "MultiLineString", "coordinates": [ [ [ 433729.533902200928424, 724922.022737061954103 ], [ 433730.267199998896103, 724907.942600000533275 ], [ 433732.501800000667572, 724892.090300000272691 ], [ 433737.257899998570792, 724872.646799999638461 ], [ 433740.967099999950733, 724855.447799998684786 ], [ 433742.028506453556474, 724850.896990572568029 ] ] ] } },
{ "type": "Feature", "properties": { "LEFT_FID": 19, "RIGHT_FID": 17 }, "geometry": { "type": "MultiLineString", "coordinates": [ [ [ 433729.533902200928424, 724922.022737061954103 ], [ 433729.379599998588674, 724923.598699999391101 ], [ 433729.304741316591389, 724925.140639576828107 ] ] ] } },
{ "type": "Feature", "properties": { "LEFT_FID": -1, "RIGHT_FID": 17 }, "geometry": { "type": "MultiLineString", "coordinates": [ [ [ 433729.304741316591389, 724925.140639576828107 ], [ 433729.479599999147467, 724923.065400000312366 ], [ 433729.533902200928424, 724922.022737061954103 ] ] ] } },
{ "type": "Feature", "properties": { "LEFT_FID": -1, "RIGHT_FID": 19 }, "geometry": { "type": "MultiLineString", "coordinates": [ [ [ 433730.795917144336272, 725012.208714069216512 ], [ 433729.828899999847636, 724993.544800000730902 ], [ 433727.891399999964051, 724958.641799999866635 ], [ 433728.420499999716412, 724935.634900000412017 ], [ 433729.304741316591389, 724925.140639576828107 ] ] ] } },
{ "type": "Feature", "properties": { "LEFT_FID": 19, "RIGHT_FID": 17 }, "geometry": { "type": "MultiLineString", "coordinates": [ [ [ 433730.795917144336272, 725012.208714069216512 ], [ 433730.973793354816735, 725016.258325109956786 ] ] ] } },
{ "type": "Feature", "properties": { "LEFT_FID": -1, "RIGHT_FID": 17 }, "geometry": { "type": "MultiLineString", "coordinates": [ [ [ 433730.973793354816735, 725016.258325109956786 ], [ 433730.949699998716824, 725015.176800000364892 ], [ 433730.795917144336272, 725012.208714069216512 ] ] ] } },
{ "type": "Feature", "properties": { "LEFT_FID": 19, "RIGHT_FID": 17 }, "geometry": { "type": "MultiLineString", "coordinates": [ [ [ 433730.973793354816735, 725016.258325109956786 ], [ 433731.069699999410659, 725027.509899999247864 ], [ 433730.113500000326894, 725046.18529999977909 ], [ 433729.219050264218822, 725056.310262558283284 ] ] ] } },
{ "type": "Feature", "properties": { "LEFT_FID": -1, "RIGHT_FID": 17 }, "geometry": { "type": "MultiLineString", "coordinates": [ [ [ 433729.219050264218822, 725056.310262558283284 ], [ 433731.510300001187716, 725040.343999999691732 ], [ 433730.973793354816735, 725016.258325109956786 ] ] ] } },
{ "type": "Feature", "properties": { "LEFT_FID": -1, "RIGHT_FID": 19 }, "geometry": { "type": "MultiLineString", "coordinates": [ [ [ 433728.401738531072624, 725065.562040925608017 ], [ 433728.715999999141786, 725059.8156999994535 ], [ 433729.219050264218822, 725056.310262558283284 ] ] ] } },
{ "type": "Feature", "properties": { "LEFT_FID": 19, "RIGHT_FID": 17 }, "geometry": { "type": "MultiLineString", "coordinates": [ [ [ 433728.401738531072624, 725065.562040925608017 ], [ 433726.491800000250805, 725087.182099999161437 ], [ 433725.859999999927823, 725105.902900000102818 ], [ 433725.951800299051683, 725107.98129263240844 ] ] ] } },
{ "type": "Feature", "properties": { "LEFT_FID": -1, "RIGHT_FID": 17 }, "geometry": { "type": "MultiLineString", "coordinates": [ [ [ 433725.951800299051683, 725107.98129263240844 ], [ 433726.248600000573788, 725095.055400000768714 ], [ 433727.815300000365824, 725076.28519999992568 ], [ 433728.401738531072624, 725065.562040925608017 ] ] ] } },
{ "type": "Feature", "properties": { "LEFT_FID": -1, "RIGHT_FID": 19 }, "geometry": { "type": "MultiLineString", "coordinates": [ [ [ 433726.35930635407567, 725117.207380131934769 ], [ 433725.874299999210052, 725111.356499999528751 ], [ 433725.951800299051683, 725107.98129263240844 ] ] ] } },
{ "type": "Feature", "properties": { "LEFT_FID": 19, "RIGHT_FID": 17 }, "geometry": { "type": "MultiLineString", "coordinates": [ [ [ 433726.35930635407567, 725117.207380131934769 ], [ 433726.922199998982251, 725129.951500000082888 ], [ 433729.620699999737553, 725157.657299998099916 ], [ 433730.536902245250531, 725164.554339236230589 ] ] ] } },
{ "type": "Feature", "properties": { "LEFT_FID": -1, "RIGHT_FID": 17 }, "geometry": { "type": "MultiLineString", "coordinates": [ [ [ 433730.536902245250531, 725164.554339236230589 ], [ 433728.987000000604894, 725147.606299999868497 ], [ 433726.893000001145992, 725123.645600000745617 ], [ 433726.35930635407567, 725117.207380131934769 ] ] ] } },
{ "type": "Feature", "properties": { "LEFT_FID": -1, "RIGHT_FID": 19 }, "geometry": { "type": "MultiLineString", "coordinates": [ [ [ 433742.968842757167295, 725244.019575405865908 ], [ 433742.110699999961071, 725240.559500000439584 ], [ 433737.503699999593664, 725218.057700001052581 ], [ 433730.71380000008503, 725166.488699999754317 ], [ 433730.536902245250531, 725164.554339236230589 ] ] ] } },
{ "type": "Feature", "properties": { "LEFT_FID": 19, "RIGHT_FID": 17 }, "geometry": { "type": "MultiLineString", "coordinates": [ [ [ 433742.968842757167295, 725244.019575405865908 ], [ 433744.309200000076089, 725250.360300000756979 ], [ 433750.158999999810476, 725274.470400000456721 ], [ 433765.63509999983944, 725332.820900000282563 ], [ 433772.491499999538064, 725360.325700000626966 ], [ 433777.099799999443348, 725381.384899999247864 ], [ 433783.11206268845126, 725412.321214853902347 ] ] ] } },
{ "type": "Feature", "properties": { "LEFT_FID": -1, "RIGHT_FID": 17 }, "geometry": { "type": "MultiLineString", "coordinates": [ [ [ 433783.11206268845126, 725412.321214853902347 ], [ 433782.82919999898877, 725410.585500001092441 ], [ 433779.465999998967163, 725392.600900000194088 ], [ 433775.440099999483209, 725373.409800001420081 ], [ 433770.644499999645632, 725351.441099999123253 ], [ 433766.788799999805633, 725335.280200000968762 ], [ 433763.281500000623055, 725322.907099999720231 ], [ 433759.372800000826828, 725303.659900001366623 ], [ 433753.648599999432918, 725279.671099999686703 ], [ 433747.580100000195671, 725262.612400000332855 ], [ 433742.968842757167295, 725244.019575405865908 ] ] ] } },
{ "type": "Feature", "properties": { "LEFT_FID": -1, "RIGHT_FID": 19 }, "geometry": { "type": "MultiLineString", "coordinates": [ [ [ 433795.563772968365811, 725463.269995793001726 ], [ 433787.707899998873472, 725440.522399999550544 ], [ 433783.11206268845126, 725412.321214853902347 ] ] ] } },
{ "type": "Feature", "properties": { "LEFT_FID": 19, "RIGHT_FID": 17 }, "geometry": { "type": "MultiLineString", "coordinates": [ [ [ 433795.563772968365811, 725463.269995793001726 ], [ 433801.199399999692105, 725481.405099998810329 ], [ 433806.346100000198931, 725500.480499999481253 ], [ 433816.072414455702528, 725541.698960189707577 ] ] ] } },
{ "type": "Feature", "properties": { "LEFT_FID": -1, "RIGHT_FID": 17 }, "geometry": { "type": "MultiLineString", "coordinates": [ [ [ 433816.072414455702528, 725541.698960189707577 ], [ 433813.61119999946095, 725524.441199998720549 ], [ 433809.75090000074124, 725506.653000001097098 ], [ 433802.954900000884663, 725486.367699999944307 ], [ 433795.934300000953954, 725464.342900000396185 ], [ 433795.563772968365811, 725463.269995793001726 ] ] ] } },
{ "type": "Feature", "properties": { "LEFT_FID": -1, "RIGHT_FID": 19 }, "geometry": { "type": "MultiLineString", "coordinates": [ [ [ 433816.726302912808023, 725544.470027836505324 ], [ 433816.244100000010803, 725542.902799999341369 ], [ 433816.072414455702528, 725541.698960189707577 ] ] ] } },
{ "type": "Feature", "properties": { "LEFT_FID": 19, "RIGHT_FID": 17 }, "geometry": { "type": "MultiLineString", "coordinates": [ [ [ 433816.726302912808023, 725544.470027836505324 ], [ 433819.989499999617692, 725558.298900001100264 ], [ 433838.358400000783149, 725629.764499999699183 ], [ 433841.769019486091565, 725644.965408357325941 ] ] ] } },
{ "type": "Feature", "properties": { "LEFT_FID": -1, "RIGHT_FID": 17 }, "geometry": { "type": "MultiLineString", "coordinates": [ [ [ 433841.769019486091565, 725644.965408357325941 ], [ 433837.439499999629334, 725623.819399999221787 ], [ 433834.063299999863375, 725606.45209999976214 ], [ 433829.653600000601728, 725590.90850000071805 ], [ 433823.296900000830647, 725565.825400000088848 ], [ 433816.726302912808023, 725544.470027836505324 ] ] ] } },
{ "type": "Feature", "properties": { "LEFT_FID": -1, "RIGHT_FID": 19 }, "geometry": { "type": "MultiLineString", "coordinates": [ [ [ 433843.380501558014657, 725652.836123222950846 ], [ 433841.769019486091565, 725644.965408357325941 ] ] ] } },
{ "type": "Feature", "properties": { "LEFT_FID": 19, "RIGHT_FID": 17 }, "geometry": { "type": "MultiLineString", "coordinates": [ [ [ 433843.380501558014657, 725652.836123222950846 ], [ 433845.182399999874178, 725662.107200000551529 ], [ 433848.014500000397675, 725680.263899999903515 ], [ 433849.631199999363162, 725694.924100000178441 ], [ 433850.116429557674564, 725703.42281773686409 ] ] ] } },
{ "type": "Feature", "properties": { "LEFT_FID": -1, "RIGHT_FID": 17 }, "geometry": { "type": "MultiLineString", "coordinates": [ [ [ 433850.116429557674564, 725703.42281773686409 ], [ 433848.985999999742489, 725680.214199999230914 ], [ 433843.380501558014657, 725652.836123222950846 ] ] ] } },
{ "type": "Feature", "properties": { "LEFT_FID": -1, "RIGHT_FID": 19 }, "geometry": { "type": "MultiLineString", "coordinates": [ [ [ 433850.684671624854673, 725715.08927926234901 ], [ 433850.116429557674564, 725703.42281773686409 ] ] ] } },
{ "type": "Feature", "properties": { "LEFT_FID": 19, "RIGHT_FID": 17 }, "geometry": { "type": "MultiLineString", "coordinates": [ [ [ 433850.684671624854673, 725715.08927926234901 ], [ 433850.648000000277534, 725728.325599999749102 ], [ 433849.968500001297798, 725739.078599999542348 ], [ 433848.183400000503752, 725753.141000000410713 ], [ 433845.475899999553803, 725766.914700000197627 ], [ 433841.935999999986961, 725780.42719999991823 ], [ 433836.477799999469426, 725796.992600000463426 ], [ 433830.035400000633672, 725813.246999999275431 ], [ 433829.572149405255914, 725814.269089032430202 ] ] ] } },
{ "type": "Feature", "properties": { "LEFT_FID": -1, "RIGHT_FID": 17 }, "geometry": { "type": "MultiLineString", "coordinates": [ [ [ 433829.572149405255914, 725814.269089032430202 ], [ 433835.951700000558048, 725803.020099998451769 ], [ 433840.017600000253879, 725792.302300000330433 ], [ 433845.231600000057369, 725773.95299999974668 ], [ 433848.374700000043958, 725758.212899998645298 ], [ 433850.761699998634867, 725729.70690000068862 ], [ 433850.703800001298077, 725715.482000000891276 ], [ 433850.684671624854673, 725715.08927926234901 ] ] ] } },
{ "type": "Feature", "properties": { "LEFT_FID": -1, "RIGHT_FID": 19 }, "geometry": { "type": "MultiLineString", "coordinates": [ [ [ 433799.91465412004618, 725872.666550926165655 ], [ 433820.445100000943057, 725830.039100000751205 ], [ 433823.036899999366142, 725825.634200000087731 ], [ 433828.5845, 725816.010599999804981 ], [ 433829.572149405255914, 725814.269089032430202 ] ] ] } },
{ "type": "Feature", "properties": { "LEFT_FID": 19, "RIGHT_FID": 17 }, "geometry": { "type": "MultiLineString", "coordinates": [ [ [ 433799.91465412004618, 725872.666550926165655 ], [ 433786.53350000071805, 725896.312100000213832 ], [ 433777.307499999064021, 725911.426699998904951 ], [ 433754.6054, 725947.286899999948218 ], [ 433745.620007644698489, 725962.685696642845869 ] ] ] } },
{ "type": "Feature", "properties": { "LEFT_FID": -1, "RIGHT_FID": 17 }, "geometry": { "type": "MultiLineString", "coordinates": [ [ [ 433745.620007644698489, 725962.685696642845869 ], [ 433753.052500001213048, 725951.806899999384768 ], [ 433770.88609999907203, 725925.629699999815784 ], [ 433784.492400000279304, 725900.125800000037998 ], [ 433799.675599999958649, 725873.162900001741946 ], [ 433799.91465412004618, 725872.666550926165655 ] ] ] } },
{ "type": "Feature", "properties": { "LEFT_FID": -1, "RIGHT_FID": 19 }, "geometry": { "type": "MultiLineString", "coordinates": [ [ [ 433744.254584821523167, 725965.0257022397127 ], [ 433744.733199999900535, 725963.983700000564568 ], [ 433745.620007644698489, 725962.685696642845869 ] ] ] } },
{ "type": "Feature", "properties": { "LEFT_FID": 19, "RIGHT_FID": 17 }, "geometry": { "type": "MultiLineString", "coordinates": [ [ [ 433744.254584821523167, 725965.0257022397127 ], [ 433742.102999999304302, 725968.712999999988824 ], [ 433712.199899999715853, 726026.392599999322556 ], [ 433695.493100000079721, 726056.477800000691786 ], [ 433693.331498917250428, 726060.546024672104977 ] ] ] } },
{ "type": "Feature", "properties": { "LEFT_FID": -1, "RIGHT_FID": 17 }, "geometry": { "type": "MultiLineString", "coordinates": [ [ [ 433693.331498917250428, 726060.546024672104977 ], [ 433695.192099999578204, 726057.890799999702722 ], [ 433703.222899999585934, 726042.65580000076443 ], [ 433713.446700000902638, 726026.607200000551529 ], [ 433718.795499998901505, 726014.654799999669194 ], [ 433726.684899999818299, 726000.906800000928342 ], [ 433735.165000001084991, 725983.988399998634122 ], [ 433738.14779999939492, 725978.320900000515394 ], [ 433744.254584821523167, 725965.0257022397127 ] ] ] } },
{ "type": "Feature", "properties": { "LEFT_FID": -1, "RIGHT_FID": 19 }, "geometry": { "type": "MultiLineString", "coordinates": [ [ [ 433646.659084638173226, 726180.649874523282051 ], [ 433650.278300000471063, 726164.732199999620207 ], [ 433658.212199999485165, 726140.9958999985829 ], [ 433667.69319999992149, 726114.678399999625981 ], [ 433681.619399999734014, 726082.524899999727495 ], [ 433688.271599998930469, 726067.766899998416193 ], [ 433693.331498917250428, 726060.546024672104977 ] ] ] } },
{ "type": "Feature", "properties": { "LEFT_FID": 19, "RIGHT_FID": 17 }, "geometry": { "type": "MultiLineString", "coordinates": [ [ [ 433646.659084638173226, 726180.649874523282051 ], [ 433642.366199999407399, 726193.780700001050718 ], [ 433637.862400000158232, 726205.746999999391846 ], [ 433636.380393140774686, 726209.313540664035827 ] ] ] } },
{ "type": "Feature", "properties": { "LEFT_FID": -1, "RIGHT_FID": 17 }, "geometry": { "type": "MultiLineString", "coordinates": [ [ [ 433636.380393140774686, 726209.313540664035827 ], [ 433644.275300000444986, 726191.133999999379739 ], [ 433646.659084638173226, 726180.649874523282051 ] ] ] } },
{ "type": "Feature", "properties": { "LEFT_FID": -1, "RIGHT_FID": 19 }, "geometry": { "type": "MultiLineString", "coordinates": [ [ [ 433611.841917338315398, 726274.577629855833948 ], [ 433619.275100000202656, 726247.079800001112744 ], [ 433625.470400000747759, 726232.882900000549853 ], [ 433631.323200001264922, 726220.958699998795055 ], [ 433636.380393140774686, 726209.313540664035827 ] ] ] } },
{ "type": "Feature", "properties": { "LEFT_FID": 19, "RIGHT_FID": 17 }, "geometry": { "type": "MultiLineString", "coordinates": [ [ [ 433611.841917338315398, 726274.577629855833948 ], [ 433588.435599999676924, 726349.600899999728426 ], [ 433577.193388624000363, 726382.501932981074788 ] ] ] } },
{ "type": "Feature", "properties": { "LEFT_FID": -1, "RIGHT_FID": 17 }, "geometry": { "type": "MultiLineString", "coordinates": [ [ [ 433577.193388624000363, 726382.501932981074788 ], [ 433584.230100000917446, 726366.210300000035204 ], [ 433589.657400000141934, 726347.440099999308586 ], [ 433597.819299999566283, 726319.691600000951439 ], [ 433608.694899999070913, 726286.219500000588596 ], [ 433611.841917338315398, 726274.577629855833948 ] ] ] } },
{ "type": "Feature", "properties": { "LEFT_FID": -1, "RIGHT_FID": 19 }, "geometry": { "type": "MultiLineString", "coordinates": [ [ [ 433573.017977729381528, 726394.721533467411064 ], [ 433574.244500000961125, 726389.329299999750219 ], [ 433577.193388624000363, 726382.501932981074788 ] ] ] } },
{ "type": "Feature", "properties": { "LEFT_FID": 19, "RIGHT_FID": 17 }, "geometry": { "type": "MultiLineString", "coordinates": [ [ [ 433573.017977729381528, 726394.721533467411064 ], [ 433572.944899999594782, 726394.935399999259971 ], [ 433569.204300000856165, 726409.467299998970702 ], [ 433561.435399998910725, 726445.524599999072962 ], [ 433557.444899998605251, 726460.114299999549985 ], [ 433549.529903822869528, 726483.136665748548694 ] ] ] } },
{ "type": "Feature", "properties": { "LEFT_FID": -1, "RIGHT_FID": 17 }, "geometry": { "type": "MultiLineString", "coordinates": [ [ [ 433549.529903822869528, 726483.136665748548694 ], [ 433549.930099999823142, 726482.170299999066629 ], [ 433553.208900000317954, 726472.490599999204278 ], [ 433559.942500000470318, 726453.24340000085067 ], [ 433566.64010000001872, 726430.46099999838043 ], [ 433570.332399998616893, 726406.528300000703894 ], [ 433573.017977729381528, 726394.721533467411064 ] ] ] } },
{ "type": "Feature", "properties": { "LEFT_FID": -1, "RIGHT_FID": 19 }, "geometry": { "type": "MultiLineString", "coordinates": [ [ [ 433538.72221284621628, 726513.810394169180654 ], [ 433542.761100000352599, 726499.481499999063089 ], [ 433549.529903822869528, 726483.136665748548694 ] ] ] } },
{ "type": "Feature", "properties": { "LEFT_FID": 19, "RIGHT_FID": 17 }, "geometry": { "type": "MultiLineString", "coordinates": [ [ [ 433538.72221284621628, 726513.810394169180654 ], [ 433535.133599999768194, 726522.915600000997074 ], [ 433529.649197933147661, 726535.112689848640002 ] ] ] } },
{ "type": "Feature", "properties": { "LEFT_FID": -1, "RIGHT_FID": 17 }, "geometry": { "type": "MultiLineString", "coordinates": [ [ [ 433529.649197933147661, 726535.112689848640002 ], [ 433536.505500000959728, 726521.674700000439771 ], [ 433538.72221284621628, 726513.810394169180654 ] ] ] } },
{ "type": "Feature", "properties": { "LEFT_FID": -1, "RIGHT_FID": 19 }, "geometry": { "type": "MultiLineString", "coordinates": [ [ [ 433524.879103770945221, 726544.461843142285943 ], [ 433529.649197933147661, 726535.112689848640002 ] ] ] } },
{ "type": "Feature", "properties": { "LEFT_FID": 19, "RIGHT_FID": 17 }, "geometry": { "type": "MultiLineString", "coordinates": [ [ [ 433524.879103770945221, 726544.461843142285943 ], [ 433522.164830924710259, 726549.208221689914353 ] ] ] } },
{ "type": "Feature", "properties": { "LEFT_FID": -1, "RIGHT_FID": 17 }, "geometry": { "type": "MultiLineString", "coordinates": [ [ [ 433522.164830924710259, 726549.208221689914353 ], [ 433524.4664000000339, 726545.270699999877252 ], [ 433524.879103770945221, 726544.461843142285943 ] ] ] } },
{ "type": "Feature", "properties": { "LEFT_FID": -1, "RIGHT_FID": 19 }, "geometry": { "type": "MultiLineString", "coordinates": [ [ [ 433517.972330932330806, 726556.380745789036155 ], [ 433522.164830924710259, 726549.208221689914353 ] ] ] } },
{ "type": "Feature", "properties": { "LEFT_FID": 19, "RIGHT_FID": 17 }, "geometry": { "type": "MultiLineString", "coordinates": [ [ [ 433517.972330932330806, 726556.380745789036155 ], [ 433492.971999999484979, 726595.74129999964498 ], [ 433488.922041473852005, 726602.757015080540441 ] ] ] } },
{ "type": "Feature", "properties": { "LEFT_FID": -1, "RIGHT_FID": 17 }, "geometry": { "type": "MultiLineString", "coordinates": [ [ [ 433488.922041473852005, 726602.757015080540441 ], [ 433499.510099998617079, 726585.560699999099597 ], [ 433507.721999999484979, 726573.916999999433756 ], [ 433517.972330932330806, 726556.380745789036155 ] ] ] } },
{ "type": "Feature", "properties": { "LEFT_FID": -1, "RIGHT_FID": 19 }, "geometry": { "type": "MultiLineString", "coordinates": [ [ [ 433478.651387480727863, 726621.856000629020855 ], [ 433482.666799999424256, 726612.916300000855699 ], [ 433488.922041473852005, 726602.757015080540441 ] ] ] } },
{ "type": "Feature", "properties": { "LEFT_FID": 19, "RIGHT_FID": 17 }, "geometry": { "type": "MultiLineString", "coordinates": [ [ [ 433478.651387480727863, 726621.856000629020855 ], [ 433473.21540000080131, 726633.053700000746176 ], [ 433456.729613419040106, 726669.771256466279738 ] ] ] } },
{ "type": "Feature", "properties": { "LEFT_FID": -1, "RIGHT_FID": 17 }, "geometry": { "type": "MultiLineString", "coordinates": [ [ [ 433456.729613419040106, 726669.771256466279738 ], [ 433463.518600000650622, 726654.861699999659322 ], [ 433471.847600000211969, 726636.343999999458902 ], [ 433477.890499999455642, 726623.550000000162981 ], [ 433478.651387480727863, 726621.856000629020855 ] ] ] } },
{ "type": "Feature", "properties": { "LEFT_FID": -1, "RIGHT_FID": 19 }, "geometry": { "type": "MultiLineString", "coordinates": [ [ [ 433450.152897666906938, 726684.214636736549437 ], [ 433456.729613419040106, 726669.771256466279738 ] ] ] } },
{ "type": "Feature", "properties": { "LEFT_FID": 19, "RIGHT_FID": 17 }, "geometry": { "type": "MultiLineString", "coordinates": [ [ [ 433450.152897666906938, 726684.214636736549437 ], [ 433445.079483940789942, 726694.307342050946318 ] ] ] } },
{ "type": "Feature", "properties": { "LEFT_FID": -1, "RIGHT_FID": 17 }, "geometry": { "type": "MultiLineString", "coordinates": [ [ [ 433445.079483940789942, 726694.307342050946318 ], [ 433447.881200000178069, 726689.203599999775179 ], [ 433450.152897666906938, 726684.214636736549437 ] ] ] } },
{ "type": "Feature", "properties": { "LEFT_FID": -1, "RIGHT_FID": 19 }, "geometry": { "type": "MultiLineString", "coordinates": [ [ [ 433440.313004959200043, 726702.990191673161462 ], [ 433445.079483940789942, 726694.307342050946318 ] ] ] } },
{ "type": "Feature", "properties": { "LEFT_FID": 19, "RIGHT_FID": 17 }, "geometry": { "type": "MultiLineString", "coordinates": [ [ [ 433440.313004959200043, 726702.990191673161462 ], [ 433437.780899998615496, 726707.501299998606555 ], [ 433424.05950000078883, 726729.104900001664646 ], [ 433401.454911575012375, 726761.787366078351624 ] ] ] } },
{ "type": "Feature", "properties": { "LEFT_FID": -1, "RIGHT_FID": 17 }, "geometry": { "type": "MultiLineString", "coordinates": [ [ [ 433401.454911575012375, 726761.787366078351624 ], [ 433408.293499998981133, 726755.334200001321733 ], [ 433415.092199998849537, 726745.121399999945424 ], [ 433428.043400000256952, 726725.341100000077859 ], [ 433440.313004959200043, 726702.990191673161462 ] ] ] } },
{ "type": "Feature", "properties": { "LEFT_FID": -1, "RIGHT_FID": 19 }, "geometry": { "type": "MultiLineString", "coordinates": [ [ [ 433394.85874172009062, 726771.324327932903543 ], [ 433399.225000000093132, 726763.891600000788458 ], [ 433401.454911575012375, 726761.787366078351624 ] ] ] } },
{ "type": "Feature", "properties": { "LEFT_FID": 19, "RIGHT_FID": 17 }, "geometry": { "type": "MultiLineString", "coordinates": [ [ [ 433394.85874172009062, 726771.324327932903543 ], [ 433389.241999999212567, 726779.445200001006015 ], [ 433349.485450110514648, 726840.384841791121289 ] ] ] } },
{ "type": "Feature", "properties": { "LEFT_FID": -1, "RIGHT_FID": 17 }, "geometry": { "type": "MultiLineString", "coordinates": [ [ [ 433349.485450110514648, 726840.384841791121289 ], [ 433359.825700000801589, 726826.543099999893457 ], [ 433369.463899998925626, 726812.009500001207925 ], [ 433378.324099998921156, 726797.700399999390356 ], [ 433390.539100000285544, 726778.677700000116602 ], [ 433394.85874172009062, 726771.324327932903543 ] ] ] } },
{ "type": "Feature", "properties": { "LEFT_FID": -1, "RIGHT_FID": 19 }, "geometry": { "type": "MultiLineString", "coordinates": [ [ [ 433347.610602802364156, 726843.25864557386376 ], [ 433348.926699998613913, 726841.132800000486895 ], [ 433349.485450110514648, 726840.384841791121289 ] ] ] } },
{ "type": "Feature", "properties": { "LEFT_FID": 19, "RIGHT_FID": 17 }, "geometry": { "type": "MultiLineString", "coordinates": [ [ [ 433347.610602802364156, 726843.25864557386376 ], [ 433341.303500000562053, 726852.926300000050105 ], [ 433334.157699999574106, 726865.002900000894442 ], [ 433325.756200000469107, 726880.410599999711849 ], [ 433320.13222051912453, 726891.491705549415201 ] ] ] } },
{ "type": "Feature", "properties": { "LEFT_FID": -1, "RIGHT_FID": 17 }, "geometry": { "type": "MultiLineString", "coordinates": [ [ [ 433320.13222051912453, 726891.491705549415201 ], [ 433322.635400001134258, 726886.949999998440035 ], [ 433332.013299999176525, 726870.143799999612384 ], [ 433340.832300000416581, 726854.207400000654161 ], [ 433347.610602802364156, 726843.25864557386376 ] ] ] } },
{ "type": "Feature", "properties": { "LEFT_FID": -1, "RIGHT_FID": 19 }, "geometry": { "type": "MultiLineString", "coordinates": [ [ [ 433223.506211497355253, 727068.099103910266422 ], [ 433224.156200000317767, 727065.140599998529069 ], [ 433227.375000000465661, 727047.632999999681488 ], [ 433236.177399999636691, 727031.247700001113117 ], [ 433243.804799999285024, 727023.026900001103058 ], [ 433253.086599999747705, 727009.054499999736436 ], [ 433264.686400000588037, 726994.689300000551157 ], [ 433276.267700000607874, 726975.301800000597723 ], [ 433285.171399999933783, 726960.375399999669753 ], [ 433294.073499998950865, 726939.27649999933783 ], [ 433301.035899998620152, 726927.015599999343976 ], [ 433306.297399999515619, 726914.810700000147335 ], [ 433315.877700000244658, 726899.210999999311753 ], [ 433320.13222051912453, 726891.491705549415201 ] ] ] } },
{ "type": "Feature", "properties": { "LEFT_FID": 19, "RIGHT_FID": 17 }, "geometry": { "type": "MultiLineString", "coordinates": [ [ [ 433223.506211497355253, 727068.099103910266422 ], [ 433221.642600000137463, 727075.72310000017751 ], [ 433217.634799999766983, 727088.626599998446181 ] ] ] } },
{ "type": "Feature", "properties": { "LEFT_FID": 17, "RIGHT_FID": 16 }, "geometry": { "type": "MultiLineString", "coordinates": [ [ [ 433213.566599999554455, 727099.675499999430031 ], [ 433217.634799999766983, 727088.626599998446181 ] ] ] } },
{ "type": "Feature", "properties": { "LEFT_FID": 17, "RIGHT_FID": 19 }, "geometry": { "type": "MultiLineString", "coordinates": [ [ [ 433213.566599999554455, 727099.675499999430031 ], [ 433217.634799999766983, 727088.626599998446181 ] ] ] } },
{ "type": "Feature", "properties": { "LEFT_FID": 19, "RIGHT_FID": 16 }, "geometry": { "type": "MultiLineString", "coordinates": [ [ [ 433217.634799999766983, 727088.626599998446181 ], [ 433213.096400000387803, 727100.862600000924431 ] ] ] } },
{ "type": "Feature", "properties": { "LEFT_FID": 19, "RIGHT_FID": 19 }, "geometry": { "type": "MultiLineString", "coordinates": [ [ [ 433217.634799999766983, 727088.626599998446181 ], [ 433213.096400000387803, 727100.862600000924431 ] ] ] } },
{ "type": "Feature", "properties": { "LEFT_FID": 17, "RIGHT_FID": 16 }, "geometry": { "type": "MultiLineString", "coordinates": [ [ [ 433213.096400000387803, 727100.862600000924431 ], [ 433213.566599999554455, 727099.675499999430031 ] ] ] } },
{ "type": "Feature", "properties": { "LEFT_FID": 17, "RIGHT_FID": 19 }, "geometry": { "type": "MultiLineString", "coordinates": [ [ [ 433213.096400000387803, 727100.862600000924431 ], [ 433213.566599999554455, 727099.675499999430031 ] ] ] } },
{ "type": "Feature", "properties": { "LEFT_FID": -1, "RIGHT_FID": 17 }, "geometry": { "type": "MultiLineString", "coordinates": [ [ [ 433213.096400000387803, 727100.862600000924431 ], [ 433212.955600000568666, 727101.24210000038147 ], [ 433212.214908676280174, 727103.103183414088562 ], [ 433214.863000000361353, 727098.837200000300072 ], [ 433220.469999999855645, 727081.918800000217743 ], [ 433223.506211497355253, 727068.099103910266422 ] ] ] } },
{ "type": "Feature", "properties": { "LEFT_FID": -1, "RIGHT_FID": 19 }, "geometry": { "type": "MultiLineString", "coordinates": [ [ [ 433203.951969760470092, 727123.864867167314515 ], [ 433208.802100000728387, 727108.601099999854341 ], [ 433212.198159708408639, 727103.130165421287529 ], [ 433213.096400000387803, 727100.862600000924431 ] ] ] } },
{ "type": "Feature", "properties": { "LEFT_FID": -1, "RIGHT_FID": 16 }, "geometry": { "type": "MultiLineString", "coordinates": [ [ [ 433203.819737233454362, 727124.281014031497762 ], [ 433203.951969760470092, 727123.864867167314515 ] ] ] } },
{ "type": "Feature", "properties": { "LEFT_FID": -1, "RIGHT_FID": 19 }, "geometry": { "type": "MultiLineString", "coordinates": [ [ [ 433203.819737233454362, 727124.281014031497762 ], [ 433203.951969760470092, 727123.864867167314515 ] ] ] } },
{ "type": "Feature", "properties": { "LEFT_FID": 19, "RIGHT_FID": 16 }, "geometry": { "type": "MultiLineString", "coordinates": [ [ [ 433203.951969760470092, 727123.864867167314515 ], [ 433198.593500000948552, 727137.328699999372475 ], [ 433198.211966665810905, 727138.437499999534339 ] ] ] } },
{ "type": "Feature", "properties": { "LEFT_FID": 19, "RIGHT_FID": 19 }, "geometry": { "type": "MultiLineString", "coordinates": [ [ [ 433203.951969760470092, 727123.864867167314515 ], [ 433198.593500000948552, 727137.328699999372475 ], [ 433198.211966665810905, 727138.437499999534339 ] ] ] } },
{ "type": "Feature", "properties": { "LEFT_FID": 17, "RIGHT_FID": 16 }, "geometry": { "type": "MultiLineString", "coordinates": [ [ [ 433198.211966665810905, 727138.437499999534339 ], [ 433203.819737233454362, 727124.281014031497762 ] ] ] } },
{ "type": "Feature", "properties": { "LEFT_FID": 17, "RIGHT_FID": 19 }, "geometry": { "type": "MultiLineString", "coordinates": [ [ [ 433198.211966665810905, 727138.437499999534339 ], [ 433203.819737233454362, 727124.281014031497762 ] ] ] } },
{ "type": "Feature", "properties": { "LEFT_FID": -1, "RIGHT_FID": 17 }, "geometry": { "type": "MultiLineString", "coordinates": [ [ [ 433198.211966665810905, 727138.437499999534339 ], [ 433196.443773771869019, 727143.576600366737694 ], [ 433202.721900001284666, 727127.736000000382774 ], [ 433203.819737233454362, 727124.281014031497762 ] ] ] } },
{ "type": "Feature", "properties": { "LEFT_FID": -1, "RIGHT_FID": 19 }, "geometry": { "type": "MultiLineString", "coordinates": [ [ [ 433194.759500000276603, 727148.471799999126233 ], [ 433195.791937498433981, 727145.447488135192543 ], [ 433195.972100000828505, 727144.766700000502169 ], [ 433196.348903712118044, 727143.815970944589935 ], [ 433198.016599999391474, 727138.930800000554882 ], [ 433198.211966665810905, 727138.437499999534339 ] ] ] } },
{ "type": "Feature", "properties": { "LEFT_FID": -1, "RIGHT_FID": 17 }, "geometry": { "type": "MultiLineString", "coordinates": [ [ [ 433195.764861286734231, 727145.549802226829343 ], [ 433194.759500000276603, 727148.471799999126233 ] ] ] } },
{ "type": "Feature", "properties": { "LEFT_FID": 17, "RIGHT_FID": 16 }, "geometry": { "type": "MultiLineString", "coordinates": [ [ [ 433192.364199999545235, 727155.48829999845475 ], [ 433194.759500000276603, 727148.471799999126233 ] ] ] } },
{ "type": "Feature", "properties": { "LEFT_FID": 17, "RIGHT_FID": 19 }, "geometry": { "type": "MultiLineString", "coordinates": [ [ [ 433192.364199999545235, 727155.48829999845475 ], [ 433194.759500000276603, 727148.471799999126233 ] ] ] } },
{ "type": "Feature", "properties": { "LEFT_FID": 19, "RIGHT_FID": 16 }, "geometry": { "type": "MultiLineString", "coordinates": [ [ [ 433194.759500000276603, 727148.471799999126233 ], [ 433191.969300001044758, 727156.581199999083765 ] ] ] } },
{ "type": "Feature", "properties": { "LEFT_FID": 19, "RIGHT_FID": 19 }, "geometry": { "type": "MultiLineString", "coordinates": [ [ [ 433194.759500000276603, 727148.471799999126233 ], [ 433191.969300001044758, 727156.581199999083765 ] ] ] } },
{ "type": "Feature", "properties": { "LEFT_FID": 17, "RIGHT_FID": 16 }, "geometry": { "type": "MultiLineString", "coordinates": [ [ [ 433191.969300001044758, 727156.581199999083765 ], [ 433192.364199999545235, 727155.48829999845475 ] ] ] } },
{ "type": "Feature", "properties": { "LEFT_FID": 17, "RIGHT_FID": 19 }, "geometry": { "type": "MultiLineString", "coordinates": [ [ [ 433191.969300001044758, 727156.581199999083765 ], [ 433192.364199999545235, 727155.48829999845475 ] ] ] } },
{ "type": "Feature", "properties": { "LEFT_FID": -1, "RIGHT_FID": 19 }, "geometry": { "type": "MultiLineString", "coordinates": [ [ [ 433190.188700000289828, 727161.509299998870119 ], [ 433191.969300001044758, 727156.581199999083765 ] ] ] } },
{ "type": "Feature", "properties": { "LEFT_FID": -1, "RIGHT_FID": 17 }, "geometry": { "type": "MultiLineString", "coordinates": [ [ [ 433191.969300001044758, 727156.581199999083765 ], [ 433191.769100000092294, 727157.163100001169369 ], [ 433190.188700000289828, 727161.509299998870119 ] ] ] } },
{ "type": "Feature", "properties": { "LEFT_FID": 17, "RIGHT_FID": 16 }, "geometry": { "type": "MultiLineString", "coordinates": [ [ [ 433182.626739286701195, 727182.437954029534012 ], [ 433190.188700000289828, 727161.509299998870119 ] ] ] } },
{ "type": "Feature", "properties": { "LEFT_FID": 17, "RIGHT_FID": 19 }, "geometry": { "type": "MultiLineString", "coordinates": [ [ [ 433182.626739286701195, 727182.437954029534012 ], [ 433190.188700000289828, 727161.509299998870119 ] ] ] } },
{ "type": "Feature", "properties": { "LEFT_FID": -1, "RIGHT_FID": 17 }, "geometry": { "type": "MultiLineString", "coordinates": [ [ [ 433182.626739286701195, 727182.437954029534012 ], [ 433184.836699999519624, 727177.032400001655333 ], [ 433191.47999999957392, 727161.741200000047684 ], [ 433195.764861286734231, 727145.549802226829343 ] ] ] } },
{ "type": "Feature", "properties": { "LEFT_FID": 19, "RIGHT_FID": 16 }, "geometry": { "type": "MultiLineString", "coordinates": [ [ [ 433190.188700000289828, 727161.509299998870119 ], [ 433182.18906868447084, 727183.508494364097714 ] ] ] } },
{ "type": "Feature", "properties": { "LEFT_FID": 19, "RIGHT_FID": 19 }, "geometry": { "type": "MultiLineString", "coordinates": [ [ [ 433190.188700000289828, 727161.509299998870119 ], [ 433182.18906868447084, 727183.508494364097714 ] ] ] } },
{ "type": "Feature", "properties": { "LEFT_FID": -1, "RIGHT_FID": 16 }, "geometry": { "type": "MultiLineString", "coordinates": [ [ [ 433182.18906868447084, 727183.508494364097714 ], [ 433182.626739286701195, 727182.437954029534012 ] ] ] } },
{ "type": "Feature", "properties": { "LEFT_FID": -1, "RIGHT_FID": 19 }, "geometry": { "type": "MultiLineString", "coordinates": [ [ [ 433182.18906868447084, 727183.508494364097714 ], [ 433182.626739286701195, 727182.437954029534012 ] ] ] } },
{ "type": "Feature", "properties": { "LEFT_FID": -1, "RIGHT_FID": 19 }, "geometry": { "type": "MultiLineString", "coordinates": [ [ [ 433170.0365999994101, 727224.752099999808706 ], [ 433171.87765486119315, 727216.390378236072138 ], [ 433173.290899999672547, 727209.466399999335408 ], [ 433177.587300000071991, 727194.764399998704903 ], [ 433182.18906868447084, 727183.508494364097714 ] ] ] } },
{ "type": "Feature", "properties": { "LEFT_FID": -1, "RIGHT_FID": 17 }, "geometry": { "type": "MultiLineString", "coordinates": [ [ [ 433170.967133968311828, 727220.851335978135467 ], [ 433170.0365999994101, 727224.752099999808706 ] ] ] } },
{ "type": "Feature", "properties": { "LEFT_FID": -1, "RIGHT_FID": 17 }, "geometry": { "type": "MultiLineString", "coordinates": [ [ [ 433170.0365999994101, 727224.752099999808706 ], [ 433169.631674453848973, 727227.394215449574403 ], [ 433170.967133968311828, 727220.851335978135467 ] ] ] } },
{ "type": "Feature", "properties": { "LEFT_FID": -1, "RIGHT_FID": 19 }, "geometry": { "type": "MultiLineString", "coordinates": [ [ [ 433166.760999999474734, 727253.834300001268275 ], [ 433166.787999999942258, 727252.710499999462627 ], [ 433167.023031951335724, 727249.401288953609765 ], [ 433167.021799999987707, 727249.082999999751337 ], [ 433167.168140873778611, 727247.358179320581257 ], [ 433167.538299999490846, 727242.146399999852292 ], [ 433167.789767009555362, 727240.031493440154009 ], [ 433168.314399998751469, 727233.847999998717569 ], [ 433169.406542560376693, 727228.497214697417803 ], [ 433170.0365999994101, 727224.752099999808706 ] ] ] } },
{ "type": "Feature", "properties": { "LEFT_FID": -1, "RIGHT_FID": 17 }, "geometry": { "type": "MultiLineString", "coordinates": [ [ [ 433167.026558144483715, 727250.312321042525582 ], [ 433166.760999999474734, 727253.834300001268275 ] ] ] } },
{ "type": "Feature", "properties": { "LEFT_FID": 19, "RIGHT_FID": 16 }, "geometry": { "type": "MultiLineString", "coordinates": [ [ [ 433166.760999999474734, 727253.834300001268275 ], [ 433166.712000001280103, 727254.483500000555068 ], [ 433166.707799999741837, 727256.043266665074043 ] ] ] } },
{ "type": "Feature", "properties": { "LEFT_FID": 19, "RIGHT_FID": 19 }, "geometry": { "type": "MultiLineString", "coordinates": [ [ [ 433166.760999999474734, 727253.834300001268275 ], [ 433166.712000001280103, 727254.483500000555068 ], [ 433166.707799999741837, 727256.043266665074043 ] ] ] } },
{ "type": "Feature", "properties": { "LEFT_FID": 17, "RIGHT_FID": 16 }, "geometry": { "type": "MultiLineString", "coordinates": [ [ [ 433166.707799999741837, 727256.043266665074043 ], [ 433166.760999999474734, 727253.834300001268275 ] ] ] } },
{ "type": "Feature", "properties": { "LEFT_FID": 17, "RIGHT_FID": 19 }, "geometry": { "type": "MultiLineString", "coordinates": [ [ [ 433166.707799999741837, 727256.043266665074043 ], [ 433166.760999999474734, 727253.834300001268275 ] ] ] } },
{ "type": "Feature", "properties": { "LEFT_FID": -1, "RIGHT_FID": 19 }, "geometry": { "type": "MultiLineString", "coordinates": [ [ [ 433166.667999999248423, 727270.904799999669194 ], [ 433166.53110000025481, 727263.385200000018813 ], [ 433166.707799999741837, 727256.043266665074043 ] ] ] } },
{ "type": "Feature", "properties": { "LEFT_FID": -1, "RIGHT_FID": 17 }, "geometry": { "type": "MultiLineString", "coordinates": [ [ [ 433166.707799999741837, 727256.043266665074043 ], [ 433166.667999999248423, 727270.904799999669194 ] ] ] } },
{ "type": "Feature", "properties": { "LEFT_FID": 19, "RIGHT_FID": 16 }, "geometry": { "type": "MultiLineString", "coordinates": [ [ [ 433166.667999999248423, 727270.904799999669194 ], [ 433166.664199999417178, 727272.323499999474734 ], [ 433166.70599999971455, 727272.993866665870883 ] ] ] } },
{ "type": "Feature", "properties": { "LEFT_FID": 19, "RIGHT_FID": 19 }, "geometry": { "type": "MultiLineString", "coordinates": [ [ [ 433166.667999999248423, 727270.904799999669194 ], [ 433166.664199999417178, 727272.323499999474734 ], [ 433166.70599999971455, 727272.993866665870883 ] ] ] } },
{ "type": "Feature", "properties": { "LEFT_FID": 17, "RIGHT_FID": 16 }, "geometry": { "type": "MultiLineString", "coordinates": [ [ [ 433166.70599999971455, 727272.993866665870883 ], [ 433166.667999999248423, 727270.904799999669194 ] ] ] } },
{ "type": "Feature", "properties": { "LEFT_FID": 17, "RIGHT_FID": 19 }, "geometry": { "type": "MultiLineString", "coordinates": [ [ [ 433166.70599999971455, 727272.993866665870883 ], [ 433166.667999999248423, 727270.904799999669194 ] ] ] } },
{ "type": "Feature", "properties": { "LEFT_FID": -1, "RIGHT_FID": 19 }, "geometry": { "type": "MultiLineString", "coordinates": [ [ [ 433167.039266666164622, 727278.336766667780466 ], [ 433166.726399999344721, 727274.112599999876693 ], [ 433166.70599999971455, 727272.993866665870883 ] ] ] } },
{ "type": "Feature", "properties": { "LEFT_FID": -1, "RIGHT_FID": 17 }, "geometry": { "type": "MultiLineString", "coordinates": [ [ [ 433166.70599999971455, 727272.993866665870883 ], [ 433167.039266666164622, 727278.336766667780466 ] ] ] } },
{ "type": "Feature", "properties": { "LEFT_FID": 19, "RIGHT_FID": 16 }, "geometry": { "type": "MultiLineString", "coordinates": [ [ [ 433167.039266666164622, 727278.336766667780466 ], [ 433167.777899999171495, 727290.176100000971928 ], [ 433168.134499998704996, 727293.12189999979455 ] ] ] } },
{ "type": "Feature", "properties": { "LEFT_FID": 19, "RIGHT_FID": 19 }, "geometry": { "type": "MultiLineString", "coordinates": [ [ [ 433167.039266666164622, 727278.336766667780466 ], [ 433167.777899999171495, 727290.176100000971928 ], [ 433168.134499998704996, 727293.12189999979455 ] ] ] } },
{ "type": "Feature", "properties": { "LEFT_FID": 17, "RIGHT_FID": 16 }, "geometry": { "type": "MultiLineString", "coordinates": [ [ [ 433168.134499998704996, 727293.12189999979455 ], [ 433167.039266666164622, 727278.336766667780466 ] ] ] } },
{ "type": "Feature", "properties": { "LEFT_FID": 17, "RIGHT_FID": 19 }, "geometry": { "type": "MultiLineString", "coordinates": [ [ [ 433168.134499998704996, 727293.12189999979455 ], [ 433167.039266666164622, 727278.336766667780466 ] ] ] } },
{ "type": "Feature", "properties": { "LEFT_FID": -1, "RIGHT_FID": 19 }, "geometry": { "type": "MultiLineString", "coordinates": [ [ [ 433169.713899999682326, 727306.170600001467392 ], [ 433168.310199999425095, 727295.494399999384768 ], [ 433168.134499998704996, 727293.12189999979455 ] ] ] } },
{ "type": "Feature", "properties": { "LEFT_FID": -1, "RIGHT_FID": 17 }, "geometry": { "type": "MultiLineString", "coordinates": [ [ [ 433168.134499998704996, 727293.12189999979455 ], [ 433169.713899999682326, 727306.170600001467392 ] ] ] } },
{ "type": "Feature", "properties": { "LEFT_FID": 19, "RIGHT_FID": 16 }, "geometry": { "type": "MultiLineString", "coordinates": [ [ [ 433169.713899999682326, 727306.170600001467392 ], [ 433170.11800000036601, 727309.50940000009723 ], [ 433170.254300000146031, 727310.280900000478141 ] ] ] } },
{ "type": "Feature", "properties": { "LEFT_FID": 19, "RIGHT_FID": 19 }, "geometry": { "type": "MultiLineString", "coordinates": [ [ [ 433169.713899999682326, 727306.170600001467392 ], [ 433170.11800000036601, 727309.50940000009723 ], [ 433170.254300000146031, 727310.280900000478141 ] ] ] } },
{ "type": "Feature", "properties": { "LEFT_FID": 17, "RIGHT_FID": 16 }, "geometry": { "type": "MultiLineString", "coordinates": [ [ [ 433170.254300000146031, 727310.280900000478141 ], [ 433169.713899999682326, 727306.170600001467392 ] ] ] } },
{ "type": "Feature", "properties": { "LEFT_FID": 17, "RIGHT_FID": 19 }, "geometry": { "type": "MultiLineString", "coordinates": [ [ [ 433170.254300000146031, 727310.280900000478141 ], [ 433169.713899999682326, 727306.170600001467392 ] ] ] } },
{ "type": "Feature", "properties": { "LEFT_FID": -1, "RIGHT_FID": 17 }, "geometry": { "type": "MultiLineString", "coordinates": [ [ [ 433170.254300000146031, 727310.280900000478141 ], [ 433171.127321508014575, 727315.222681984771043 ], [ 433168.089500000118278, 727291.898099999525584 ], [ 433167.0975999989314, 727268.666799999773502 ], [ 433167.026558144483715, 727250.312321042525582 ] ] ] } },
{ "type": "Feature", "properties": { "LEFT_FID": -1, "RIGHT_FID": 19 }, "geometry": { "type": "MultiLineString", "coordinates": [ [ [ 433172.799299999896903, 727324.686999999918044 ], [ 433172.421656881866511, 727322.587607128778473 ], [ 433171.623099999502301, 727319.029300000984222 ], [ 433171.207297618791927, 727315.836743516963907 ], [ 433170.380300000193529, 727311.239299999084324 ], [ 433170.254300000146031, 727310.280900000478141 ] ] ] } },
{ "type": "Feature", "properties": { "LEFT_FID": -1, "RIGHT_FID": 17 }, "geometry": { "type": "MultiLineString", "coordinates": [ [ [ 433172.453430103079882, 727322.729186119628139 ], [ 433172.799299999896903, 727324.686999999918044 ] ] ] } },
{ "type": "Feature", "properties": { "LEFT_FID": 19, "RIGHT_FID": 17 }, "geometry": { "type": "MultiLineString", "coordinates": [ [ [ 433172.799299999896903, 727324.686999999918044 ], [ 433173.361119226319715, 727326.773777996539138 ] ] ] } },
{ "type": "Feature", "properties": { "LEFT_FID": -1, "RIGHT_FID": 17 }, "geometry": { "type": "MultiLineString", "coordinates": [ [ [ 433173.361119226319715, 727326.773777996539138 ], [ 433172.453430103079882, 727322.729186119628139 ] ] ] } },
{ "type": "Feature", "properties": { "LEFT_FID": -1, "RIGHT_FID": 19 }, "geometry": { "type": "MultiLineString", "coordinates": [ [ [ 433179.246101791621186, 727345.68711196410004 ], [ 433176.081100001174491, 727338.893800000660121 ], [ 433173.361119226319715, 727326.773777996539138 ] ] ] } },
{ "type": "Feature", "properties": { "LEFT_FID": 19, "RIGHT_FID": 17 }, "geometry": { "type": "MultiLineString", "coordinates": [ [ [ 433179.246101791621186, 727345.68711196410004 ], [ 433180.810200000763871, 727349.95380000025034 ], [ 433186.370799998927396, 727361.905200000153854 ], [ 433188.811732221220154, 727366.21863641042728 ] ] ] } },
{ "type": "Feature", "properties": { "LEFT_FID": -1, "RIGHT_FID": 17 }, "geometry": { "type": "MultiLineString", "coordinates": [ [ [ 433188.811732221220154, 727366.21863641042728 ], [ 433179.246101791621186, 727345.68711196410004 ] ] ] } },
{ "type": "Feature", "properties": { "LEFT_FID": -1, "RIGHT_FID": 19 }, "geometry": { "type": "MultiLineString", "coordinates": [ [ [ 433191.459589077392593, 727370.897734863567166 ], [ 433190.015599998645484, 727368.802600001101382 ], [ 433188.811732221220154, 727366.21863641042728 ] ] ] } },
{ "type": "Feature", "properties": { "LEFT_FID": 19, "RIGHT_FID": 17 }, "geometry": { "type": "MultiLineString", "coordinates": [ [ [ 433191.459589077392593, 727370.897734863567166 ], [ 433192.863599998760037, 727373.378799998899922 ] ] ] } },
{ "type": "Feature", "properties": { "LEFT_FID": -1, "RIGHT_FID": 19 }, "geometry": { "type": "MultiLineString", "coordinates": [ [ [ 433201.259300000441726, 727385.686100000166334 ], [ 433200.21000000013737, 727384.357100001303479 ], [ 433192.863599998760037, 727373.378799998899922 ] ] ] } },
{ "type": "Feature", "properties": { "LEFT_FID": -1, "RIGHT_FID": 17 }, "geometry": { "type": "MultiLineString", "coordinates": [ [ [ 433192.863599998760037, 727373.378799998899922 ], [ 433201.259300000441726, 727385.686100000166334 ] ] ] } },
{ "type": "Feature", "properties": { "LEFT_FID": 17, "RIGHT_FID": 16 }, "geometry": { "type": "MultiLineString", "coordinates": [ [ [ 433204.232079040550161, 727389.451362023130059 ], [ 433201.259300000441726, 727385.686100000166334 ] ] ] } },
{ "type": "Feature", "properties": { "LEFT_FID": 17, "RIGHT_FID": 19 }, "geometry": { "type": "MultiLineString", "coordinates": [ [ [ 433204.232079040550161, 727389.451362023130059 ], [ 433201.259300000441726, 727385.686100000166334 ] ] ] } },
{ "type": "Feature", "properties": { "LEFT_FID": -1, "RIGHT_FID": 17 }, "geometry": { "type": "MultiLineString", "coordinates": [ [ [ 433204.232079040550161, 727389.451362023130059 ], [ 433199.471499999635853, 727382.522500001825392 ], [ 433191.459589077392593, 727370.897734863567166 ] ] ] } },
{ "type": "Feature", "properties": { "LEFT_FID": 19, "RIGHT_FID": 16 }, "geometry": { "type": "MultiLineString", "coordinates": [ [ [ 433201.259300000441726, 727385.686100000166334 ], [ 433202.170799999439623, 727387.022299999254756 ], [ 433204.880179113242775, 727390.394649791182019 ] ] ] } },
{ "type": "Feature", "properties": { "LEFT_FID": 19, "RIGHT_FID": 19 }, "geometry": { "type": "MultiLineString", "coordinates": [ [ [ 433201.259300000441726, 727385.686100000166334 ], [ 433202.170799999439623, 727387.022299999254756 ], [ 433204.880179113242775, 727390.394649791182019 ] ] ] } },
{ "type": "Feature", "properties": { "LEFT_FID": -1, "RIGHT_FID": 16 }, "geometry": { "type": "MultiLineString", "coordinates": [ [ [ 433204.880179113242775, 727390.394649791182019 ], [ 433204.232079040550161, 727389.451362023130059 ] ] ] } },
{ "type": "Feature", "properties": { "LEFT_FID": -1, "RIGHT_FID": 19 }, "geometry": { "type": "MultiLineString", "coordinates": [ [ [ 433204.880179113242775, 727390.394649791182019 ], [ 433204.232079040550161, 727389.451362023130059 ] ] ] } },
{ "type": "Feature", "properties": { "LEFT_FID": -1, "RIGHT_FID": 19 }, "geometry": { "type": "MultiLineString", "coordinates": [ [ [ 433274.512516124173999, 727449.154840096714906 ], [ 433268.940393567841966, 727445.875510926824063 ], [ 433260.263699999370147, 727440.769099998171441 ], [ 433242.036999998555984, 727427.918900000513531 ], [ 433231.688900000648573, 727419.642099999706261 ], [ 433221.536000000895001, 727409.62570000172127 ], [ 433207.992000000609551, 727394.923799999873154 ], [ 433204.880179113242775, 727390.394649791182019 ] ] ] } },
{ "type": "Feature", "properties": { "LEFT_FID": 19, "RIGHT_FID": 16 }, "geometry": { "type": "MultiLineString", "coordinates": [ [ [ 433274.512516124173999, 727449.154840096714906 ], [ 433274.819199999270495, 727449.34160000027623 ], [ 433275.017187111196108, 727449.451850538491271 ] ] ] } },
{ "type": "Feature", "properties": { "LEFT_FID": 19, "RIGHT_FID": 19 }, "geometry": { "type": "MultiLineString", "coordinates": [ [ [ 433274.512516124173999, 727449.154840096714906 ], [ 433274.819199999270495, 727449.34160000027623 ], [ 433275.017187111196108, 727449.451850538491271 ] ] ] } },
{ "type": "Feature", "properties": { "LEFT_FID": -1, "RIGHT_FID": 16 }, "geometry": { "type": "MultiLineString", "coordinates": [ [ [ 433275.017187111196108, 727449.451850538491271 ], [ 433274.512516124173999, 727449.154840096714906 ] ] ] } },
{ "type": "Feature", "properties": { "LEFT_FID": -1, "RIGHT_FID": 19 }, "geometry": { "type": "MultiLineString", "coordinates": [ [ [ 433275.017187111196108, 727449.451850538491271 ], [ 433274.512516124173999, 727449.154840096714906 ] ] ] } },
{ "type": "Feature", "properties": { "LEFT_FID": -1, "RIGHT_FID": 19 }, "geometry": { "type": "MultiLineString", "coordinates": [ [ [ 433290.829095838533249, 727458.256499393261038 ], [ 433290.806609033956192, 727458.244301970000379 ], [ 433286.708899999677669, 727456.085599998943508 ], [ 433282.640606292232405, 727453.747876742272638 ], [ 433277.61700000037672, 727450.981899999431334 ], [ 433275.017187111196108, 727449.451850538491271 ] ] ] } },
{ "type": "Feature", "properties": { "LEFT_FID": 19, "RIGHT_FID": 16 }, "geometry": { "type": "MultiLineString", "coordinates": [ [ [ 433290.829095838533249, 727458.256499393261038 ], [ 433294.231199999339879, 727460.151599999633618 ], [ 433294.673354246770032, 727460.373057748773135 ] ] ] } },
{ "type": "Feature", "properties": { "LEFT_FID": 19, "RIGHT_FID": 19 }, "geometry": { "type": "MultiLineString", "coordinates": [ [ [ 433290.829095838533249, 727458.256499393261038 ], [ 433294.231199999339879, 727460.151599999633618 ], [ 433294.673354246770032, 727460.373057748773135 ] ] ] } },
{ "type": "Feature", "properties": { "LEFT_FID": -1, "RIGHT_FID": 16 }, "geometry": { "type": "MultiLineString", "coordinates": [ [ [ 433294.673354246770032, 727460.373057748773135 ], [ 433290.829095838533249, 727458.256499393261038 ] ] ] } },
{ "type": "Feature", "properties": { "LEFT_FID": -1, "RIGHT_FID": 19 }, "geometry": { "type": "MultiLineString", "coordinates": [ [ [ 433294.673354246770032, 727460.373057748773135 ], [ 433290.829095838533249, 727458.256499393261038 ] ] ] } },
{ "type": "Feature", "properties": { "LEFT_FID": -1, "RIGHT_FID": 19 }, "geometry": { "type": "MultiLineString", "coordinates": [ [ [ 433308.205566666903906, 727467.150833332678303 ], [ 433303.352700000395998, 727464.854699999792501 ], [ 433300.806892702181358, 727463.513399837072939 ], [ 433297.286600000457838, 727461.811899998923764 ], [ 433294.673354246770032, 727460.373057748773135 ] ] ] } },
{ "type": "Feature", "properties": { "LEFT_FID": -1, "RIGHT_FID": 17 }, "geometry": { "type": "MultiLineString", "coordinates": [ [ [ 433304.704048907093238, 727465.397053048713133 ], [ 433308.205566666903906, 727467.150833332678303 ] ] ] } },
{ "type": "Feature", "properties": { "LEFT_FID": 19, "RIGHT_FID": 16 }, "geometry": { "type": "MultiLineString", "coordinates": [ [ [ 433308.205566666903906, 727467.150833332678303 ], [ 433312.579599999939092, 727469.341600000741892 ], [ 433317.654000000620726, 727471.621299999882467 ] ] ] } },
{ "type": "Feature", "properties": { "LEFT_FID": 19, "RIGHT_FID": 19 }, "geometry": { "type": "MultiLineString", "coordinates": [ [ [ 433308.205566666903906, 727467.150833332678303 ], [ 433312.579599999939092, 727469.341600000741892 ], [ 433317.654000000620726, 727471.621299999882467 ] ] ] } },
{ "type": "Feature", "properties": { "LEFT_FID": 17, "RIGHT_FID": 16 }, "geometry": { "type": "MultiLineString", "coordinates": [ [ [ 433317.654000000620726, 727471.621299999882467 ], [ 433308.205566666903906, 727467.150833332678303 ] ] ] } },
{ "type": "Feature", "properties": { "LEFT_FID": 17, "RIGHT_FID": 19 }, "geometry": { "type": "MultiLineString", "coordinates": [ [ [ 433317.654000000620726, 727471.621299999882467 ], [ 433308.205566666903906, 727467.150833332678303 ] ] ] } },
{ "type": "Feature", "properties": { "LEFT_FID": -1, "RIGHT_FID": 17 }, "geometry": { "type": "MultiLineString", "coordinates": [ [ [ 433317.654000000620726, 727471.621299999882467 ], [ 433321.872111725795548, 727473.516362248687074 ], [ 433309.708899999677669, 727467.81609999970533 ], [ 433304.704048907093238, 727465.397053048713133 ] ] ] } },
{ "type": "Feature", "properties": { "LEFT_FID": -1, "RIGHT_FID": 19 }, "geometry": { "type": "MultiLineString", "coordinates": [ [ [ 433373.194868464954197, 727490.519006711198017 ], [ 433363.074799998546951, 727488.830900001223199 ], [ 433343.217299999261741, 727482.125199999311008 ], [ 433329.764900000824127, 727477.215299999574199 ], [ 433322.456625426770188, 727473.79029329912737 ], [ 433320.350800000189338, 727472.897299998789094 ], [ 433317.654000000620726, 727471.621299999882467 ] ] ] } },
{ "type": "Feature", "properties": { "LEFT_FID": -1, "RIGHT_FID": 16 }, "geometry": { "type": "MultiLineString", "coordinates": [ [ [ 433373.488551494490821, 727490.567995340563357 ], [ 433373.194868464954197, 727490.519006711198017 ] ] ] } },
{ "type": "Feature", "properties": { "LEFT_FID": -1, "RIGHT_FID": 19 }, "geometry": { "type": "MultiLineString", "coordinates": [ [ [ 433373.488551494490821, 727490.567995340563357 ], [ 433373.194868464954197, 727490.519006711198017 ] ] ] } },
{ "type": "Feature", "properties": { "LEFT_FID": 19, "RIGHT_FID": 16 }, "geometry": { "type": "MultiLineString", "coordinates": [ [ [ 433373.194868464954197, 727490.519006711198017 ], [ 433376.310899998934474, 727491.27300000062678 ], [ 433377.477800000575371, 727491.511099998722784 ] ] ] } },
{ "type": "Feature", "properties": { "LEFT_FID": 19, "RIGHT_FID": 19 }, "geometry": { "type": "MultiLineString", "coordinates": [ [ [ 433373.194868464954197, 727490.519006711198017 ], [ 433376.310899998934474, 727491.27300000062678 ], [ 433377.477800000575371, 727491.511099998722784 ] ] ] } },
{ "type": "Feature", "properties": { "LEFT_FID": 17, "RIGHT_FID": 16 }, "geometry": { "type": "MultiLineString", "coordinates": [ [ [ 433377.477800000575371, 727491.511099998722784 ], [ 433373.488551494490821, 727490.567995340563357 ] ] ] } },
{ "type": "Feature", "properties": { "LEFT_FID": 17, "RIGHT_FID": 19 }, "geometry": { "type": "MultiLineString", "coordinates": [ [ [ 433377.477800000575371, 727491.511099998722784 ], [ 433373.488551494490821, 727490.567995340563357 ] ] ] } },
{ "type": "Feature", "properties": { "LEFT_FID": -1, "RIGHT_FID": 19 }, "geometry": { "type": "MultiLineString", "coordinates": [ [ [ 433417.846800001396332, 727499.749800000339746 ], [ 433378.035099999338854, 727491.64289999846369 ], [ 433377.477800000575371, 727491.511099998722784 ] ] ] } },
{ "type": "Feature", "properties": { "LEFT_FID": -1, "RIGHT_FID": 17 }, "geometry": { "type": "MultiLineString", "coordinates": [ [ [ 433377.477800000575371, 727491.511099998722784 ], [ 433417.846800001396332, 727499.749800000339746 ] ] ] } },
{ "type": "Feature", "properties": { "LEFT_FID": 19, "RIGHT_FID": 17 }, "geometry": { "type": "MultiLineString", "coordinates": [ [ [ 433417.846800001396332, 727499.749800000339746 ], [ 433433.531480924400967, 727503.722944504348561 ] ] ] } },
{ "type": "Feature", "properties": { "LEFT_FID": -1, "RIGHT_FID": 17 }, "geometry": { "type": "MultiLineString", "coordinates": [ [ [ 433433.531480924400967, 727503.722944504348561 ], [ 433425.572500000358559, 727501.428499999456108 ], [ 433408.684200000367127, 727497.388300000689924 ], [ 433387.63180000014836, 727492.927200001780875 ], [ 433373.488551494490821, 727490.567995340563357 ] ] ] } },
{ "type": "Feature", "properties": { "LEFT_FID": -1, "RIGHT_FID": 19 }, "geometry": { "type": "MultiLineString", "coordinates": [ [ [ 433580.381121144222561, 727525.978130366653204 ], [ 433549.845500000519678, 727523.537499998812564 ], [ 433519.110900000145193, 727520.086500001139939 ], [ 433493.230800000252202, 727517.084400000749156 ], [ 433477.030400000163354, 727514.19449999940116 ], [ 433465.900499999930616, 727512.48299999802839 ], [ 433445.8161, 727507.264399999403395 ], [ 433433.531480924400967, 727503.722944504348561 ] ] ] } },
{ "type": "Feature", "properties": { "LEFT_FID": 19, "RIGHT_FID": 17 }, "geometry": { "type": "MultiLineString", "coordinates": [ [ [ 433580.381121144222561, 727525.978130366653204 ], [ 433585.632999999914318, 727526.584200000506826 ], [ 433603.673900000110734, 727529.124899999937043 ], [ 433632.967198038939387, 727533.978041880647652 ] ] ] } },
{ "type": "Feature", "properties": { "LEFT_FID": -1, "RIGHT_FID": 17 }, "geometry": { "type": "MultiLineString", "coordinates": [ [ [ 433632.967198038939387, 727533.978041880647652 ], [ 433628.416700000117999, 727533.13299999886658 ], [ 433588.810899999807589, 727526.651900001452304 ], [ 433580.381121144222561, 727525.978130366653204 ] ] ] } },
{ "type": "Feature", "properties": { "LEFT_FID": -1, "RIGHT_FID": 19 }, "geometry": { "type": "MultiLineString", "coordinates": [ [ [ 433782.360782075382303, 727564.333875020034611 ], [ 433732.19059999921592, 727554.035599999129772 ], [ 433680.69260000041686, 727542.840800001169555 ], [ 433632.967198038939387, 727533.978041880647652 ] ] ] } },
{ "type": "Feature", "properties": { "LEFT_FID": 19, "RIGHT_FID": 17 }, "geometry": { "type": "MultiLineString", "coordinates": [ [ [ 433782.360782075382303, 727564.333875020034611 ], [ 433791.843491640931461, 727566.63611546845641 ] ] ] } },
{ "type": "Feature", "properties": { "LEFT_FID": -1, "RIGHT_FID": 17 }, "geometry": { "type": "MultiLineString", "coordinates": [ [ [ 433791.843491640931461, 727566.63611546845641 ], [ 433787.138100000855047, 727565.31450000021141 ], [ 433782.360782075382303, 727564.333875020034611 ] ] ] } },
{ "type": "Feature", "properties": { "LEFT_FID": -1, "RIGHT_FID": 19 }, "geometry": { "type": "MultiLineString", "coordinates": [ [ [ 433823.163399999903049, 727575.499399998923764 ], [ 433819.394234817067627, 727574.374363649985753 ], [ 433791.843491640931461, 727566.63611546845641 ] ] ] } },
{ "type": "Feature", "properties": { "LEFT_FID": -1, "RIGHT_FID": 17 }, "geometry": { "type": "MultiLineString", "coordinates": [ [ [ 433822.142207046272233, 727575.146193685824983 ], [ 433823.163399999903049, 727575.499399998923764 ] ] ] } },
{ "type": "Feature", "properties": { "LEFT_FID": 17, "RIGHT_FID": 16 }, "geometry": { "type": "MultiLineString", "coordinates": [ [ [ 433824.814899998775218, 727575.992399999173358 ], [ 433823.163399999903049, 727575.499399998923764 ] ] ] } },
{ "type": "Feature", "properties": { "LEFT_FID": 17, "RIGHT_FID": 19 }, "geometry": { "type": "MultiLineString", "coordinates": [ [ [ 433824.814899998775218, 727575.992399999173358 ], [ 433823.163399999903049, 727575.499399998923764 ] ] ] } },
{ "type": "Feature", "properties": { "LEFT_FID": 17, "RIGHT_FID": 16 }, "geometry": { "type": "MultiLineString", "coordinates": [ [ [ 433830.647549545916263, 727578.063828189391643 ], [ 433824.814899998775218, 727575.992399999173358 ] ] ] } },
{ "type": "Feature", "properties": { "LEFT_FID": 17, "RIGHT_FID": 19 }, "geometry": { "type": "MultiLineString", "coordinates": [ [ [ 433830.647549545916263, 727578.063828189391643 ], [ 433824.814899998775218, 727575.992399999173358 ] ] ] } },
{ "type": "Feature", "properties": { "LEFT_FID": -1, "RIGHT_FID": 17 }, "geometry": { "type": "MultiLineString", "coordinates": [ [ [ 433830.647549545916263, 727578.063828189391643 ], [ 433827.295099999580998, 727576.593500000191852 ], [ 433822.142207046272233, 727575.146193685824983 ] ] ] } },
{ "type": "Feature", "properties": { "LEFT_FID": 19, "RIGHT_FID": 16 }, "geometry": { "type": "MultiLineString", "coordinates": [ [ [ 433823.163399999903049, 727575.499399998923764 ], [ 433830.91083212842932, 727578.17929951834958 ] ] ] } },
{ "type": "Feature", "properties": { "LEFT_FID": 19, "RIGHT_FID": 19 }, "geometry": { "type": "MultiLineString", "coordinates": [ [ [ 433823.163399999903049, 727575.499399998923764 ], [ 433830.91083212842932, 727578.17929951834958 ] ] ] } },
{ "type": "Feature", "properties": { "LEFT_FID": -1, "RIGHT_FID": 16 }, "geometry": { "type": "MultiLineString", "coordinates": [ [ [ 433830.91083212842932, 727578.17929951834958 ], [ 433830.647549545916263, 727578.063828189391643 ] ] ] } },
{ "type": "Feature", "properties": { "LEFT_FID": -1, "RIGHT_FID": 19 }, "geometry": { "type": "MultiLineString", "coordinates": [ [ [ 433830.91083212842932, 727578.17929951834958 ], [ 433830.647549545916263, 727578.063828189391643 ] ] ] } },
{ "type": "Feature", "properties": { "LEFT_FID": -1, "RIGHT_FID": 19 }, "geometry": { "type": "MultiLineString", "coordinates": [ [ [ 433950.720299999869894, 727648.672000001068227 ], [ 433946.866151535010431, 727644.832828591694124 ], [ 433929.875300000712741, 727630.070300000836141 ], [ 433887.940600001078565, 727603.191600000020117 ], [ 433830.91083212842932, 727578.17929951834958 ] ] ] } },
{ "type": "Feature", "properties": { "LEFT_FID": -1, "RIGHT_FID": 17 }, "geometry": { "type": "MultiLineString", "coordinates": [ [ [ 433947.34330350428354, 727645.247402846231125 ], [ 433949.555099999473896, 727647.361799999256618 ], [ 433950.720299999869894, 727648.672000001068227 ] ] ] } },
{ "type": "Feature", "properties": { "LEFT_FID": 17, "RIGHT_FID": 16 }, "geometry": { "type": "MultiLineString", "coordinates": [ [ [ 433950.920669970277231, 727648.871585823362693 ], [ 433950.720299999869894, 727648.672000001068227 ] ] ] } },
{ "type": "Feature", "properties": { "LEFT_FID": 17, "RIGHT_FID": 19 }, "geometry": { "type": "MultiLineString", "coordinates": [ [ [ 433950.920669970277231, 727648.871585823362693 ], [ 433950.720299999869894, 727648.672000001068227 ] ] ] } },
{ "type": "Feature", "properties": { "LEFT_FID": -1, "RIGHT_FID": 17 }, "geometry": { "type": "MultiLineString", "coordinates": [ [ [ 433950.920669970277231, 727648.871585823362693 ], [ 433949.024599999247584, 727646.70820000092499 ], [ 433947.34330350428354, 727645.247402846231125 ] ] ] } },
{ "type": "Feature", "properties": { "LEFT_FID": 19, "RIGHT_FID": 16 }, "geometry": { "type": "MultiLineString", "coordinates": [ [ [ 433950.720299999869894, 727648.672000001068227 ], [ 433952.473346594721079, 727650.643165275338106 ] ] ] } },
{ "type": "Feature", "properties": { "LEFT_FID": 19, "RIGHT_FID": 19 }, "geometry": { "type": "MultiLineString", "coordinates": [ [ [ 433950.720299999869894, 727648.672000001068227 ], [ 433952.473346594721079, 727650.643165275338106 ] ] ] } },
{ "type": "Feature", "properties": { "LEFT_FID": -1, "RIGHT_FID": 16 }, "geometry": { "type": "MultiLineString", "coordinates": [ [ [ 433952.473346594721079, 727650.643165275338106 ], [ 433950.920669970277231, 727648.871585823362693 ] ] ] } },
{ "type": "Feature", "properties": { "LEFT_FID": -1, "RIGHT_FID": 19 }, "geometry": { "type": "MultiLineString", "coordinates": [ [ [ 433952.473346594721079, 727650.643165275338106 ], [ 433950.920669970277231, 727648.871585823362693 ] ] ] } },
{ "type": "Feature", "properties": { "LEFT_FID": -1, "RIGHT_FID": 19 }, "geometry": { "type": "MultiLineString", "coordinates": [ [ [ 433958.791199998930097, 727657.861099999863654 ], [ 433958.46734011429362, 727657.482217007316649 ], [ 433952.473346594721079, 727650.643165275338106 ] ] ] } },
{ "type": "Feature", "properties": { "LEFT_FID": -1, "RIGHT_FID": 17 }, "geometry": { "type": "MultiLineString", "coordinates": [ [ [ 433958.745025540934876, 727657.79905168316327 ], [ 433958.791199998930097, 727657.861099999863654 ] ] ] } },
{ "type": "Feature", "properties": { "LEFT_FID": 17, "RIGHT_FID": 16 }, "geometry": { "type": "MultiLineString", "coordinates": [ [ [ 433959.416999999899417, 727658.593199999304488 ], [ 433958.791199998930097, 727657.861099999863654 ] ] ] } },
{ "type": "Feature", "properties": { "LEFT_FID": 17, "RIGHT_FID": 19 }, "geometry": { "type": "MultiLineString", "coordinates": [ [ [ 433959.416999999899417, 727658.593199999304488 ], [ 433958.791199998930097, 727657.861099999863654 ] ] ] } },
{ "type": "Feature", "properties": { "LEFT_FID": 19, "RIGHT_FID": 16 }, "geometry": { "type": "MultiLineString", "coordinates": [ [ [ 433958.791199998930097, 727657.861099999863654 ], [ 433965.843600000196602, 727667.337699998985045 ] ] ] } },
{ "type": "Feature", "properties": { "LEFT_FID": 19, "RIGHT_FID": 19 }, "geometry": { "type": "MultiLineString", "coordinates": [ [ [ 433958.791199998930097, 727657.861099999863654 ], [ 433965.843600000196602, 727667.337699998985045 ] ] ] } },
{ "type": "Feature", "properties": { "LEFT_FID": 17, "RIGHT_FID": 16 }, "geometry": { "type": "MultiLineString", "coordinates": [ [ [ 433965.843600000196602, 727667.337699998985045 ], [ 433959.416999999899417, 727658.593199999304488 ] ] ] } },
{ "type": "Feature", "properties": { "LEFT_FID": 17, "RIGHT_FID": 19 }, "geometry": { "type": "MultiLineString", "coordinates": [ [ [ 433965.843600000196602, 727667.337699998985045 ], [ 433959.416999999899417, 727658.593199999304488 ] ] ] } },
{ "type": "Feature", "properties": { "LEFT_FID": 19, "RIGHT_FID": 17 }, "geometry": { "type": "MultiLineString", "coordinates": [ [ [ 433965.843600000196602, 727667.337699998985045 ], [ 433972.526000000478234, 727677.87320000003092 ], [ 433981.838300000526942, 727695.119500000029802 ], [ 433992.215413769474253, 727716.379953425494023 ] ] ] } },
{ "type": "Feature", "properties": { "LEFT_FID": -1, "RIGHT_FID": 17 }, "geometry": { "type": "MultiLineString", "coordinates": [ [ [ 433992.215413769474253, 727716.379953425494023 ], [ 433980.47960000106832, 727691.038400001008995 ], [ 433969.336099999607541, 727669.883300000219606 ], [ 433958.745025540934876, 727657.79905168316327 ] ] ] } },
{ "type": "Feature", "properties": { "LEFT_FID": -1, "RIGHT_FID": 19 }, "geometry": { "type": "MultiLineString", "coordinates": [ [ [ 434000.725733776402194, 727733.815751677844673 ], [ 433997.760799999756273, 727728.35429999907501 ], [ 433992.215413769474253, 727716.379953425494023 ] ] ] } },
{ "type": "Feature", "properties": { "LEFT_FID": 19, "RIGHT_FID": 17 }, "geometry": { "type": "MultiLineString", "coordinates": [ [ [ 434000.725733776402194, 727733.815751677844673 ], [ 434001.91499999986263, 727736.252300000633113 ], [ 434029.94780000008177, 727788.9802 ], [ 434037.146889796305913, 727803.60031454032287 ] ] ] } },
{ "type": "Feature", "properties": { "LEFT_FID": -1, "RIGHT_FID": 17 }, "geometry": { "type": "MultiLineString", "coordinates": [ [ [ 434037.146889796305913, 727803.60031454032287 ], [ 434026.594500000181142, 727781.4664000000339 ], [ 434000.725733776402194, 727733.815751677844673 ] ] ] } },
{ "type": "Feature", "properties": { "LEFT_FID": -1, "RIGHT_FID": 19 }, "geometry": { "type": "MultiLineString", "coordinates": [ [ [ 434037.151884901744779, 727803.610791899962351 ], [ 434037.148972662980668, 727803.60461303323973 ], [ 434037.146889796305913, 727803.60031454032287 ] ] ] } },
{ "type": "Feature", "properties": { "LEFT_FID": 19, "RIGHT_FID": 17 }, "geometry": { "type": "MultiLineString", "coordinates": [ [ [ 434037.151884901744779, 727803.610791899962351 ], [ 434044.620601994160097, 727819.641000150004402 ] ] ] } },
{ "type": "Feature", "properties": { "LEFT_FID": -1, "RIGHT_FID": 17 }, "geometry": { "type": "MultiLineString", "coordinates": [ [ [ 434044.620601994160097, 727819.641000150004402 ], [ 434041.771999999007676, 727813.491500000585802 ], [ 434038.673300000606105, 727806.801999998977408 ], [ 434037.151884901744779, 727803.610791899962351 ] ] ] } },
{ "type": "Feature", "properties": { "LEFT_FID": -1, "RIGHT_FID": 19 }, "geometry": { "type": "MultiLineString", "coordinates": [ [ [ 434052.867350902059115, 727837.443902679369785 ], [ 434044.620601994160097, 727819.641000150004402 ] ] ] } },
{ "type": "Feature", "properties": { "LEFT_FID": 19, "RIGHT_FID": 17 }, "geometry": { "type": "MultiLineString", "coordinates": [ [ [ 434052.867350902059115, 727837.443902679369785 ], [ 434075.709399998944718, 727888.663800000213087 ], [ 434091.732700000051409, 727926.892600000021048 ], [ 434106.482398582913447, 727964.442086234223098 ] ] ] } },
{ "type": "Feature", "properties": { "LEFT_FID": -1, "RIGHT_FID": 17 }, "geometry": { "type": "MultiLineString", "coordinates": [ [ [ 434106.482398582913447, 727964.442086234223098 ], [ 434105.56629999919096, 727961.985800000606105 ], [ 434093.484400001470931, 727931.038899999693967 ], [ 434072.508100000908598, 727877.309499999624677 ], [ 434055.984900000097696, 727844.174000000930391 ], [ 434052.867350902059115, 727837.443902679369785 ] ] ] } },
{ "type": "Feature", "properties": { "LEFT_FID": -1, "RIGHT_FID": 19 }, "geometry": { "type": "MultiLineString", "coordinates": [ [ [ 434173.732207536406349, 728098.572729278472252 ], [ 434165.619199999375269, 728085.296700001112185 ], [ 434144.92380000045523, 728047.784399999771267 ], [ 434133.874499999976251, 728024.440899998764507 ], [ 434116.501400000823196, 727991.305500001064502 ], [ 434106.482398582913447, 727964.442086234223098 ] ] ] } },
{ "type": "Feature", "properties": { "LEFT_FID": -1, "RIGHT_FID": 16 }, "geometry": { "type": "MultiLineString", "coordinates": [ [ [ 434173.918093150074128, 728098.876910291612148 ], [ 434173.732207536406349, 728098.572729278472252 ] ] ] } },
{ "type": "Feature", "properties": { "LEFT_FID": -1, "RIGHT_FID": 19 }, "geometry": { "type": "MultiLineString", "coordinates": [ [ [ 434173.918093150074128, 728098.876910291612148 ], [ 434173.732207536406349, 728098.572729278472252 ] ] ] } },
{ "type": "Feature", "properties": { "LEFT_FID": 19, "RIGHT_FID": 16 }, "geometry": { "type": "MultiLineString", "coordinates": [ [ [ 434173.732207536406349, 728098.572729278472252 ], [ 434176.170799999672454, 728104.321000000578351 ], [ 434177.297966665995773, 728106.732566666789353 ] ] ] } },
{ "type": "Feature", "properties": { "LEFT_FID": 19, "RIGHT_FID": 19 }, "geometry": { "type": "MultiLineString", "coordinates": [ [ [ 434173.732207536406349, 728098.572729278472252 ], [ 434176.170799999672454, 728104.321000000578351 ], [ 434177.297966665995773, 728106.732566666789353 ] ] ] } },
{ "type": "Feature", "properties": { "LEFT_FID": 17, "RIGHT_FID": 16 }, "geometry": { "type": "MultiLineString", "coordinates": [ [ [ 434177.297966665995773, 728106.732566666789353 ], [ 434173.918093150074128, 728098.876910291612148 ] ] ] } },
{ "type": "Feature", "properties": { "LEFT_FID": 17, "RIGHT_FID": 19 }, "geometry": { "type": "MultiLineString", "coordinates": [ [ [ 434177.297966665995773, 728106.732566666789353 ], [ 434173.918093150074128, 728098.876910291612148 ] ] ] } },
{ "type": "Feature", "properties": { "LEFT_FID": -1, "RIGHT_FID": 19 }, "geometry": { "type": "MultiLineString", "coordinates": [ [ [ 434181.849900001485366, 728116.471400000620633 ], [ 434178.381799999042414, 728109.251599998446181 ], [ 434177.297966665995773, 728106.732566666789353 ] ] ] } },
{ "type": "Feature", "properties": { "LEFT_FID": -1, "RIGHT_FID": 17 }, "geometry": { "type": "MultiLineString", "coordinates": [ [ [ 434177.297966665995773, 728106.732566666789353 ], [ 434181.849900001485366, 728116.471400000620633 ] ] ] } },
{ "type": "Feature", "properties": { "LEFT_FID": 19, "RIGHT_FID": 16 }, "geometry": { "type": "MultiLineString", "coordinates": [ [ [ 434181.849900001485366, 728116.471400000620633 ], [ 434185.328799999668263, 728123.914300001342781 ], [ 434186.795566666231025, 728126.767133333603851 ] ] ] } },
{ "type": "Feature", "properties": { "LEFT_FID": 19, "RIGHT_FID": 19 }, "geometry": { "type": "MultiLineString", "coordinates": [ [ [ 434181.849900001485366, 728116.471400000620633 ], [ 434185.328799999668263, 728123.914300001342781 ], [ 434186.795566666231025, 728126.767133333603851 ] ] ] } },
{ "type": "Feature", "properties": { "LEFT_FID": 17, "RIGHT_FID": 16 }, "geometry": { "type": "MultiLineString", "coordinates": [ [ [ 434186.795566666231025, 728126.767133333603851 ], [ 434181.849900001485366, 728116.471400000620633 ] ] ] } },
{ "type": "Feature", "properties": { "LEFT_FID": 17, "RIGHT_FID": 19 }, "geometry": { "type": "MultiLineString", "coordinates": [ [ [ 434186.795566666231025, 728126.767133333603851 ], [ 434181.849900001485366, 728116.471400000620633 ] ] ] } },
{ "type": "Feature", "properties": { "LEFT_FID": -1, "RIGHT_FID": 19 }, "geometry": { "type": "MultiLineString", "coordinates": [ [ [ 434189.417532461695373, 728131.866783309727907 ], [ 434187.749000000127126, 728128.751800000201911 ], [ 434186.795566666231025, 728126.767133333603851 ] ] ] } },
{ "type": "Feature", "properties": { "LEFT_FID": -1, "RIGHT_FID": 17 }, "geometry": { "type": "MultiLineString", "coordinates": [ [ [ 434186.795566666231025, 728126.767133333603851 ], [ 434189.417532461695373, 728131.866783309727907 ] ] ] } },
{ "type": "Feature", "properties": { "LEFT_FID": 19, "RIGHT_FID": 17 }, "geometry": { "type": "MultiLineString", "coordinates": [ [ [ 434189.417532461695373, 728131.866783309727907 ], [ 434189.419199999596458, 728131.869999998249114 ] ] ] } },
{ "type": "Feature", "properties": { "LEFT_FID": 19, "RIGHT_FID": 16 }, "geometry": { "type": "MultiLineString", "coordinates": [ [ [ 434189.419199999596458, 728131.869999998249114 ], [ 434192.745500001125038, 728138.339200000045821 ], [ 434195.36086666607298, 728142.962333333445713 ] ] ] } },
{ "type": "Feature", "properties": { "LEFT_FID": 19, "RIGHT_FID": 19 }, "geometry": { "type": "MultiLineString", "coordinates": [ [ [ 434189.419199999596458, 728131.869999998249114 ], [ 434192.745500001125038, 728138.339200000045821 ], [ 434195.36086666607298, 728142.962333333445713 ] ] ] } },
{ "type": "Feature", "properties": { "LEFT_FID": 17, "RIGHT_FID": 16 }, "geometry": { "type": "MultiLineString", "coordinates": [ [ [ 434195.36086666607298, 728142.962333333445713 ], [ 434189.419199999596458, 728131.869999998249114 ] ] ] } },
{ "type": "Feature", "properties": { "LEFT_FID": 17, "RIGHT_FID": 19 }, "geometry": { "type": "MultiLineString", "coordinates": [ [ [ 434195.36086666607298, 728142.962333333445713 ], [ 434189.419199999596458, 728131.869999998249114 ] ] ] } },
{ "type": "Feature", "properties": { "LEFT_FID": -1, "RIGHT_FID": 19 }, "geometry": { "type": "MultiLineString", "coordinates": [ [ [ 434200.665799998911098, 728152.339699999545701 ], [ 434197.9498999993084, 728147.795700000249781 ], [ 434195.36086666607298, 728142.962333333445713 ] ] ] } },
{ "type": "Feature", "properties": { "LEFT_FID": -1, "RIGHT_FID": 17 }, "geometry": { "type": "MultiLineString", "coordinates": [ [ [ 434195.36086666607298, 728142.962333333445713 ], [ 434200.665799998911098, 728152.339699999545701 ] ] ] } },
{ "type": "Feature", "properties": { "LEFT_FID": 19, "RIGHT_FID": 16 }, "geometry": { "type": "MultiLineString", "coordinates": [ [ [ 434200.665799998911098, 728152.339699999545701 ], [ 434203.361399999936111, 728157.104699998744763 ], [ 434207.107933332910761, 728163.118266667821445 ] ] ] } },
{ "type": "Feature", "properties": { "LEFT_FID": 19, "RIGHT_FID": 19 }, "geometry": { "type": "MultiLineString", "coordinates": [ [ [ 434200.665799998911098, 728152.339699999545701 ], [ 434203.361399999936111, 728157.104699998744763 ], [ 434207.107933332910761, 728163.118266667821445 ] ] ] } },
{ "type": "Feature", "properties": { "LEFT_FID": 17, "RIGHT_FID": 16 }, "geometry": { "type": "MultiLineString", "coordinates": [ [ [ 434207.107933332910761, 728163.118266667821445 ], [ 434200.665799998911098, 728152.339699999545701 ] ] ] } },
{ "type": "Feature", "properties": { "LEFT_FID": 17, "RIGHT_FID": 19 }, "geometry": { "type": "MultiLineString", "coordinates": [ [ [ 434207.107933332910761, 728163.118266667821445 ], [ 434200.665799998911098, 728152.339699999545701 ] ] ] } },
{ "type": "Feature", "properties": { "LEFT_FID": -1, "RIGHT_FID": 19 }, "geometry": { "type": "MultiLineString", "coordinates": [ [ [ 434210.430166667618323, 728168.450933335116133 ], [ 434208.979399999370798, 728166.249500001547858 ], [ 434207.107933332910761, 728163.118266667821445 ] ] ] } },
{ "type": "Feature", "properties": { "LEFT_FID": -1, "RIGHT_FID": 17 }, "geometry": { "type": "MultiLineString", "coordinates": [ [ [ 434207.107933332910761, 728163.118266667821445 ], [ 434210.430166667618323, 728168.450933335116133 ] ] ] } },
{ "type": "Feature", "properties": { "LEFT_FID": 19, "RIGHT_FID": 16 }, "geometry": { "type": "MultiLineString", "coordinates": [ [ [ 434210.430166667618323, 728168.450933335116133 ], [ 434211.865700000664219, 728170.754999999771826 ], [ 434214.821999998996034, 728175.114899999578483 ] ] ] } },
{ "type": "Feature", "properties": { "LEFT_FID": 19, "RIGHT_FID": 19 }, "geometry": { "type": "MultiLineString", "coordinates": [ [ [ 434210.430166667618323, 728168.450933335116133 ], [ 434211.865700000664219, 728170.754999999771826 ], [ 434214.821999998996034, 728175.114899999578483 ] ] ] } },
{ "type": "Feature", "properties": { "LEFT_FID": 17, "RIGHT_FID": 16 }, "geometry": { "type": "MultiLineString", "coordinates": [ [ [ 434214.821999998996034, 728175.114899999578483 ], [ 434210.430166667618323, 728168.450933335116133 ] ] ] } },
{ "type": "Feature", "properties": { "LEFT_FID": 17, "RIGHT_FID": 19 }, "geometry": { "type": "MultiLineString", "coordinates": [ [ [ 434214.821999998996034, 728175.114899999578483 ], [ 434210.430166667618323, 728168.450933335116133 ] ] ] } },
{ "type": "Feature", "properties": { "LEFT_FID": -1, "RIGHT_FID": 19 }, "geometry": { "type": "MultiLineString", "coordinates": [ [ [ 434219.318000001017936, 728181.745500000659376 ], [ 434217.792300000262912, 728179.621899999445304 ], [ 434214.821999998996034, 728175.114899999578483 ] ] ] } },
{ "type": "Feature", "properties": { "LEFT_FID": -1, "RIGHT_FID": 17 }, "geometry": { "type": "MultiLineString", "coordinates": [ [ [ 434214.821999998996034, 728175.114899999578483 ], [ 434219.318000001017936, 728181.745500000659376 ] ] ] } },
{ "type": "Feature", "properties": { "LEFT_FID": 19, "RIGHT_FID": 16 }, "geometry": { "type": "MultiLineString", "coordinates": [ [ [ 434219.318000001017936, 728181.745500000659376 ], [ 434220.832499999902211, 728183.979099999181926 ], [ 434227.066400000127032, 728192.530600000289269 ] ] ] } },
{ "type": "Feature", "properties": { "LEFT_FID": 19, "RIGHT_FID": 19 }, "geometry": { "type": "MultiLineString", "coordinates": [ [ [ 434219.318000001017936, 728181.745500000659376 ], [ 434220.832499999902211, 728183.979099999181926 ], [ 434227.066400000127032, 728192.530600000289269 ] ] ] } },
{ "type": "Feature", "properties": { "LEFT_FID": 17, "RIGHT_FID": 16 }, "geometry": { "type": "MultiLineString", "coordinates": [ [ [ 434227.066400000127032, 728192.530600000289269 ], [ 434219.318000001017936, 728181.745500000659376 ] ] ] } },
{ "type": "Feature", "properties": { "LEFT_FID": 17, "RIGHT_FID": 19 }, "geometry": { "type": "MultiLineString", "coordinates": [ [ [ 434227.066400000127032, 728192.530600000289269 ], [ 434219.318000001017936, 728181.745500000659376 ] ] ] } },
{ "type": "Feature", "properties": { "LEFT_FID": -1, "RIGHT_FID": 19 }, "geometry": { "type": "MultiLineString", "coordinates": [ [ [ 434236.822333332034759, 728204.757999999914318 ], [ 434233.504200000141282, 728200.850700000650249 ], [ 434227.066400000127032, 728192.530600000289269 ] ] ] } },
{ "type": "Feature", "properties": { "LEFT_FID": -1, "RIGHT_FID": 17 }, "geometry": { "type": "MultiLineString", "coordinates": [ [ [ 434227.066400000127032, 728192.530600000289269 ], [ 434236.822333332034759, 728204.757999999914318 ] ] ] } },
{ "type": "Feature", "properties": { "LEFT_FID": 19, "RIGHT_FID": 16 }, "geometry": { "type": "MultiLineString", "coordinates": [ [ [ 434236.822333332034759, 728204.757999999914318 ], [ 434240.145500000391621, 728208.923000000184402 ], [ 434243.563799998955801, 728212.696533333626576 ] ] ] } },
{ "type": "Feature", "properties": { "LEFT_FID": 19, "RIGHT_FID": 19 }, "geometry": { "type": "MultiLineString", "coordinates": [ [ [ 434236.822333332034759, 728204.757999999914318 ], [ 434240.145500000391621, 728208.923000000184402 ], [ 434243.563799998955801, 728212.696533333626576 ] ] ] } },
{ "type": "Feature", "properties": { "LEFT_FID": 17, "RIGHT_FID": 16 }, "geometry": { "type": "MultiLineString", "coordinates": [ [ [ 434243.563799998955801, 728212.696533333626576 ], [ 434236.822333332034759, 728204.757999999914318 ] ] ] } },
{ "type": "Feature", "properties": { "LEFT_FID": 17, "RIGHT_FID": 19 }, "geometry": { "type": "MultiLineString", "coordinates": [ [ [ 434243.563799998955801, 728212.696533333626576 ], [ 434236.822333332034759, 728204.757999999914318 ] ] ] } },
{ "type": "Feature", "properties": { "LEFT_FID": -1, "RIGHT_FID": 19 }, "geometry": { "type": "MultiLineString", "coordinates": [ [ [ 434251.677766666340176, 728221.65363333246205 ], [ 434246.9894999996759, 728216.73040000081528 ], [ 434243.563799998955801, 728212.696533333626576 ] ] ] } },
{ "type": "Feature", "properties": { "LEFT_FID": -1, "RIGHT_FID": 17 }, "geometry": { "type": "MultiLineString", "coordinates": [ [ [ 434243.563799998955801, 728212.696533333626576 ], [ 434251.677766666340176, 728221.65363333246205 ] ] ] } },
{ "type": "Feature", "properties": { "LEFT_FID": 17, "RIGHT_FID": 16 }, "geometry": { "type": "MultiLineString", "coordinates": [ [ [ 434254.09832793136593, 728224.195462653762661 ], [ 434251.677766666340176, 728221.65363333246205 ] ] ] } },
{ "type": "Feature", "properties": { "LEFT_FID": 17, "RIGHT_FID": 19 }, "geometry": { "type": "MultiLineString", "coordinates": [ [ [ 434254.09832793136593, 728224.195462653762661 ], [ 434251.677766666340176, 728221.65363333246205 ] ] ] } },
{ "type": "Feature", "properties": { "LEFT_FID": -1, "RIGHT_FID": 17 }, "geometry": { "type": "MultiLineString", "coordinates": [ [ [ 434254.09832793136593, 728224.195462653762661 ], [ 434245.158700000029057, 728211.104800001718104 ], [ 434231.845400000165682, 728190.202199999243021 ], [ 434221.422300000209361, 728176.369100000709295 ], [ 434206.032599999511149, 728155.944499998935498 ], [ 434195.675699999032076, 728134.480800000135787 ], [ 434173.918093150074128, 728098.876910291612148 ] ] ] } },
{ "type": "Feature", "properties": { "LEFT_FID": 19, "RIGHT_FID": 16 }, "geometry": { "type": "MultiLineString", "coordinates": [ [ [ 434251.677766666340176, 728221.65363333246205 ], [ 434254.035699999600183, 728224.256500000366941 ], [ 434254.362714998074807, 728224.582615445018746 ] ] ] } },
{ "type": "Feature", "properties": { "LEFT_FID": 19, "RIGHT_FID": 19 }, "geometry": { "type": "MultiLineString", "coordinates": [ [ [ 434251.677766666340176, 728221.65363333246205 ], [ 434254.035699999600183, 728224.256500000366941 ], [ 434254.362714998074807, 728224.582615445018746 ] ] ] } },
{ "type": "Feature", "properties": { "LEFT_FID": -1, "RIGHT_FID": 16 }, "geometry": { "type": "MultiLineString", "coordinates": [ [ [ 434254.362714998074807, 728224.582615445018746 ], [ 434254.09832793136593, 728224.195462653762661 ] ] ] } },
{ "type": "Feature", "properties": { "LEFT_FID": -1, "RIGHT_FID": 19 }, "geometry": { "type": "MultiLineString", "coordinates": [ [ [ 434254.362714998074807, 728224.582615445018746 ], [ 434254.09832793136593, 728224.195462653762661 ] ] ] } },
{ "type": "Feature", "properties": { "LEFT_FID": -1, "RIGHT_FID": 19 }, "geometry": { "type": "MultiLineString", "coordinates": [ [ [ 434380.505643156880978, 728368.057384287472814 ], [ 434378.642199999652803, 728366.512999999336898 ], [ 434333.559899999934714, 728324.792099999729544 ], [ 434308.855600000882987, 728295.051600000122562 ], [ 434264.644600000232458, 728239.638800001121126 ], [ 434254.362714998074807, 728224.582615445018746 ] ] ] } },
{ "type": "Feature", "properties": { "LEFT_FID": 19, "RIGHT_FID": 17 }, "geometry": { "type": "MultiLineString", "coordinates": [ [ [ 434380.505643156880978, 728368.057384287472814 ], [ 434382.655099999334197, 728370.752299999236129 ], [ 434392.511399999901187, 728384.260099999140948 ] ] ] } },
{ "type": "Feature", "properties": { "LEFT_FID": 19, "RIGHT_FID": 16 }, "geometry": { "type": "MultiLineString", "coordinates": [ [ [ 434392.511399999901187, 728384.260099999140948 ], [ 434397.526100001006853, 728390.270099999615923 ], [ 434397.908300000533927, 728390.649300000513904 ] ] ] } },
{ "type": "Feature", "properties": { "LEFT_FID": 19, "RIGHT_FID": 19 }, "geometry": { "type": "MultiLineString", "coordinates": [ [ [ 434392.511399999901187, 728384.260099999140948 ], [ 434397.526100001006853, 728390.270099999615923 ], [ 434397.908300000533927, 728390.649300000513904 ] ] ] } },
{ "type": "Feature", "properties": { "LEFT_FID": 17, "RIGHT_FID": 16 }, "geometry": { "type": "MultiLineString", "coordinates": [ [ [ 434397.908300000533927, 728390.649300000513904 ], [ 434392.511399999901187, 728384.260099999140948 ] ] ] } },
{ "type": "Feature", "properties": { "LEFT_FID": 17, "RIGHT_FID": 19 }, "geometry": { "type": "MultiLineString", "coordinates": [ [ [ 434397.908300000533927, 728390.649300000513904 ], [ 434392.511399999901187, 728384.260099999140948 ] ] ] } },
{ "type": "Feature", "properties": { "LEFT_FID": -1, "RIGHT_FID": 19 }, "geometry": { "type": "MultiLineString", "coordinates": [ [ [ 434399.859899999864865, 728392.585900000296533 ], [ 434398.191800001251977, 728390.98499999998603 ], [ 434397.908300000533927, 728390.649300000513904 ] ] ] } },
{ "type": "Feature", "properties": { "LEFT_FID": -1, "RIGHT_FID": 17 }, "geometry": { "type": "MultiLineString", "coordinates": [ [ [ 434397.908300000533927, 728390.649300000513904 ], [ 434399.859899999864865, 728392.585900000296533 ] ] ] } },
{ "type": "Feature", "properties": { "LEFT_FID": 19, "RIGHT_FID": 16 }, "geometry": { "type": "MultiLineString", "coordinates": [ [ [ 434399.859899999864865, 728392.585900000296533 ], [ 434401.688800000702031, 728394.400800000410527 ], [ 434402.045999999565538, 728394.684000000357628 ] ] ] } },
{ "type": "Feature", "properties": { "LEFT_FID": 19, "RIGHT_FID": 19 }, "geometry": { "type": "MultiLineString", "coordinates": [ [ [ 434399.859899999864865, 728392.585900000296533 ], [ 434401.688800000702031, 728394.400800000410527 ], [ 434402.045999999565538, 728394.684000000357628 ] ] ] } },
{ "type": "Feature", "properties": { "LEFT_FID": 17, "RIGHT_FID": 16 }, "geometry": { "type": "MultiLineString", "coordinates": [ [ [ 434402.045999999565538, 728394.684000000357628 ], [ 434399.859899999864865, 728392.585900000296533 ] ] ] } },
{ "type": "Feature", "properties": { "LEFT_FID": 17, "RIGHT_FID": 19 }, "geometry": { "type": "MultiLineString", "coordinates": [ [ [ 434402.045999999565538, 728394.684000000357628 ], [ 434399.859899999864865, 728392.585900000296533 ] ] ] } },
{ "type": "Feature", "properties": { "LEFT_FID": -1, "RIGHT_FID": 19 }, "geometry": { "type": "MultiLineString", "coordinates": [ [ [ 434406.330600000976119, 728398.080900000524707 ], [ 434402.425900000787806, 728395.048599999048747 ], [ 434402.045999999565538, 728394.684000000357628 ] ] ] } },
{ "type": "Feature", "properties": { "LEFT_FID": -1, "RIGHT_FID": 17 }, "geometry": { "type": "MultiLineString", "coordinates": [ [ [ 434402.045999999565538, 728394.684000000357628 ], [ 434406.330600000976119, 728398.080900000524707 ] ] ] } },
{ "type": "Feature", "properties": { "LEFT_FID": 17, "RIGHT_FID": 16 }, "geometry": { "type": "MultiLineString", "coordinates": [ [ [ 434422.457859364687465, 728407.917642365209758 ], [ 434406.330600000976119, 728398.080900000524707 ] ] ] } },
{ "type": "Feature", "properties": { "LEFT_FID": 17, "RIGHT_FID": 19 }, "geometry": { "type": "MultiLineString", "coordinates": [ [ [ 434422.457859364687465, 728407.917642365209758 ], [ 434406.330600000976119, 728398.080900000524707 ] ] ] } },
{ "type": "Feature", "properties": { "LEFT_FID": -1, "RIGHT_FID": 17 }, "geometry": { "type": "MultiLineString", "coordinates": [ [ [ 434422.457859364687465, 728407.917642365209758 ], [ 434394.688800000119954, 728379.812100000912324 ], [ 434380.505643156880978, 728368.057384287472814 ] ] ] } },
{ "type": "Feature", "properties": { "LEFT_FID": 19, "RIGHT_FID": 16 }, "geometry": { "type": "MultiLineString", "coordinates": [ [ [ 434406.330600000976119, 728398.080900000524707 ], [ 434422.516188708075788, 728407.976678497623652 ] ] ] } },
{ "type": "Feature", "properties": { "LEFT_FID": 19, "RIGHT_FID": 19 }, "geometry": { "type": "MultiLineString", "coordinates": [ [ [ 434406.330600000976119, 728398.080900000524707 ], [ 434422.516188708075788, 728407.976678497623652 ] ] ] } },
{ "type": "Feature", "properties": { "LEFT_FID": -1, "RIGHT_FID": 16 }, "geometry": { "type": "MultiLineString", "coordinates": [ [ [ 434422.516188708075788, 728407.976678497623652 ], [ 434422.457859364687465, 728407.917642365209758 ] ] ] } },
{ "type": "Feature", "properties": { "LEFT_FID": -1, "RIGHT_FID": 19 }, "geometry": { "type": "MultiLineString", "coordinates": [ [ [ 434422.516188708075788, 728407.976678497623652 ], [ 434422.457859364687465, 728407.917642365209758 ] ] ] } },
{ "type": "Feature", "properties": { "LEFT_FID": -1, "RIGHT_FID": 19 }, "geometry": { "type": "MultiLineString", "coordinates": [ [ [ 434492.459299999696668, 728480.282299999846146 ], [ 434487.556200000632089, 728473.803200000082143 ], [ 434486.719460511929356, 728472.548127807094716 ], [ 434468.841400001314469, 728454.107299999799579 ], [ 434445.030499999935273, 728430.763800000888295 ], [ 434422.516188708075788, 728407.976678497623652 ] ] ] } },
{ "type": "Feature", "properties": { "LEFT_FID": -1, "RIGHT_FID": 17 }, "geometry": { "type": "MultiLineString", "coordinates": [ [ [ 434486.850823151296936, 728472.683625492267311 ], [ 434492.459299999696668, 728480.282299999846146 ] ] ] } },
{ "type": "Feature", "properties": { "LEFT_FID": 19, "RIGHT_FID": 17 }, "geometry": { "type": "MultiLineString", "coordinates": [ [ [ 434492.459299999696668, 728480.282299999846146 ], [ 434497.715900000999682, 728486.356399998883717 ] ] ] } },
{ "type": "Feature", "properties": { "LEFT_FID": 19, "RIGHT_FID": 16 }, "geometry": { "type": "MultiLineString", "coordinates": [ [ [ 434497.715900000999682, 728486.356399998883717 ], [ 434504.374000000825617, 728492.790500000119209 ], [ 434505.768400000175461, 728493.915399999590591 ] ] ] } },
{ "type": "Feature", "properties": { "LEFT_FID": 19, "RIGHT_FID": 19 }, "geometry": { "type": "MultiLineString", "coordinates": [ [ [ 434497.715900000999682, 728486.356399998883717 ], [ 434504.374000000825617, 728492.790500000119209 ], [ 434505.768400000175461, 728493.915399999590591 ] ] ] } },
{ "type": "Feature", "properties": { "LEFT_FID": 17, "RIGHT_FID": 16 }, "geometry": { "type": "MultiLineString", "coordinates": [ [ [ 434505.768400000175461, 728493.915399999590591 ], [ 434497.715900000999682, 728486.356399998883717 ] ] ] } },
{ "type": "Feature", "properties": { "LEFT_FID": 17, "RIGHT_FID": 19 }, "geometry": { "type": "MultiLineString", "coordinates": [ [ [ 434505.768400000175461, 728493.915399999590591 ], [ 434497.715900000999682, 728486.356399998883717 ] ] ] } },
{ "type": "Feature", "properties": { "LEFT_FID": -1, "RIGHT_FID": 17 }, "geometry": { "type": "MultiLineString", "coordinates": [ [ [ 434505.768400000175461, 728493.915399999590591 ], [ 434508.205853766470682, 728495.881819224101491 ], [ 434489.350900000834372, 728475.262399998377077 ], [ 434486.850823151296936, 728472.683625492267311 ] ] ] } },
{ "type": "Feature", "properties": { "LEFT_FID": -1, "RIGHT_FID": 19 }, "geometry": { "type": "MultiLineString", "coordinates": [ [ [ 434641.231394176546019, 728668.157543389708735 ], [ 434617.20310000050813, 728639.929500001017004 ], [ 434593.638500000641216, 728607.186800000141375 ], [ 434574.805999998934567, 728579.354200000758283 ], [ 434546.367600000987295, 728542.571299998904578 ], [ 434511.466500001086388, 728499.447599998908117 ], [ 434508.711621278955135, 728496.434916970203631 ], [ 434506.997800000244752, 728495.069499999051914 ], [ 434505.768400000175461, 728493.915399999590591 ] ] ] } },
{ "type": "Feature", "properties": { "LEFT_FID": -1, "RIGHT_FID": 16 }, "geometry": { "type": "MultiLineString", "coordinates": [ [ [ 434641.30984968401026, 728668.249711626791395 ], [ 434641.231394176546019, 728668.157543389708735 ] ] ] } },
{ "type": "Feature", "properties": { "LEFT_FID": -1, "RIGHT_FID": 19 }, "geometry": { "type": "MultiLineString", "coordinates": [ [ [ 434641.30984968401026, 728668.249711626791395 ], [ 434641.231394176546019, 728668.157543389708735 ] ] ] } },
{ "type": "Feature", "properties": { "LEFT_FID": 19, "RIGHT_FID": 16 }, "geometry": { "type": "MultiLineString", "coordinates": [ [ [ 434641.231394176546019, 728668.157543389708735 ], [ 434645.069399999920279, 728674.213699999148957 ], [ 434645.457300000300165, 728674.717399998684414 ] ] ] } },
{ "type": "Feature", "properties": { "LEFT_FID": 19, "RIGHT_FID": 19 }, "geometry": { "type": "MultiLineString", "coordinates": [ [ [ 434641.231394176546019, 728668.157543389708735 ], [ 434645.069399999920279, 728674.213699999148957 ], [ 434645.457300000300165, 728674.717399998684414 ] ] ] } },
{ "type": "Feature", "properties": { "LEFT_FID": 17, "RIGHT_FID": 16 }, "geometry": { "type": "MultiLineString", "coordinates": [ [ [ 434645.457300000300165, 728674.717399998684414 ], [ 434641.30984968401026, 728668.249711626791395 ] ] ] } },
{ "type": "Feature", "properties": { "LEFT_FID": 17, "RIGHT_FID": 19 }, "geometry": { "type": "MultiLineString", "coordinates": [ [ [ 434645.457300000300165, 728674.717399998684414 ], [ 434641.30984968401026, 728668.249711626791395 ] ] ] } },
{ "type": "Feature", "properties": { "LEFT_FID": -1, "RIGHT_FID": 19 }, "geometry": { "type": "MultiLineString", "coordinates": [ [ [ 434650.551099999633152, 728681.332599998451769 ], [ 434645.656500000215601, 728675.028099999646656 ], [ 434645.457300000300165, 728674.717399998684414 ] ] ] } },
{ "type": "Feature", "properties": { "LEFT_FID": -1, "RIGHT_FID": 17 }, "geometry": { "type": "MultiLineString", "coordinates": [ [ [ 434645.457300000300165, 728674.717399998684414 ], [ 434650.551099999633152, 728681.332599998451769 ] ] ] } },
{ "type": "Feature", "properties": { "LEFT_FID": 19, "RIGHT_FID": 17 }, "geometry": { "type": "MultiLineString", "coordinates": [ [ [ 434650.551099999633152, 728681.332599998451769 ], [ 434665.622327605960891, 728699.42757023894228 ] ] ] } },
{ "type": "Feature", "properties": { "LEFT_FID": -1, "RIGHT_FID": 17 }, "geometry": { "type": "MultiLineString", "coordinates": [ [ [ 434665.622327605960891, 728699.42757023894228 ], [ 434660.908599999384023, 728691.274000001023524 ], [ 434641.30984968401026, 728668.249711626791395 ] ] ] } },
{ "type": "Feature", "properties": { "LEFT_FID": -1, "RIGHT_FID": 19 }, "geometry": { "type": "MultiLineString", "coordinates": [ [ [ 434684.949014559446368, 728726.42689091921784 ], [ 434681.049599999387283, 728721.539800000493415 ], [ 434671.451799998816568, 728709.511100000352599 ], [ 434665.622327605960891, 728699.42757023894228 ] ] ] } },
{ "type": "Feature", "properties": { "LEFT_FID": 19, "RIGHT_FID": 17 }, "geometry": { "type": "MultiLineString", "coordinates": [ [ [ 434684.949014559446368, 728726.42689091921784 ], [ 434685.109800000442192, 728726.653499998967163 ], [ 434692.584899999783374, 728736.501700001652353 ], [ 434698.841570976597723, 728743.838270311011001 ] ] ] } },
{ "type": "Feature", "properties": { "LEFT_FID": -1, "RIGHT_FID": 17 }, "geometry": { "type": "MultiLineString", "coordinates": [ [ [ 434698.841570976597723, 728743.838270311011001 ], [ 434684.949014559446368, 728726.42689091921784 ] ] ] } },
{ "type": "Feature", "properties": { "LEFT_FID": -1, "RIGHT_FID": 19 }, "geometry": { "type": "MultiLineString", "coordinates": [ [ [ 434729.079868359898683, 728780.336699309176765 ], [ 434708.479599999554921, 728755.917500001494773 ], [ 434698.841570976597723, 728743.838270311011001 ] ] ] } },
{ "type": "Feature", "properties": { "LEFT_FID": -1, "RIGHT_FID": 16 }, "geometry": { "type": "MultiLineString", "coordinates": [ [ [ 434729.17277899972396, 728780.44683396210894 ], [ 434729.079868359898683, 728780.336699309176765 ] ] ] } },
{ "type": "Feature", "properties": { "LEFT_FID": -1, "RIGHT_FID": 19 }, "geometry": { "type": "MultiLineString", "coordinates": [ [ [ 434729.17277899972396, 728780.44683396210894 ], [ 434729.079868359898683, 728780.336699309176765 ] ] ] } },
{ "type": "Feature", "properties": { "LEFT_FID": 19, "RIGHT_FID": 16 }, "geometry": { "type": "MultiLineString", "coordinates": [ [ [ 434729.079868359898683, 728780.336699309176765 ], [ 434729.433700000459794, 728780.838500000303611 ] ] ] } },
{ "type": "Feature", "properties": { "LEFT_FID": 19, "RIGHT_FID": 19 }, "geometry": { "type": "MultiLineString", "coordinates": [ [ [ 434729.079868359898683, 728780.336699309176765 ], [ 434729.433700000459794, 728780.838500000303611 ] ] ] } },
{ "type": "Feature", "properties": { "LEFT_FID": 17, "RIGHT_FID": 16 }, "geometry": { "type": "MultiLineString", "coordinates": [ [ [ 434729.433700000459794, 728780.838500000303611 ], [ 434729.17277899972396, 728780.44683396210894 ] ] ] } },
{ "type": "Feature", "properties": { "LEFT_FID": 17, "RIGHT_FID": 19 }, "geometry": { "type": "MultiLineString", "coordinates": [ [ [ 434729.433700000459794, 728780.838500000303611 ], [ 434729.17277899972396, 728780.44683396210894 ] ] ] } },
{ "type": "Feature", "properties": { "LEFT_FID": -1, "RIGHT_FID": 19 }, "geometry": { "type": "MultiLineString", "coordinates": [ [ [ 434731.068199999979697, 728783.292100000195205 ], [ 434729.433700000459794, 728780.838500000303611 ] ] ] } },
{ "type": "Feature", "properties": { "LEFT_FID": -1, "RIGHT_FID": 17 }, "geometry": { "type": "MultiLineString", "coordinates": [ [ [ 434729.433700000459794, 728780.838500000303611 ], [ 434730.461299999326002, 728782.295900000841357 ], [ 434731.068199999979697, 728783.292100000195205 ] ] ] } },
{ "type": "Feature", "properties": { "LEFT_FID": 17, "RIGHT_FID": 16 }, "geometry": { "type": "MultiLineString", "coordinates": [ [ [ 434731.588800000026822, 728784.073599999537691 ], [ 434731.068199999979697, 728783.292100000195205 ] ] ] } },
{ "type": "Feature", "properties": { "LEFT_FID": 17, "RIGHT_FID": 19 }, "geometry": { "type": "MultiLineString", "coordinates": [ [ [ 434731.588800000026822, 728784.073599999537691 ], [ 434731.068199999979697, 728783.292100000195205 ] ] ] } },
{ "type": "Feature", "properties": { "LEFT_FID": 19, "RIGHT_FID": 16 }, "geometry": { "type": "MultiLineString", "coordinates": [ [ [ 434731.068199999979697, 728783.292100000195205 ], [ 434733.161999999720138, 728786.729099999298342 ] ] ] } },
{ "type": "Feature", "properties": { "LEFT_FID": 19, "RIGHT_FID": 19 }, "geometry": { "type": "MultiLineString", "coordinates": [ [ [ 434731.068199999979697, 728783.292100000195205 ], [ 434733.161999999720138, 728786.729099999298342 ] ] ] } },
{ "type": "Feature", "properties": { "LEFT_FID": 17, "RIGHT_FID": 16 }, "geometry": { "type": "MultiLineString", "coordinates": [ [ [ 434733.161999999720138, 728786.729099999298342 ], [ 434731.588800000026822, 728784.073599999537691 ] ] ] } },
{ "type": "Feature", "properties": { "LEFT_FID": 17, "RIGHT_FID": 19 }, "geometry": { "type": "MultiLineString", "coordinates": [ [ [ 434733.161999999720138, 728786.729099999298342 ], [ 434731.588800000026822, 728784.073599999537691 ] ] ] } },
{ "type": "Feature", "properties": { "LEFT_FID": -1, "RIGHT_FID": 19 }, "geometry": { "type": "MultiLineString", "coordinates": [ [ [ 434735.32110000110697, 728790.373400000738911 ], [ 434733.161999999720138, 728786.729099999298342 ] ] ] } },
{ "type": "Feature", "properties": { "LEFT_FID": -1, "RIGHT_FID": 17 }, "geometry": { "type": "MultiLineString", "coordinates": [ [ [ 434733.161999999720138, 728786.729099999298342 ], [ 434734.839199999521952, 728789.482100001652725 ], [ 434735.32110000110697, 728790.373400000738911 ] ] ] } },
{ "type": "Feature", "properties": { "LEFT_FID": 17, "RIGHT_FID": 16 }, "geometry": { "type": "MultiLineString", "coordinates": [ [ [ 434735.87440000026254, 728791.307299999170937 ], [ 434735.32110000110697, 728790.373400000738911 ] ] ] } },
{ "type": "Feature", "properties": { "LEFT_FID": 17, "RIGHT_FID": 19 }, "geometry": { "type": "MultiLineString", "coordinates": [ [ [ 434735.87440000026254, 728791.307299999170937 ], [ 434735.32110000110697, 728790.373400000738911 ] ] ] } },
{ "type": "Feature", "properties": { "LEFT_FID": 19, "RIGHT_FID": 16 }, "geometry": { "type": "MultiLineString", "coordinates": [ [ [ 434735.32110000110697, 728790.373400000738911 ], [ 434736.793700000911485, 728793.097099999780767 ] ] ] } },
{ "type": "Feature", "properties": { "LEFT_FID": 19, "RIGHT_FID": 19 }, "geometry": { "type": "MultiLineString", "coordinates": [ [ [ 434735.32110000110697, 728790.373400000738911 ], [ 434736.793700000911485, 728793.097099999780767 ] ] ] } },
{ "type": "Feature", "properties": { "LEFT_FID": 17, "RIGHT_FID": 16 }, "geometry": { "type": "MultiLineString", "coordinates": [ [ [ 434736.793700000911485, 728793.097099999780767 ], [ 434735.87440000026254, 728791.307299999170937 ] ] ] } },
{ "type": "Feature", "properties": { "LEFT_FID": 17, "RIGHT_FID": 19 }, "geometry": { "type": "MultiLineString", "coordinates": [ [ [ 434736.793700000911485, 728793.097099999780767 ], [ 434735.87440000026254, 728791.307299999170937 ] ] ] } },
{ "type": "Feature", "properties": { "LEFT_FID": -1, "RIGHT_FID": 19 }, "geometry": { "type": "MultiLineString", "coordinates": [ [ [ 434739.839800001122057, 728799.027299999492243 ], [ 434736.793700000911485, 728793.097099999780767 ] ] ] } },
{ "type": "Feature", "properties": { "LEFT_FID": -1, "RIGHT_FID": 17 }, "geometry": { "type": "MultiLineString", "coordinates": [ [ [ 434736.793700000911485, 728793.097099999780767 ], [ 434738.816599999088794, 728796.838499999721535 ], [ 434739.839800001122057, 728799.027299999492243 ] ] ] } },
{ "type": "Feature", "properties": { "LEFT_FID": 17, "RIGHT_FID": 16 }, "geometry": { "type": "MultiLineString", "coordinates": [ [ [ 434740.629200000839774, 728800.564199999906123 ], [ 434739.839800001122057, 728799.027299999492243 ] ] ] } },
{ "type": "Feature", "properties": { "LEFT_FID": 17, "RIGHT_FID": 19 }, "geometry": { "type": "MultiLineString", "coordinates": [ [ [ 434740.629200000839774, 728800.564199999906123 ], [ 434739.839800001122057, 728799.027299999492243 ] ] ] } },
{ "type": "Feature", "properties": { "LEFT_FID": 19, "RIGHT_FID": 16 }, "geometry": { "type": "MultiLineString", "coordinates": [ [ [ 434739.839800001122057, 728799.027299999492243 ], [ 434741.414100000518374, 728802.395099998335354 ] ] ] } },
{ "type": "Feature", "properties": { "LEFT_FID": 19, "RIGHT_FID": 19 }, "geometry": { "type": "MultiLineString", "coordinates": [ [ [ 434739.839800001122057, 728799.027299999492243 ], [ 434741.414100000518374, 728802.395099998335354 ] ] ] } },
{ "type": "Feature", "properties": { "LEFT_FID": 17, "RIGHT_FID": 16 }, "geometry": { "type": "MultiLineString", "coordinates": [ [ [ 434741.414100000518374, 728802.395099998335354 ], [ 434740.629200000839774, 728800.564199999906123 ] ] ] } },
{ "type": "Feature", "properties": { "LEFT_FID": 17, "RIGHT_FID": 19 }, "geometry": { "type": "MultiLineString", "coordinates": [ [ [ 434741.414100000518374, 728802.395099998335354 ], [ 434740.629200000839774, 728800.564199999906123 ] ] ] } },
{ "type": "Feature", "properties": { "LEFT_FID": -1, "RIGHT_FID": 19 }, "geometry": { "type": "MultiLineString", "coordinates": [ [ [ 434743.298299999674782, 728806.790599999367259 ], [ 434741.414100000518374, 728802.395099998335354 ] ] ] } },
{ "type": "Feature", "properties": { "LEFT_FID": -1, "RIGHT_FID": 17 }, "geometry": { "type": "MultiLineString", "coordinates": [ [ [ 434741.414100000518374, 728802.395099998335354 ], [ 434742.31049999903189, 728804.312800000072457 ], [ 434743.298299999674782, 728806.790599999367259 ] ] ] } },
{ "type": "Feature", "properties": { "LEFT_FID": 17, "RIGHT_FID": 16 }, "geometry": { "type": "MultiLineString", "coordinates": [ [ [ 434743.850099999515805, 728808.077699999208562 ], [ 434743.298299999674782, 728806.790599999367259 ] ] ] } },
{ "type": "Feature", "properties": { "LEFT_FID": 17, "RIGHT_FID": 19 }, "geometry": { "type": "MultiLineString", "coordinates": [ [ [ 434743.850099999515805, 728808.077699999208562 ], [ 434743.298299999674782, 728806.790599999367259 ] ] ] } },
{ "type": "Feature", "properties": { "LEFT_FID": 19, "RIGHT_FID": 16 }, "geometry": { "type": "MultiLineString", "coordinates": [ [ [ 434743.298299999674782, 728806.790599999367259 ], [ 434744.016600000322796, 728808.592299999902025 ] ] ] } },
{ "type": "Feature", "properties": { "LEFT_FID": 19, "RIGHT_FID": 19 }, "geometry": { "type": "MultiLineString", "coordinates": [ [ [ 434743.298299999674782, 728806.790599999367259 ], [ 434744.016600000322796, 728808.592299999902025 ] ] ] } },
{ "type": "Feature", "properties": { "LEFT_FID": 17, "RIGHT_FID": 16 }, "geometry": { "type": "MultiLineString", "coordinates": [ [ [ 434744.016600000322796, 728808.592299999902025 ], [ 434743.850099999515805, 728808.077699999208562 ] ] ] } },
{ "type": "Feature", "properties": { "LEFT_FID": 17, "RIGHT_FID": 19 }, "geometry": { "type": "MultiLineString", "coordinates": [ [ [ 434744.016600000322796, 728808.592299999902025 ], [ 434743.850099999515805, 728808.077699999208562 ] ] ] } },
{ "type": "Feature", "properties": { "LEFT_FID": -1, "RIGHT_FID": 19 }, "geometry": { "type": "MultiLineString", "coordinates": [ [ [ 434747.332799999741837, 728818.839800000190735 ], [ 434744.016600000322796, 728808.592299999902025 ] ] ] } },
{ "type": "Feature", "properties": { "LEFT_FID": -1, "RIGHT_FID": 17 }, "geometry": { "type": "MultiLineString", "coordinates": [ [ [ 434744.016600000322796, 728808.592299999902025 ], [ 434744.563599999411963, 728809.964199998881668 ], [ 434747.011599999386817, 728817.518100000103004 ], [ 434747.332799999741837, 728818.839800000190735 ] ] ] } },
{ "type": "Feature", "properties": { "LEFT_FID": 17, "RIGHT_FID": 16 }, "geometry": { "type": "MultiLineString", "coordinates": [ [ [ 434747.515599999635015, 728819.404500000993721 ], [ 434747.332799999741837, 728818.839800000190735 ] ] ] } },
{ "type": "Feature", "properties": { "LEFT_FID": 17, "RIGHT_FID": 19 }, "geometry": { "type": "MultiLineString", "coordinates": [ [ [ 434747.515599999635015, 728819.404500000993721 ], [ 434747.332799999741837, 728818.839800000190735 ] ] ] } },
{ "type": "Feature", "properties": { "LEFT_FID": 19, "RIGHT_FID": 16 }, "geometry": { "type": "MultiLineString", "coordinates": [ [ [ 434747.332799999741837, 728818.839800000190735 ], [ 434747.690000000817236, 728820.309399999212474 ] ] ] } },
{ "type": "Feature", "properties": { "LEFT_FID": 19, "RIGHT_FID": 19 }, "geometry": { "type": "MultiLineString", "coordinates": [ [ [ 434747.332799999741837, 728818.839800000190735 ], [ 434747.690000000817236, 728820.309399999212474 ] ] ] } },
{ "type": "Feature", "properties": { "LEFT_FID": 17, "RIGHT_FID": 16 }, "geometry": { "type": "MultiLineString", "coordinates": [ [ [ 434747.690000000817236, 728820.309399999212474 ], [ 434747.515599999635015, 728819.404500000993721 ] ] ] } },
{ "type": "Feature", "properties": { "LEFT_FID": 17, "RIGHT_FID": 19 }, "geometry": { "type": "MultiLineString", "coordinates": [ [ [ 434747.690000000817236, 728820.309399999212474 ], [ 434747.515599999635015, 728819.404500000993721 ] ] ] } },
{ "type": "Feature", "properties": { "LEFT_FID": -1, "RIGHT_FID": 19 }, "geometry": { "type": "MultiLineString", "coordinates": [ [ [ 434749.323200000799261, 728828.782600001082756 ], [ 434747.690000000817236, 728820.309399999212474 ] ] ] } },
{ "type": "Feature", "properties": { "LEFT_FID": -1, "RIGHT_FID": 17 }, "geometry": { "type": "MultiLineString", "coordinates": [ [ [ 434747.690000000817236, 728820.309399999212474 ], [ 434748.385099998617079, 728823.169000000692904 ], [ 434749.323200000799261, 728828.782600001082756 ] ] ] } },
{ "type": "Feature", "properties": { "LEFT_FID": -1, "RIGHT_FID": 19 }, "geometry": { "type": "MultiLineString", "coordinates": [ [ [ 434749.794600000721402, 728836.738600000971928 ], [ 434749.323200000799261, 728828.782600001082756 ] ] ] } },
{ "type": "Feature", "properties": { "LEFT_FID": -1, "RIGHT_FID": 17 }, "geometry": { "type": "MultiLineString", "coordinates": [ [ [ 434749.323200000799261, 728828.782600001082756 ], [ 434749.791000000666827, 728834.336899999179877 ], [ 434749.794600000721402, 728836.738600000971928 ] ] ] } },
{ "type": "Feature", "properties": { "LEFT_FID": 17, "RIGHT_FID": 16 }, "geometry": { "type": "MultiLineString", "coordinates": [ [ [ 434749.861999998742249, 728837.875299999373965 ], [ 434749.794600000721402, 728836.738600000971928 ] ] ] } },
{ "type": "Feature", "properties": { "LEFT_FID": 17, "RIGHT_FID": 19 }, "geometry": { "type": "MultiLineString", "coordinates": [ [ [ 434749.861999998742249, 728837.875299999373965 ], [ 434749.794600000721402, 728836.738600000971928 ] ] ] } },
{ "type": "Feature", "properties": { "LEFT_FID": 19, "RIGHT_FID": 16 }, "geometry": { "type": "MultiLineString", "coordinates": [ [ [ 434749.794600000721402, 728836.738600000971928 ], [ 434749.798299999558367, 728839.189999999012798 ] ] ] } },
{ "type": "Feature", "properties": { "LEFT_FID": 19, "RIGHT_FID": 19 }, "geometry": { "type": "MultiLineString", "coordinates": [ [ [ 434749.794600000721402, 728836.738600000971928 ], [ 434749.798299999558367, 728839.189999999012798 ] ] ] } },
{ "type": "Feature", "properties": { "LEFT_FID": 17, "RIGHT_FID": 16 }, "geometry": { "type": "MultiLineString", "coordinates": [ [ [ 434749.798299999558367, 728839.189999999012798 ], [ 434749.861999998742249, 728837.875299999373965 ] ] ] } },
{ "type": "Feature", "properties": { "LEFT_FID": 17, "RIGHT_FID": 19 }, "geometry": { "type": "MultiLineString", "coordinates": [ [ [ 434749.798299999558367, 728839.189999999012798 ], [ 434749.861999998742249, 728837.875299999373965 ] ] ] } },
{ "type": "Feature", "properties": { "LEFT_FID": -1, "RIGHT_FID": 19 }, "geometry": { "type": "MultiLineString", "coordinates": [ [ [ 434749.411599999933969, 728847.176799999200739 ], [ 434749.798299999558367, 728839.189999999012798 ] ] ] } },
{ "type": "Feature", "properties": { "LEFT_FID": -1, "RIGHT_FID": 17 }, "geometry": { "type": "MultiLineString", "coordinates": [ [ [ 434749.798299999558367, 728839.189999999012798 ], [ 434749.801699999894481, 728841.393800000543706 ], [ 434749.411599999933969, 728847.176799999200739 ] ] ] } },
{ "type": "Feature", "properties": { "LEFT_FID": 17, "RIGHT_FID": 16 }, "geometry": { "type": "MultiLineString", "coordinates": [ [ [ 434749.353000000119209, 728848.386699999682605 ], [ 434749.411599999933969, 728847.176799999200739 ] ] ] } },
{ "type": "Feature", "properties": { "LEFT_FID": 17, "RIGHT_FID": 19 }, "geometry": { "type": "MultiLineString", "coordinates": [ [ [ 434749.353000000119209, 728848.386699999682605 ], [ 434749.411599999933969, 728847.176799999200739 ] ] ] } },
{ "type": "Feature", "properties": { "LEFT_FID": 19, "RIGHT_FID": 16 }, "geometry": { "type": "MultiLineString", "coordinates": [ [ [ 434749.411599999933969, 728847.176799999200739 ], [ 434749.306200001505204, 728848.738700000452809 ] ] ] } },
{ "type": "Feature", "properties": { "LEFT_FID": 19, "RIGHT_FID": 19 }, "geometry": { "type": "MultiLineString", "coordinates": [ [ [ 434749.411599999933969, 728847.176799999200739 ], [ 434749.306200001505204, 728848.738700000452809 ] ] ] } },
{ "type": "Feature", "properties": { "LEFT_FID": 17, "RIGHT_FID": 16 }, "geometry": { "type": "MultiLineString", "coordinates": [ [ [ 434749.306200001505204, 728848.738700000452809 ], [ 434749.353000000119209, 728848.386699999682605 ] ] ] } },
{ "type": "Feature", "properties": { "LEFT_FID": 17, "RIGHT_FID": 19 }, "geometry": { "type": "MultiLineString", "coordinates": [ [ [ 434749.306200001505204, 728848.738700000452809 ], [ 434749.353000000119209, 728848.386699999682605 ] ] ] } },
{ "type": "Feature", "properties": { "LEFT_FID": -1, "RIGHT_FID": 19 }, "geometry": { "type": "MultiLineString", "coordinates": [ [ [ 434747.332999999518506, 728863.586899998714216 ], [ 434749.306200001505204, 728848.738700000452809 ] ] ] } },
{ "type": "Feature", "properties": { "LEFT_FID": -1, "RIGHT_FID": 17 }, "geometry": { "type": "MultiLineString", "coordinates": [ [ [ 434749.306200001505204, 728848.738700000452809 ], [ 434749.271199999609962, 728849.257799998973496 ], [ 434747.332999999518506, 728863.586899998714216 ] ] ] } },
{ "type": "Feature", "properties": { "LEFT_FID": 17, "RIGHT_FID": 16 }, "geometry": { "type": "MultiLineString", "coordinates": [ [ [ 434744.768500000180211, 728882.884500000160187 ], [ 434747.332999999518506, 728863.586899998714216 ] ] ] } },
{ "type": "Feature", "properties": { "LEFT_FID": 17, "RIGHT_FID": 19 }, "geometry": { "type": "MultiLineString", "coordinates": [ [ [ 434744.768500000180211, 728882.884500000160187 ], [ 434747.332999999518506, 728863.586899998714216 ] ] ] } },
{ "type": "Feature", "properties": { "LEFT_FID": 19, "RIGHT_FID": 16 }, "geometry": { "type": "MultiLineString", "coordinates": [ [ [ 434747.332999999518506, 728863.586899998714216 ], [ 434744.575000001059379, 728883.976600001682527 ] ] ] } },
{ "type": "Feature", "properties": { "LEFT_FID": 19, "RIGHT_FID": 19 }, "geometry": { "type": "MultiLineString", "coordinates": [ [ [ 434747.332999999518506, 728863.586899998714216 ], [ 434744.575000001059379, 728883.976600001682527 ] ] ] } },
{ "type": "Feature", "properties": { "LEFT_FID": 17, "RIGHT_FID": 16 }, "geometry": { "type": "MultiLineString", "coordinates": [ [ [ 434744.575000001059379, 728883.976600001682527 ], [ 434744.768500000180211, 728882.884500000160187 ] ] ] } },
{ "type": "Feature", "properties": { "LEFT_FID": 17, "RIGHT_FID": 19 }, "geometry": { "type": "MultiLineString", "coordinates": [ [ [ 434744.575000001059379, 728883.976600001682527 ], [ 434744.768500000180211, 728882.884500000160187 ] ] ] } },
{ "type": "Feature", "properties": { "LEFT_FID": -1, "RIGHT_FID": 19 }, "geometry": { "type": "MultiLineString", "coordinates": [ [ [ 434742.597999999299645, 728895.135300000198185 ], [ 434744.575000001059379, 728883.976600001682527 ] ] ] } },
{ "type": "Feature", "properties": { "LEFT_FID": -1, "RIGHT_FID": 17 }, "geometry": { "type": "MultiLineString", "coordinates": [ [ [ 434744.575000001059379, 728883.976600001682527 ], [ 434744.299100000062026, 728886.016400000429712 ], [ 434742.597999999299645, 728895.135300000198185 ] ] ] } },
{ "type": "Feature", "properties": { "LEFT_FID": 19, "RIGHT_FID": 17 }, "geometry": { "type": "MultiLineString", "coordinates": [ [ [ 434742.597999999299645, 728895.135300000198185 ], [ 434740.815699999569915, 728902.4447 ] ] ] } },
{ "type": "Feature", "properties": { "LEFT_FID": 17, "RIGHT_FID": 16 }, "geometry": { "type": "MultiLineString", "coordinates": [ [ [ 434738.669799999857787, 728909.521600001491606 ], [ 434740.815699999569915, 728902.4447 ] ] ] } },
{ "type": "Feature", "properties": { "LEFT_FID": 17, "RIGHT_FID": 19 }, "geometry": { "type": "MultiLineString", "coordinates": [ [ [ 434738.669799999857787, 728909.521600001491606 ], [ 434740.815699999569915, 728902.4447 ] ] ] } },
{ "type": "Feature", "properties": { "LEFT_FID": 19, "RIGHT_FID": 16 }, "geometry": { "type": "MultiLineString", "coordinates": [ [ [ 434740.815699999569915, 728902.4447 ], [ 434738.229599999787752, 728910.627299999818206 ] ] ] } },
{ "type": "Feature", "properties": { "LEFT_FID": 19, "RIGHT_FID": 19 }, "geometry": { "type": "MultiLineString", "coordinates": [ [ [ 434740.815699999569915, 728902.4447 ], [ 434738.229599999787752, 728910.627299999818206 ] ] ] } },
{ "type": "Feature", "properties": { "LEFT_FID": 17, "RIGHT_FID": 16 }, "geometry": { "type": "MultiLineString", "coordinates": [ [ [ 434738.229599999787752, 728910.627299999818206 ], [ 434738.669799999857787, 728909.521600001491606 ] ] ] } },
{ "type": "Feature", "properties": { "LEFT_FID": 17, "RIGHT_FID": 19 }, "geometry": { "type": "MultiLineString", "coordinates": [ [ [ 434738.229599999787752, 728910.627299999818206 ], [ 434738.669799999857787, 728909.521600001491606 ] ] ] } },
{ "type": "Feature", "properties": { "LEFT_FID": -1, "RIGHT_FID": 17 }, "geometry": { "type": "MultiLineString", "coordinates": [ [ [ 434738.229599999787752, 728910.627299999818206 ], [ 434737.702899999392685, 728912.293800000450574 ], [ 434737.149884829297662, 728913.65866424550768 ], [ 434739.665799999434967, 728910.147400000249036 ], [ 434749.97029999922961, 728890.900199999683537 ], [ 434750.772400000190828, 728887.091600001440383 ], [ 434754.278000000340398, 728870.446599999908358 ], [ 434757.880400000489317, 728854.426000001141801 ], [ 434753.2792999985395, 728829.034300000406802 ], [ 434742.071100001339801, 728799.097399999736808 ], [ 434731.107400001201313, 728782.740100000519305 ], [ 434729.17277899972396, 728780.44683396210894 ] ] ] } },
{ "type": "Feature", "properties": { "LEFT_FID": 19, "RIGHT_FID": 17 }, "geometry": { "type": "MultiLineString", "coordinates": [ [ [ 434254.528599998913705, 728989.830199998803437 ], [ 434215.650500001152977, 728991.497000000206754 ], [ 434210.996656989213079, 728991.526997623848729 ] ] ] } },
{ "type": "Feature", "properties": { "LEFT_FID": -1, "RIGHT_FID": 19 }, "geometry": { "type": "MultiLineString", "coordinates": [ [ [ 434138.375667088257615, 728992.816444912925363 ], [ 434142.009899999422487, 728992.466899999300949 ], [ 434194.139000000490341, 728989.801499999244697 ], [ 434210.996656989213079, 728991.526997623848729 ] ] ] } },
{ "type": "Feature", "properties": { "LEFT_FID": 19, "RIGHT_FID": 17 }, "geometry": { "type": "MultiLineString", "coordinates": [ [ [ 434305.37060000008205, 728995.272500002058223 ], [ 434283.256099999591243, 728991.234000000054948 ], [ 434270.625900001090486, 728990.017100001452491 ], [ 434254.528599998913705, 728989.830199998803437 ] ] ] } },
{ "type": "Feature", "properties": { "LEFT_FID": -1, "RIGHT_FID": 17 }, "geometry": { "type": "MultiLineString", "coordinates": [ [ [ 434323.328233331907541, 728997.828500001691282 ], [ 434322.581400000024587, 728997.751800000551157 ], [ 434305.37060000008205, 728995.272500002058223 ] ] ] } },
{ "type": "Feature", "properties": { "LEFT_FID": -1, "RIGHT_FID": 19 }, "geometry": { "type": "MultiLineString", "coordinates": [ [ [ 434305.37060000008205, 728995.272500002058223 ], [ 434323.328233331907541, 728997.828500001691282 ] ] ] } },
{ "type": "Feature", "properties": { "LEFT_FID": 19, "RIGHT_FID": 17 }, "geometry": { "type": "MultiLineString", "coordinates": [ [ [ 434138.375667088257615, 728992.816444912925363 ], [ 434114.189299998863135, 728994.417699999525212 ], [ 434080.989800000214018, 728998.457499998854473 ] ] ] } },
{ "type": "Feature", "properties": { "LEFT_FID": 17, "RIGHT_FID": 8 }, "geometry": { "type": "MultiLineString", "coordinates": [ [ [ 434323.328233331907541, 728997.828500001691282 ], [ 434324.016200001351535, 728997.926399999298155 ], [ 434332.870397935155779, 728998.808220106759109 ] ] ] } },
{ "type": "Feature", "properties": { "LEFT_FID": 17, "RIGHT_FID": 17 }, "geometry": { "type": "MultiLineString", "coordinates": [ [ [ 434323.328233331907541, 728997.828500001691282 ], [ 434324.016200001351535, 728997.926399999298155 ], [ 434332.870397935155779, 728998.808220106759109 ] ] ] } },
{ "type": "Feature", "properties": { "LEFT_FID": 19, "RIGHT_FID": 8 }, "geometry": { "type": "MultiLineString", "coordinates": [ [ [ 434332.870397935155779, 728998.808220106759109 ], [ 434323.328233331907541, 728997.828500001691282 ] ] ] } },
{ "type": "Feature", "properties": { "LEFT_FID": 19, "RIGHT_FID": 17 }, "geometry": { "type": "MultiLineString", "coordinates": [ [ [ 434332.870397935155779, 728998.808220106759109 ], [ 434323.328233331907541, 728997.828500001691282 ] ] ] } },
{ "type": "Feature", "properties": { "LEFT_FID": 19, "RIGHT_FID": 17 }, "geometry": { "type": "MultiLineString", "coordinates": [ [ [ 434332.873900001053698, 728998.808599999523722 ], [ 434332.870397935155779, 728998.808220106759109 ] ] ] } },
{ "type": "Feature", "properties": { "LEFT_FID": -1, "RIGHT_FID": 17 }, "geometry": { "type": "MultiLineString", "coordinates": [ [ [ 434342.060933332773857, 728999.723599999793805 ], [ 434341.335699999064673, 728999.677400000393391 ], [ 434332.873900001053698, 728998.808599999523722 ] ] ] } },
{ "type": "Feature", "properties": { "LEFT_FID": -1, "RIGHT_FID": 19 }, "geometry": { "type": "MultiLineString", "coordinates": [ [ [ 434332.873900001053698, 728998.808599999523722 ], [ 434342.060933332773857, 728999.723599999793805 ] ] ] } },
{ "type": "Feature", "properties": { "LEFT_FID": 19, "RIGHT_FID": 8 }, "geometry": { "type": "MultiLineString", "coordinates": [ [ [ 434366.829599999880884, 729001.300799999036826 ], [ 434342.060933332773857, 728999.723599999793805 ] ] ] } },
{ "type": "Feature", "properties": { "LEFT_FID": 19, "RIGHT_FID": 17 }, "geometry": { "type": "MultiLineString", "coordinates": [ [ [ 434366.829599999880884, 729001.300799999036826 ], [ 434342.060933332773857, 728999.723599999793805 ] ] ] } },
{ "type": "Feature", "properties": { "LEFT_FID": -1, "RIGHT_FID": 17 }, "geometry": { "type": "MultiLineString", "coordinates": [ [ [ 434080.989800000214018, 728998.457499998854473 ], [ 434065.244098136608955, 729001.39526901813224 ], [ 434114.880899999814574, 728995.076199999661185 ], [ 434138.375667088257615, 728992.816444912925363 ] ] ] } },
{ "type": "Feature", "properties": { "LEFT_FID": 17, "RIGHT_FID": 8 }, "geometry": { "type": "MultiLineString", "coordinates": [ [ [ 434342.060933332773857, 728999.723599999793805 ], [ 434342.792100000777282, 728999.796400000108406 ], [ 434373.691399999661371, 729001.952199999941513 ] ] ] } },
{ "type": "Feature", "properties": { "LEFT_FID": 17, "RIGHT_FID": 17 }, "geometry": { "type": "MultiLineString", "coordinates": [ [ [ 434342.060933332773857, 728999.723599999793805 ], [ 434342.792100000777282, 728999.796400000108406 ], [ 434373.691399999661371, 729001.952199999941513 ] ] ] } },
{ "type": "Feature", "properties": { "LEFT_FID": 19, "RIGHT_FID": 8 }, "geometry": { "type": "MultiLineString", "coordinates": [ [ [ 434373.691399999661371, 729001.952199999941513 ], [ 434366.829599999880884, 729001.300799999036826 ] ] ] } },
{ "type": "Feature", "properties": { "LEFT_FID": 19, "RIGHT_FID": 17 }, "geometry": { "type": "MultiLineString", "coordinates": [ [ [ 434373.691399999661371, 729001.952199999941513 ], [ 434366.829599999880884, 729001.300799999036826 ] ] ] } },
{ "type": "Feature", "properties": { "LEFT_FID": -1, "RIGHT_FID": 17 }, "geometry": { "type": "MultiLineString", "coordinates": [ [ [ 434375.281699999643024, 729002.103200000710785 ], [ 434373.691399999661371, 729001.952199999941513 ] ] ] } },
{ "type": "Feature", "properties": { "LEFT_FID": -1, "RIGHT_FID": 19 }, "geometry": { "type": "MultiLineString", "coordinates": [ [ [ 434373.691399999661371, 729001.952199999941513 ], [ 434374.750600000144914, 729002.026100000133738 ], [ 434375.281699999643024, 729002.103200000710785 ] ] ] } },
{ "type": "Feature", "properties": { "LEFT_FID": 19, "RIGHT_FID": 8 }, "geometry": { "type": "MultiLineString", "coordinates": [ [ [ 434376.323799999780022, 729002.202099999296479 ], [ 434375.281699999643024, 729002.103200000710785 ] ] ] } },
{ "type": "Feature", "properties": { "LEFT_FID": 19, "RIGHT_FID": 17 }, "geometry": { "type": "MultiLineString", "coordinates": [ [ [ 434376.323799999780022, 729002.202099999296479 ], [ 434375.281699999643024, 729002.103200000710785 ] ] ] } },
{ "type": "Feature", "properties": { "LEFT_FID": 17, "RIGHT_FID": 8 }, "geometry": { "type": "MultiLineString", "coordinates": [ [ [ 434375.281699999643024, 729002.103200000710785 ], [ 434423.012900000438094, 729009.02970000077039 ] ] ] } },
{ "type": "Feature", "properties": { "LEFT_FID": 17, "RIGHT_FID": 17 }, "geometry": { "type": "MultiLineString", "coordinates": [ [ [ 434375.281699999643024, 729002.103200000710785 ], [ 434423.012900000438094, 729009.02970000077039 ] ] ] } },
{ "type": "Feature", "properties": { "LEFT_FID": 19, "RIGHT_FID": 8 }, "geometry": { "type": "MultiLineString", "coordinates": [ [ [ 434423.012900000438094, 729009.02970000077039 ], [ 434376.323799999780022, 729002.202099999296479 ] ] ] } },
{ "type": "Feature", "properties": { "LEFT_FID": 19, "RIGHT_FID": 17 }, "geometry": { "type": "MultiLineString", "coordinates": [ [ [ 434423.012900000438094, 729009.02970000077039 ], [ 434376.323799999780022, 729002.202099999296479 ] ] ] } },
{ "type": "Feature", "properties": { "LEFT_FID": 19, "RIGHT_FID": 17 }, "geometry": { "type": "MultiLineString", "coordinates": [ [ [ 434451.544800001312979, 729011.126600000075996 ], [ 434434.115699999209028, 729010.098099998896942 ], [ 434423.012900000438094, 729009.02970000077039 ] ] ] } },
{ "type": "Feature", "properties": { "LEFT_FID": 19, "RIGHT_FID": 8 }, "geometry": { "type": "MultiLineString", "coordinates": [ [ [ 434462.252399998542387, 729012.277599999913946 ], [ 434451.544800001312979, 729011.126600000075996 ] ] ] } },
{ "type": "Feature", "properties": { "LEFT_FID": 19, "RIGHT_FID": 17 }, "geometry": { "type": "MultiLineString", "coordinates": [ [ [ 434462.252399998542387, 729012.277599999913946 ], [ 434451.544800001312979, 729011.126600000075996 ] ] ] } },
{ "type": "Feature", "properties": { "LEFT_FID": 17, "RIGHT_FID": 8 }, "geometry": { "type": "MultiLineString", "coordinates": [ [ [ 434451.544800001312979, 729011.126600000075996 ], [ 434463.139799999131355, 729012.415200001443736 ] ] ] } },
{ "type": "Feature", "properties": { "LEFT_FID": 17, "RIGHT_FID": 17 }, "geometry": { "type": "MultiLineString", "coordinates": [ [ [ 434451.544800001312979, 729011.126600000075996 ], [ 434463.139799999131355, 729012.415200001443736 ] ] ] } },
{ "type": "Feature", "properties": { "LEFT_FID": 19, "RIGHT_FID": 8 }, "geometry": { "type": "MultiLineString", "coordinates": [ [ [ 434463.139799999131355, 729012.415200001443736 ], [ 434462.252399998542387, 729012.277599999913946 ] ] ] } },
{ "type": "Feature", "properties": { "LEFT_FID": 19, "RIGHT_FID": 17 }, "geometry": { "type": "MultiLineString", "coordinates": [ [ [ 434463.139799999131355, 729012.415200001443736 ], [ 434462.252399998542387, 729012.277599999913946 ] ] ] } },
{ "type": "Feature", "properties": { "LEFT_FID": -1, "RIGHT_FID": 17 }, "geometry": { "type": "MultiLineString", "coordinates": [ [ [ 434509.174933333415538, 729019.415666666580364 ], [ 434505.856399999815039, 729019.039000001852401 ], [ 434463.139799999131355, 729012.415200001443736 ] ] ] } },
{ "type": "Feature", "properties": { "LEFT_FID": -1, "RIGHT_FID": 19 }, "geometry": { "type": "MultiLineString", "coordinates": [ [ [ 434463.139799999131355, 729012.415200001443736 ], [ 434464.3671000006143, 729012.551599999889731 ], [ 434509.174933333415538, 729019.415666666580364 ] ] ] } },
{ "type": "Feature", "properties": { "LEFT_FID": 19, "RIGHT_FID": 8 }, "geometry": { "type": "MultiLineString", "coordinates": [ [ [ 434517.012245005054865, 729020.305167589220218 ], [ 434509.174933333415538, 729019.415666666580364 ] ] ] } },
{ "type": "Feature", "properties": { "LEFT_FID": 19, "RIGHT_FID": 17 }, "geometry": { "type": "MultiLineString", "coordinates": [ [ [ 434517.012245005054865, 729020.305167589220218 ], [ 434509.174933333415538, 729019.415666666580364 ] ] ] } },
{ "type": "Feature", "properties": { "LEFT_FID": -1, "RIGHT_FID": 19 }, "geometry": { "type": "MultiLineString", "coordinates": [ [ [ 434517.012245005054865, 729020.305167589220218 ], [ 434558.276199999498203, 729018.054999998770654 ], [ 434612.281700000341516, 729007.617699998314492 ], [ 434637.061800000548828, 728997.853899999754503 ], [ 434655.610299998836126, 728992.887800001655705 ], [ 434670.369900000456255, 728984.498700000811368 ], [ 434685.717400001361966, 728971.788800000329502 ], [ 434700.388399999646936, 728953.046699999831617 ], [ 434724.648400000296533, 728931.10600000130944 ], [ 434736.863774943747558, 728914.057965233339928 ], [ 434738.229599999787752, 728910.627299999818206 ] ] ] } },
{ "type": "Feature", "properties": { "LEFT_FID": 17, "RIGHT_FID": 8 }, "geometry": { "type": "MultiLineString", "coordinates": [ [ [ 434509.174933333415538, 729019.415666666580364 ], [ 434512.110300000174902, 729019.865300000063144 ], [ 434516.747999229526613, 729020.319577193353325 ] ] ] } },
{ "type": "Feature", "properties": { "LEFT_FID": 17, "RIGHT_FID": 17 }, "geometry": { "type": "MultiLineString", "coordinates": [ [ [ 434509.174933333415538, 729019.415666666580364 ], [ 434512.110300000174902, 729019.865300000063144 ], [ 434516.747999229526613, 729020.319577193353325 ] ] ] } },
{ "type": "Feature", "properties": { "LEFT_FID": -1, "RIGHT_FID": 8 }, "geometry": { "type": "MultiLineString", "coordinates": [ [ [ 434516.747999229526613, 729020.319577193353325 ], [ 434517.012245005054865, 729020.305167589220218 ] ] ] } },
{ "type": "Feature", "properties": { "LEFT_FID": -1, "RIGHT_FID": 17 }, "geometry": { "type": "MultiLineString", "coordinates": [ [ [ 434516.747999229526613, 729020.319577193353325 ], [ 434517.012245005054865, 729020.305167589220218 ] ] ] } },
{ "type": "Feature", "properties": { "LEFT_FID": -1, "RIGHT_FID": 17 }, "geometry": { "type": "MultiLineString", "coordinates": [ [ [ 434210.996656989213079, 728991.526997623848729 ], [ 434239.915100000682287, 728994.487000000895932 ], [ 434253.634700000693556, 728996.394899998907931 ], [ 434298.637199999648146, 729005.850099999574013 ], [ 434344.244399999734014, 729011.545700000249781 ], [ 434384.251199998892844, 729016.483799998997711 ], [ 434432.205199999851175, 729017.549999999813735 ], [ 434477.259600001212675, 729020.243399998988025 ], [ 434507.34010000055423, 729020.832600000081584 ], [ 434516.747999229526613, 729020.319577193353325 ] ] ] } },
{ "type": "Feature", "properties": { "LEFT_FID": 22, "RIGHT_FID": 19 }, "geometry": { "type": "MultiLineString", "coordinates": [ [ [ 425400.968000000808388, 720026.510699999751523 ], [ 425372.330199998745229, 720169.711600001086481 ], [ 425431.246800000080839, 720641.035599999828264 ], [ 425352.688600000168663, 720955.261699999799021 ], [ 425215.222199999901932, 721622.975799999199808 ], [ 425274.130499999097083, 721858.637800000840798 ], [ 425391.963600000657607, 722310.325799998710863 ], [ 425627.629799999413081, 722644.177900000591762 ], [ 426020.404100000218023, 723135.148000000277534 ], [ 426177.5122000000556, 723488.645999998901971 ], [ 426589.919799999566749, 724274.186100000748411 ], [ 426864.860999998752959, 724784.792199999210425 ], [ 427061.252300000225659, 725040.090199999627657 ], [ 427434.385000000242144, 725491.778300000587478 ], [ 427571.851499999233056, 725747.086299999966286 ], [ 427571.851499999233056, 725904.194299998809583 ], [ 427296.910300000046846, 726454.072399999131449 ], [ 427139.802200000209268, 726552.272399999550544 ], [ 426845.227700000046752, 726709.380400000605732 ], [ 426805.944500000681728, 727023.596499999286607 ], [ 426747.027899999404326, 727318.176500000525266 ], [ 426668.477999999420717, 727671.674600000143982 ], [ 426688.119600000209175, 727848.418599999975413 ], [ 426747.027899999404326, 728260.834600000292994 ], [ 426805.944500000681728, 728751.794700001017191 ], [ 426950.254999998956919, 729196.734099999186583 ] ] ] } },
{ "type": "Feature", "properties": { "LEFT_FID": -1, "RIGHT_FID": 19 }, "geometry": { "type": "MultiLineString", "coordinates": [ [ [ 433782.278659478761256, 729243.478478157543577 ], [ 433790.443699999828823, 729226.238700000103563 ], [ 433811.894499999878462, 729186.537899999879301 ], [ 433841.18030000035651, 729142.544299999251962 ], [ 433876.418899999698624, 729092.181800000253133 ], [ 433925.5991000001668, 729050.460899998317473 ], [ 433964.821500000194646, 729023.806700001237914 ], [ 434016.014999999373686, 729011.882400000700727 ], [ 434060.444400001026224, 729002.006299999775365 ], [ 434064.652889872842934, 729001.470533451763913 ], [ 434068.093100000289269, 729000.727899999241345 ], [ 434080.989800000214018, 728998.457499998854473 ] ] ] } },
{ "type": "Feature", "properties": { "LEFT_FID": -1, "RIGHT_FID": 16 }, "geometry": { "type": "MultiLineString", "coordinates": [ [ [ 433782.008169998473022, 729244.049593342235312 ], [ 433782.278659478761256, 729243.478478157543577 ] ] ] } },
{ "type": "Feature", "properties": { "LEFT_FID": -1, "RIGHT_FID": 19 }, "geometry": { "type": "MultiLineString", "coordinates": [ [ [ 433782.008169998473022, 729244.049593342235312 ], [ 433782.278659478761256, 729243.478478157543577 ] ] ] } },
{ "type": "Feature", "properties": { "LEFT_FID": 19, "RIGHT_FID": 16 }, "geometry": { "type": "MultiLineString", "coordinates": [ [ [ 433782.278659478761256, 729243.478478157543577 ], [ 433779.823000000207685, 729247.633800000185147 ] ] ] } },
{ "type": "Feature", "properties": { "LEFT_FID": 19, "RIGHT_FID": 19 }, "geometry": { "type": "MultiLineString", "coordinates": [ [ [ 433782.278659478761256, 729243.478478157543577 ], [ 433779.823000000207685, 729247.633800000185147 ] ] ] } },
{ "type": "Feature", "properties": { "LEFT_FID": 17, "RIGHT_FID": 16 }, "geometry": { "type": "MultiLineString", "coordinates": [ [ [ 433779.823000000207685, 729247.633800000185147 ], [ 433782.008169998473022, 729244.049593342235312 ] ] ] } },
{ "type": "Feature", "properties": { "LEFT_FID": 17, "RIGHT_FID": 19 }, "geometry": { "type": "MultiLineString", "coordinates": [ [ [ 433779.823000000207685, 729247.633800000185147 ], [ 433782.008169998473022, 729244.049593342235312 ] ] ] } },
{ "type": "Feature", "properties": { "LEFT_FID": -1, "RIGHT_FID": 19 }, "geometry": { "type": "MultiLineString", "coordinates": [ [ [ 433776.055499999783933, 729253.813400000915863 ], [ 433779.823000000207685, 729247.633800000185147 ] ] ] } },
{ "type": "Feature", "properties": { "LEFT_FID": -1, "RIGHT_FID": 17 }, "geometry": { "type": "MultiLineString", "coordinates": [ [ [ 433779.823000000207685, 729247.633800000185147 ], [ 433777.722299998917151, 729251.188400000683032 ], [ 433776.055499999783933, 729253.813400000915863 ] ] ] } },
{ "type": "Feature", "properties": { "LEFT_FID": 19, "RIGHT_FID": 11 }, "geometry": { "type": "MultiLineString", "coordinates": [ [ [ 433773.921360000909772, 729257.174300000420772 ], [ 433247.424899999052286, 729085.656700000865385 ], [ 432422.601299999165349, 728849.994699999224395 ], [ 432167.293499999621417, 728751.794700001017191 ], [ 431715.610899999621324, 728751.794700001017191 ], [ 431126.445299999613781, 728732.158700000145473 ], [ 430694.396000000531785, 728987.45670000044629 ], [ 430046.322200000111479, 728987.45670000044629 ], [ 429948.130600000557024, 728948.184699998586439 ], [ 429358.97330000041984, 728771.430699999793433 ], [ 428985.840600000403356, 728751.794700001017191 ], [ 428043.183899998955894, 728732.158700000145473 ], [ 427905.709200000972487, 728751.794700001017191 ], [ 427493.301599999307655, 728967.820699999458157 ], [ 427080.885699999867938, 729105.292800000635907 ], [ 426950.254999998956919, 729196.734099999186583 ] ] ] } },
{ "type": "Feature", "properties": { "LEFT_FID": 19, "RIGHT_FID": 16 }, "geometry": { "type": "MultiLineString", "coordinates": [ [ [ 433776.055499999783933, 729253.813400000915863 ], [ 433773.921360000909772, 729257.174300000420772 ] ] ] } },
{ "type": "Feature", "properties": { "LEFT_FID": 19, "RIGHT_FID": 19 }, "geometry": { "type": "MultiLineString", "coordinates": [ [ [ 433776.055499999783933, 729253.813400000915863 ], [ 433773.921360000909772, 729257.174300000420772 ] ] ] } },
{ "type": "Feature", "properties": { "LEFT_FID": 16, "RIGHT_FID": 8 }, "geometry": { "type": "MultiLineString", "coordinates": [ [ [ 433773.9923000006238, 729257.197400000179186 ], [ 433773.921360000909772, 729257.174300000420772 ] ] ] } },
{ "type": "Feature", "properties": { "LEFT_FID": 16, "RIGHT_FID": 17 }, "geometry": { "type": "MultiLineString", "coordinates": [ [ [ 433773.9923000006238, 729257.197400000179186 ], [ 433773.921360000909772, 729257.174300000420772 ] ] ] } },
{ "type": "Feature", "properties": { "LEFT_FID": 19, "RIGHT_FID": 8 }, "geometry": { "type": "MultiLineString", "coordinates": [ [ [ 433773.9923000006238, 729257.197400000179186 ], [ 433773.921360000909772, 729257.174300000420772 ] ] ] } },
{ "type": "Feature", "properties": { "LEFT_FID": 19, "RIGHT_FID": 17 }, "geometry": { "type": "MultiLineString", "coordinates": [ [ [ 433773.9923000006238, 729257.197400000179186 ], [ 433773.921360000909772, 729257.174300000420772 ] ] ] } },
{ "type": "Feature", "properties": { "LEFT_FID": 17, "RIGHT_FID": 16 }, "geometry": { "type": "MultiLineString", "coordinates": [ [ [ 433773.9923000006238, 729257.197400000179186 ], [ 433776.055499999783933, 729253.813400000915863 ] ] ] } },
{ "type": "Feature", "properties": { "LEFT_FID": 17, "RIGHT_FID": 19 }, "geometry": { "type": "MultiLineString", "coordinates": [ [ [ 433773.9923000006238, 729257.197400000179186 ], [ 433776.055499999783933, 729253.813400000915863 ] ] ] } },
{ "type": "Feature", "properties": { "LEFT_FID": 11, "RIGHT_FID": 8 }, "geometry": { "type": "MultiLineString", "coordinates": [ [ [ 433773.921360000909772, 729257.174300000420772 ], [ 433771.735799999907613, 729260.616133334115148 ] ] ] } },
{ "type": "Feature", "properties": { "LEFT_FID": 11, "RIGHT_FID": 17 }, "geometry": { "type": "MultiLineString", "coordinates": [ [ [ 433773.921360000909772, 729257.174300000420772 ], [ 433771.735799999907613, 729260.616133334115148 ] ] ] } },
{ "type": "Feature", "properties": { "LEFT_FID": 17, "RIGHT_FID": 8 }, "geometry": { "type": "MultiLineString", "coordinates": [ [ [ 433771.735799999907613, 729260.616133334115148 ], [ 433773.9923000006238, 729257.197400000179186 ] ] ] } },
{ "type": "Feature", "properties": { "LEFT_FID": 17, "RIGHT_FID": 17 }, "geometry": { "type": "MultiLineString", "coordinates": [ [ [ 433771.735799999907613, 729260.616133334115148 ], [ 433773.9923000006238, 729257.197400000179186 ] ] ] } },
{ "type": "Feature", "properties": { "LEFT_FID": -1, "RIGHT_FID": 11 }, "geometry": { "type": "MultiLineString", "coordinates": [ [ [ 433745.12970000092173, 729300.926000000908971 ], [ 433771.735799999907613, 729260.616133334115148 ] ] ] } },
{ "type": "Feature", "properties": { "LEFT_FID": -1, "RIGHT_FID": 17 }, "geometry": { "type": "MultiLineString", "coordinates": [ [ [ 433771.735799999907613, 729260.616133334115148 ], [ 433766.586300000548363, 729268.725600001402199 ], [ 433745.12970000092173, 729300.926000000908971 ] ] ] } },
{ "type": "Feature", "properties": { "LEFT_FID": 11, "RIGHT_FID": 3 }, "geometry": { "type": "MultiLineString", "coordinates": [ [ [ 433745.12970000092173, 729300.926000000908971 ], [ 433740.489900000393391, 729307.889100000844337 ], [ 433740.0459999992745, 729308.628200000617653 ] ] ] } },
{ "type": "Feature", "properties": { "LEFT_FID": 11, "RIGHT_FID": 11 }, "geometry": { "type": "MultiLineString", "coordinates": [ [ [ 433745.12970000092173, 729300.926000000908971 ], [ 433740.489900000393391, 729307.889100000844337 ], [ 433740.0459999992745, 729308.628200000617653 ] ] ] } },
{ "type": "Feature", "properties": { "LEFT_FID": 17, "RIGHT_FID": 3 }, "geometry": { "type": "MultiLineString", "coordinates": [ [ [ 433740.0459999992745, 729308.628200000617653 ], [ 433745.12970000092173, 729300.926000000908971 ] ] ] } },
{ "type": "Feature", "properties": { "LEFT_FID": 17, "RIGHT_FID": 11 }, "geometry": { "type": "MultiLineString", "coordinates": [ [ [ 433740.0459999992745, 729308.628200000617653 ], [ 433745.12970000092173, 729300.926000000908971 ] ] ] } },
{ "type": "Feature", "properties": { "LEFT_FID": -1, "RIGHT_FID": 11 }, "geometry": { "type": "MultiLineString", "coordinates": [ [ [ 433738.729399998614099, 729310.820200000889599 ], [ 433739.342299998621456, 729309.694300000439398 ], [ 433740.0459999992745, 729308.628200000617653 ] ] ] } },
{ "type": "Feature", "properties": { "LEFT_FID": -1, "RIGHT_FID": 17 }, "geometry": { "type": "MultiLineString", "coordinates": [ [ [ 433740.0459999992745, 729308.628200000617653 ], [ 433738.729399998614099, 729310.820200000889599 ] ] ] } },
{ "type": "Feature", "properties": { "LEFT_FID": 11, "RIGHT_FID": 3 }, "geometry": { "type": "MultiLineString", "coordinates": [ [ [ 433738.729399998614099, 729310.820200000889599 ], [ 433736.813000000896864, 729314.010700001032092 ], [ 433735.101833333843388, 729317.483566666138358 ] ] ] } },
{ "type": "Feature", "properties": { "LEFT_FID": 11, "RIGHT_FID": 11 }, "geometry": { "type": "MultiLineString", "coordinates": [ [ [ 433738.729399998614099, 729310.820200000889599 ], [ 433736.813000000896864, 729314.010700001032092 ], [ 433735.101833333843388, 729317.483566666138358 ] ] ] } },
{ "type": "Feature", "properties": { "LEFT_FID": 17, "RIGHT_FID": 3 }, "geometry": { "type": "MultiLineString", "coordinates": [ [ [ 433735.101833333843388, 729317.483566666138358 ], [ 433738.729399998614099, 729310.820200000889599 ] ] ] } },
{ "type": "Feature", "properties": { "LEFT_FID": 17, "RIGHT_FID": 11 }, "geometry": { "type": "MultiLineString", "coordinates": [ [ [ 433735.101833333843388, 729317.483566666138358 ], [ 433738.729399998614099, 729310.820200000889599 ] ] ] } },
{ "type": "Feature", "properties": { "LEFT_FID": -1, "RIGHT_FID": 11 }, "geometry": { "type": "MultiLineString", "coordinates": [ [ [ 433734.27803333371412, 729319.155633333022706 ], [ 433734.540199998882599, 729318.515400000265799 ], [ 433735.101833333843388, 729317.483566666138358 ] ] ] } },
{ "type": "Feature", "properties": { "LEFT_FID": -1, "RIGHT_FID": 17 }, "geometry": { "type": "MultiLineString", "coordinates": [ [ [ 433735.101833333843388, 729317.483566666138358 ], [ 433734.27803333371412, 729319.155633333022706 ] ] ] } },
{ "type": "Feature", "properties": { "LEFT_FID": 11, "RIGHT_FID": 3 }, "geometry": { "type": "MultiLineString", "coordinates": [ [ [ 433734.27803333371412, 729319.155633333022706 ], [ 433733.834900000190828, 729320.055099999532104 ], [ 433732.183966666925699, 729324.269833334139548 ] ] ] } },
{ "type": "Feature", "properties": { "LEFT_FID": 11, "RIGHT_FID": 11 }, "geometry": { "type": "MultiLineString", "coordinates": [ [ [ 433734.27803333371412, 729319.155633333022706 ], [ 433733.834900000190828, 729320.055099999532104 ], [ 433732.183966666925699, 729324.269833334139548 ] ] ] } },
{ "type": "Feature", "properties": { "LEFT_FID": 17, "RIGHT_FID": 3 }, "geometry": { "type": "MultiLineString", "coordinates": [ [ [ 433732.183966666925699, 729324.269833334139548 ], [ 433734.27803333371412, 729319.155633333022706 ] ] ] } },
{ "type": "Feature", "properties": { "LEFT_FID": 17, "RIGHT_FID": 11 }, "geometry": { "type": "MultiLineString", "coordinates": [ [ [ 433732.183966666925699, 729324.269833334139548 ], [ 433734.27803333371412, 729319.155633333022706 ] ] ] } },
{ "type": "Feature", "properties": { "LEFT_FID": -1, "RIGHT_FID": 11 }, "geometry": { "type": "MultiLineString", "coordinates": [ [ [ 433730.426600000530016, 729328.75640000065323 ], [ 433730.65520000027027, 729328.003599998657592 ], [ 433732.183966666925699, 729324.269833334139548 ] ] ] } },
{ "type": "Feature", "properties": { "LEFT_FID": -1, "RIGHT_FID": 17 }, "geometry": { "type": "MultiLineString", "coordinates": [ [ [ 433732.183966666925699, 729324.269833334139548 ], [ 433730.426600000530016, 729328.75640000065323 ] ] ] } },
{ "type": "Feature", "properties": { "LEFT_FID": 11, "RIGHT_FID": 3 }, "geometry": { "type": "MultiLineString", "coordinates": [ [ [ 433730.426600000530016, 729328.75640000065323 ], [ 433730.081400000490248, 729329.637700000894256 ], [ 433726.989399999438319, 729339.686400000704452 ], [ 433726.537900000868831, 729341.562100000213832 ] ] ] } },
{ "type": "Feature", "properties": { "LEFT_FID": 11, "RIGHT_FID": 11 }, "geometry": { "type": "MultiLineString", "coordinates": [ [ [ 433730.426600000530016, 729328.75640000065323 ], [ 433730.081400000490248, 729329.637700000894256 ], [ 433726.989399999438319, 729339.686400000704452 ], [ 433726.537900000868831, 729341.562100000213832 ] ] ] } },
{ "type": "Feature", "properties": { "LEFT_FID": 17, "RIGHT_FID": 3 }, "geometry": { "type": "MultiLineString", "coordinates": [ [ [ 433726.537900000868831, 729341.562100000213832 ], [ 433730.426600000530016, 729328.75640000065323 ] ] ] } },
{ "type": "Feature", "properties": { "LEFT_FID": 17, "RIGHT_FID": 11 }, "geometry": { "type": "MultiLineString", "coordinates": [ [ [ 433726.537900000868831, 729341.562100000213832 ], [ 433730.426600000530016, 729328.75640000065323 ] ] ] } },
{ "type": "Feature", "properties": { "LEFT_FID": -1, "RIGHT_FID": 17 }, "geometry": { "type": "MultiLineString", "coordinates": [ [ [ 433726.537900000868831, 729341.562100000213832 ], [ 433725.046800965967122, 729347.756116955541074 ], [ 433725.494999999471474, 729346.71580000105314 ], [ 433743.811899999447633, 729313.720700000412762 ], [ 433762.166200000618119, 729285.944200000725687 ], [ 433782.008169998473022, 729244.049593342235312 ] ] ] } },
{ "type": "Feature", "properties": { "LEFT_FID": 22, "RIGHT_FID": 11 }, "geometry": { "type": "MultiLineString", "coordinates": [ [ [ 426950.254999998956919, 729196.734099999186583 ], [ 426884.502599999541417, 729242.764799998491071 ], [ 426452.45339999924181, 729380.236800000886433 ], [ 425882.929400000022724, 729517.698799999780022 ], [ 425647.271400000201538, 729537.34479999972973 ], [ 424645.749032069346868, 729673.284941514371894 ] ] ] } },
{ "type": "Feature", "properties": { "LEFT_FID": -1, "RIGHT_FID": 11 }, "geometry": { "type": "MultiLineString", "coordinates": [ [ [ 433652.307599999767262, 729720.921599999070168 ], [ 433651.214614812401123, 729714.491039018379524 ], [ 433649.26929999893764, 729707.081199999316595 ], [ 433644.716199998569209, 729680.875899999402463 ], [ 433642.389299999049399, 729660.478399999206886 ], [ 433641.264999998908024, 729623.80770000081975 ], [ 433644.132099999114871, 729595.24560000107158 ], [ 433648.935600001539569, 729574.483400001190603 ], [ 433660.086099998909049, 729534.36170000070706 ], [ 433672.535699999367353, 729498.7852999989409 ], [ 433687.415200000687037, 729452.6875 ], [ 433706.463199999125209, 729400.22069999971427 ], [ 433715.256600000371691, 729370.480200000107288 ], [ 433724.861855781171471, 729348.185394125874154 ], [ 433726.067899999266956, 729343.109699999797158 ], [ 433726.537900000868831, 729341.562100000213832 ] ] ] } },
{ "type": "Feature", "properties": { "LEFT_FID": -1, "RIGHT_FID": 17 }, "geometry": { "type": "MultiLineString", "coordinates": [ [ [ 433651.33456697157817, 729714.947945113177411 ], [ 433652.307599999767262, 729720.921599999070168 ] ] ] } },
{ "type": "Feature", "properties": { "LEFT_FID": -1, "RIGHT_FID": 11 }, "geometry": { "type": "MultiLineString", "coordinates": [ [ [ 433654.689500001259148, 729731.126766667119227 ], [ 433654.227300001250114, 729729.460400001145899 ], [ 433652.307599999767262, 729720.921599999070168 ] ] ] } },
{ "type": "Feature", "properties": { "LEFT_FID": -1, "RIGHT_FID": 17 }, "geometry": { "type": "MultiLineString", "coordinates": [ [ [ 433652.307599999767262, 729720.921599999070168 ], [ 433654.689500001259148, 729731.126766667119227 ] ] ] } },
{ "type": "Feature", "properties": { "LEFT_FID": 11, "RIGHT_FID": 3 }, "geometry": { "type": "MultiLineString", "coordinates": [ [ [ 433654.689500001259148, 729731.126766667119227 ], [ 433654.965200000326149, 729732.307999999495223 ], [ 433655.791900000243913, 729735.101199999568053 ] ] ] } },
{ "type": "Feature", "properties": { "LEFT_FID": 11, "RIGHT_FID": 11 }, "geometry": { "type": "MultiLineString", "coordinates": [ [ [ 433654.689500001259148, 729731.126766667119227 ], [ 433654.965200000326149, 729732.307999999495223 ], [ 433655.791900000243913, 729735.101199999568053 ] ] ] } },
{ "type": "Feature", "properties": { "LEFT_FID": 17, "RIGHT_FID": 3 }, "geometry": { "type": "MultiLineString", "coordinates": [ [ [ 433655.791900000243913, 729735.101199999568053 ], [ 433654.689500001259148, 729731.126766667119227 ] ] ] } },
{ "type": "Feature", "properties": { "LEFT_FID": 17, "RIGHT_FID": 11 }, "geometry": { "type": "MultiLineString", "coordinates": [ [ [ 433655.791900000243913, 729735.101199999568053 ], [ 433654.689500001259148, 729731.126766667119227 ] ] ] } },
{ "type": "Feature", "properties": { "LEFT_FID": -1, "RIGHT_FID": 22 }, "geometry": { "type": "MultiLineString", "coordinates": [ [ [ 416336.533408178074751, 720161.495291618281044 ], [ 416632.945199999143369, 720374.956000001169741 ], [ 416744.612000000430271, 720644.817299998598173 ], [ 416837.667800000635907, 721231.068399998359382 ], [ 417042.390399999916553, 721616.31880000140518 ], [ 417181.973899999342393, 721839.652700000326149 ], [ 417507.668700000678655, 722798.126300000585616 ], [ 417652.215200000733603, 723210.156199998455122 ], [ 417580.013299998885486, 723365.667999999015592 ], [ 418224.079200000211131, 723490.903300000820309 ], [ 418466.50740000011865, 723770.628300000913441 ], [ 418839.474099999875762, 724218.188300000154413 ], [ 419734.594100000569597, 725187.901400000671856 ], [ 420331.340900000883266, 725635.461399999912828 ], [ 420984.032600000675302, 725896.538199999602512 ], [ 421823.207600000896491, 726083.021400001365691 ], [ 422494.547599999757949, 726362.746400001458824 ], [ 423408.315800000797026, 726866.251399998902343 ], [ 423586.076900561689399, 727547.092299852985889 ], [ 423786.292100000020582, 728313.93439999956172 ], [ 424183.167899999418296, 729445.030500000924803 ], [ 424183.167899999418296, 729736.072699998854659 ] ] ] } },
{ "type": "Feature", "properties": { "LEFT_FID": 22, "RIGHT_FID": 11 }, "geometry": { "type": "MultiLineString", "coordinates": [ [ [ 424645.749032069346868, 729673.284941514371894 ], [ 424183.167899999418296, 729736.072699998854659 ] ] ] } },
{ "type": "Feature", "properties": { "LEFT_FID": -1, "RIGHT_FID": 11 }, "geometry": { "type": "MultiLineString", "coordinates": [ [ [ 433657.063799998664763, 729739.398699999786913 ], [ 433656.597700000042096, 729738.006400001118891 ], [ 433655.791900000243913, 729735.101199999568053 ] ] ] } },
{ "type": "Feature", "properties": { "LEFT_FID": -1, "RIGHT_FID": 17 }, "geometry": { "type": "MultiLineString", "coordinates": [ [ [ 433655.791900000243913, 729735.101199999568053 ], [ 433657.063799998664763, 729739.398699999786913 ] ] ] } },
{ "type": "Feature", "properties": { "LEFT_FID": 11, "RIGHT_FID": 3 }, "geometry": { "type": "MultiLineString", "coordinates": [ [ [ 433657.063799998664763, 729739.398699999786913 ], [ 433657.495500001299661, 729740.857399999746121 ], [ 433658.489999999350403, 729743.659000000683591 ] ] ] } },
{ "type": "Feature", "properties": { "LEFT_FID": 11, "RIGHT_FID": 11 }, "geometry": { "type": "MultiLineString", "coordinates": [ [ [ 433657.063799998664763, 729739.398699999786913 ], [ 433657.495500001299661, 729740.857399999746121 ], [ 433658.489999999350403, 729743.659000000683591 ] ] ] } },
{ "type": "Feature", "properties": { "LEFT_FID": 17, "RIGHT_FID": 3 }, "geometry": { "type": "MultiLineString", "coordinates": [ [ [ 433658.489999999350403, 729743.659000000683591 ], [ 433657.063799998664763, 729739.398699999786913 ] ] ] } },
{ "type": "Feature", "properties": { "LEFT_FID": 17, "RIGHT_FID": 11 }, "geometry": { "type": "MultiLineString", "coordinates": [ [ [ 433658.489999999350403, 729743.659000000683591 ], [ 433657.063799998664763, 729739.398699999786913 ] ] ] } },
{ "type": "Feature", "properties": { "LEFT_FID": -1, "RIGHT_FID": 11 }, "geometry": { "type": "MultiLineString", "coordinates": [ [ [ 433659.91150000016205, 729747.663699999335222 ], [ 433659.462399998679757, 729746.563899999368005 ], [ 433658.489999999350403, 729743.659000000683591 ] ] ] } },
{ "type": "Feature", "properties": { "LEFT_FID": -1, "RIGHT_FID": 17 }, "geometry": { "type": "MultiLineString", "coordinates": [ [ [ 433658.489999999350403, 729743.659000000683591 ], [ 433659.91150000016205, 729747.663699999335222 ] ] ] } },
{ "type": "Feature", "properties": { "LEFT_FID": 11, "RIGHT_FID": 3 }, "geometry": { "type": "MultiLineString", "coordinates": [ [ [ 433659.91150000016205, 729747.663699999335222 ], [ 433660.534799998684321, 729749.419700001017191 ], [ 433661.262033334409352, 729750.971166667877696 ] ] ] } },
{ "type": "Feature", "properties": { "LEFT_FID": 11, "RIGHT_FID": 11 }, "geometry": { "type": "MultiLineString", "coordinates": [ [ [ 433659.91150000016205, 729747.663699999335222 ], [ 433660.534799998684321, 729749.419700001017191 ], [ 433661.262033334409352, 729750.971166667877696 ] ] ] } },
{ "type": "Feature", "properties": { "LEFT_FID": 17, "RIGHT_FID": 3 }, "geometry": { "type": "MultiLineString", "coordinates": [ [ [ 433661.262033334409352, 729750.971166667877696 ], [ 433659.91150000016205, 729747.663699999335222 ] ] ] } },
{ "type": "Feature", "properties": { "LEFT_FID": 17, "RIGHT_FID": 11 }, "geometry": { "type": "MultiLineString", "coordinates": [ [ [ 433661.262033334409352, 729750.971166667877696 ], [ 433659.91150000016205, 729747.663699999335222 ] ] ] } },
{ "type": "Feature", "properties": { "LEFT_FID": -1, "RIGHT_FID": 11 }, "geometry": { "type": "MultiLineString", "coordinates": [ [ [ 433664.574266665673349, 729758.037133332341909 ], [ 433662.707200000528246, 729754.510199998854659 ], [ 433661.262033334409352, 729750.971166667877696 ] ] ] } },
{ "type": "Feature", "properties": { "LEFT_FID": -1, "RIGHT_FID": 17 }, "geometry": { "type": "MultiLineString", "coordinates": [ [ [ 433661.262033334409352, 729750.971166667877696 ], [ 433664.574266665673349, 729758.037133332341909 ] ] ] } },
{ "type": "Feature", "properties": { "LEFT_FID": 11, "RIGHT_FID": 3 }, "geometry": { "type": "MultiLineString", "coordinates": [ [ [ 433664.574266665673349, 729758.037133332341909 ], [ 433665.120000001101289, 729759.201300000306219 ], [ 433665.580600000801496, 729759.937999998568557 ] ] ] } },
{ "type": "Feature", "properties": { "LEFT_FID": 11, "RIGHT_FID": 11 }, "geometry": { "type": "MultiLineString", "coordinates": [ [ [ 433664.574266665673349, 729758.037133332341909 ], [ 433665.120000001101289, 729759.201300000306219 ], [ 433665.580600000801496, 729759.937999998568557 ] ] ] } },
{ "type": "Feature", "properties": { "LEFT_FID": 17, "RIGHT_FID": 3 }, "geometry": { "type": "MultiLineString", "coordinates": [ [ [ 433665.580600000801496, 729759.937999998568557 ], [ 433664.574266665673349, 729758.037133332341909 ] ] ] } },
{ "type": "Feature", "properties": { "LEFT_FID": 17, "RIGHT_FID": 11 }, "geometry": { "type": "MultiLineString", "coordinates": [ [ [ 433665.580600000801496, 729759.937999998568557 ], [ 433664.574266665673349, 729758.037133332341909 ] ] ] } },
{ "type": "Feature", "properties": { "LEFT_FID": -1, "RIGHT_FID": 11 }, "geometry": { "type": "MultiLineString", "coordinates": [ [ [ 433667.383466666273307, 729762.821966667775996 ], [ 433665.974999998870771, 729760.683100000023842 ], [ 433665.580600000801496, 729759.937999998568557 ] ] ] } },
{ "type": "Feature", "properties": { "LEFT_FID": -1, "RIGHT_FID": 17 }, "geometry": { "type": "MultiLineString", "coordinates": [ [ [ 433665.580600000801496, 729759.937999998568557 ], [ 433667.383466666273307, 729762.821966667775996 ] ] ] } },
{ "type": "Feature", "properties": { "LEFT_FID": 11, "RIGHT_FID": 3 }, "geometry": { "type": "MultiLineString", "coordinates": [ [ [ 433667.383466666273307, 729762.821966667775996 ], [ 433668.684499999624677, 729764.9031 ], [ 433669.195500000263564, 729765.5735999988392 ] ] ] } },
{ "type": "Feature", "properties": { "LEFT_FID": 11, "RIGHT_FID": 11 }, "geometry": { "type": "MultiLineString", "coordinates": [ [ [ 433667.383466666273307, 729762.821966667775996 ], [ 433668.684499999624677, 729764.9031 ], [ 433669.195500000263564, 729765.5735999988392 ] ] ] } },
{ "type": "Feature", "properties": { "LEFT_FID": 17, "RIGHT_FID": 3 }, "geometry": { "type": "MultiLineString", "coordinates": [ [ [ 433669.195500000263564, 729765.5735999988392 ], [ 433667.383466666273307, 729762.821966667775996 ] ] ] } },
{ "type": "Feature", "properties": { "LEFT_FID": 17, "RIGHT_FID": 11 }, "geometry": { "type": "MultiLineString", "coordinates": [ [ [ 433669.195500000263564, 729765.5735999988392 ], [ 433667.383466666273307, 729762.821966667775996 ] ] ] } },
{ "type": "Feature", "properties": { "LEFT_FID": -1, "RIGHT_FID": 17 }, "geometry": { "type": "MultiLineString", "coordinates": [ [ [ 433669.195500000263564, 729765.5735999988392 ], [ 433669.663539052300621, 729766.18775718298275 ], [ 433666.889799999422394, 729761.511999999405816 ], [ 433656.436300000816118, 729734.380800000275485 ], [ 433651.33456697157817, 729714.947945113177411 ] ] ] } },
{ "type": "Feature", "properties": { "LEFT_FID": -1, "RIGHT_FID": 11 }, "geometry": { "type": "MultiLineString", "coordinates": [ [ [ 433740.192599998728838, 729827.471000000834465 ], [ 433739.953299999819137, 729827.280099998693913 ], [ 433728.900278222106863, 729816.7994316018885 ], [ 433719.586999999475665, 729812.070900001679547 ], [ 433697.287699999287724, 729798.575400001253001 ], [ 433673.380900000105612, 729772.454200000152923 ], [ 433669.869092916778754, 729766.534264171263203 ], [ 433669.633999999030493, 729766.239499998860992 ], [ 433669.195500000263564, 729765.5735999988392 ] ] ] } },
{ "type": "Feature", "properties": { "LEFT_FID": -1, "RIGHT_FID": 17 }, "geometry": { "type": "MultiLineString", "coordinates": [ [ [ 433728.905835852783639, 729816.802253316971473 ], [ 433740.192599998728838, 729827.471000000834465 ] ] ] } },
{ "type": "Feature", "properties": { "LEFT_FID": 11, "RIGHT_FID": 3 }, "geometry": { "type": "MultiLineString", "coordinates": [ [ [ 433740.192599998728838, 729827.471000000834465 ], [ 433740.532699999457691, 729827.792499999748543 ], [ 433745.299000000522938, 729831.767799998633564 ], [ 433748.503733334771823, 729834.102033332805149 ] ] ] } },
{ "type": "Feature", "properties": { "LEFT_FID": 11, "RIGHT_FID": 11 }, "geometry": { "type": "MultiLineString", "coordinates": [ [ [ 433740.192599998728838, 729827.471000000834465 ], [ 433740.532699999457691, 729827.792499999748543 ], [ 433745.299000000522938, 729831.767799998633564 ], [ 433748.503733334771823, 729834.102033332805149 ] ] ] } },
{ "type": "Feature", "properties": { "LEFT_FID": 17, "RIGHT_FID": 3 }, "geometry": { "type": "MultiLineString", "coordinates": [ [ [ 433748.503733334771823, 729834.102033332805149 ], [ 433740.192599998728838, 729827.471000000834465 ] ] ] } },
{ "type": "Feature", "properties": { "LEFT_FID": 17, "RIGHT_FID": 11 }, "geometry": { "type": "MultiLineString", "coordinates": [ [ [ 433748.503733334771823, 729834.102033332805149 ], [ 433740.192599998728838, 729827.471000000834465 ] ] ] } },
{ "type": "Feature", "properties": { "LEFT_FID": -1, "RIGHT_FID": 11 }, "geometry": { "type": "MultiLineString", "coordinates": [ [ [ 433749.616299998830073, 729834.912400000030175 ], [ 433749.186900001193862, 729834.647099999478087 ], [ 433748.503733334771823, 729834.102033332805149 ] ] ] } },
{ "type": "Feature", "properties": { "LEFT_FID": -1, "RIGHT_FID": 17 }, "geometry": { "type": "MultiLineString", "coordinates": [ [ [ 433748.503733334771823, 729834.102033332805149 ], [ 433749.616299998830073, 729834.912400000030175 ] ] ] } },
{ "type": "Feature", "properties": { "LEFT_FID": 11, "RIGHT_FID": 3 }, "geometry": { "type": "MultiLineString", "coordinates": [ [ [ 433749.616299998830073, 729834.912400000030175 ], [ 433750.218600000662263, 729835.351099998690188 ], [ 433753.542599999462254, 729837.33830000134185 ] ] ] } },
{ "type": "Feature", "properties": { "LEFT_FID": 11, "RIGHT_FID": 11 }, "geometry": { "type": "MultiLineString", "coordinates": [ [ [ 433749.616299998830073, 729834.912400000030175 ], [ 433750.218600000662263, 729835.351099998690188 ], [ 433753.542599999462254, 729837.33830000134185 ] ] ] } },
{ "type": "Feature", "properties": { "LEFT_FID": 17, "RIGHT_FID": 3 }, "geometry": { "type": "MultiLineString", "coordinates": [ [ [ 433753.542599999462254, 729837.33830000134185 ], [ 433749.616299998830073, 729834.912400000030175 ] ] ] } },
{ "type": "Feature", "properties": { "LEFT_FID": 17, "RIGHT_FID": 11 }, "geometry": { "type": "MultiLineString", "coordinates": [ [ [ 433753.542599999462254, 729837.33830000134185 ], [ 433749.616299998830073, 729834.912400000030175 ] ] ] } },
{ "type": "Feature", "properties": { "LEFT_FID": -1, "RIGHT_FID": 11 }, "geometry": { "type": "MultiLineString", "coordinates": [ [ [ 433757.236100001027808, 729839.546399998711422 ], [ 433756.638700001058169, 729839.251299998839386 ], [ 433753.542599999462254, 729837.33830000134185 ] ] ] } },
{ "type": "Feature", "properties": { "LEFT_FID": -1, "RIGHT_FID": 17 }, "geometry": { "type": "MultiLineString", "coordinates": [ [ [ 433753.542599999462254, 729837.33830000134185 ], [ 433757.236100001027808, 729839.546399998711422 ] ] ] } },
{ "type": "Feature", "properties": { "LEFT_FID": 11, "RIGHT_FID": 3 }, "geometry": { "type": "MultiLineString", "coordinates": [ [ [ 433757.236100001027808, 729839.546399998711422 ], [ 433757.743999999889638, 729839.850099999341182 ], [ 433760.155200000153854, 729840.98859999992419 ] ] ] } },
{ "type": "Feature", "properties": { "LEFT_FID": 11, "RIGHT_FID": 11 }, "geometry": { "type": "MultiLineString", "coordinates": [ [ [ 433757.236100001027808, 729839.546399998711422 ], [ 433757.743999999889638, 729839.850099999341182 ], [ 433760.155200000153854, 729840.98859999992419 ] ] ] } },
{ "type": "Feature", "properties": { "LEFT_FID": 17, "RIGHT_FID": 3 }, "geometry": { "type": "MultiLineString", "coordinates": [ [ [ 433760.155200000153854, 729840.98859999992419 ], [ 433757.236100001027808, 729839.546399998711422 ] ] ] } },
{ "type": "Feature", "properties": { "LEFT_FID": 17, "RIGHT_FID": 11 }, "geometry": { "type": "MultiLineString", "coordinates": [ [ [ 433760.155200000153854, 729840.98859999992419 ], [ 433757.236100001027808, 729839.546399998711422 ] ] ] } },
{ "type": "Feature", "properties": { "LEFT_FID": -1, "RIGHT_FID": 11 }, "geometry": { "type": "MultiLineString", "coordinates": [ [ [ 433765.826866666204296, 729843.666699998895638 ], [ 433764.5580000000773, 729843.163899999461137 ], [ 433760.155200000153854, 729840.98859999992419 ] ] ] } },
{ "type": "Feature", "properties": { "LEFT_FID": -1, "RIGHT_FID": 17 }, "geometry": { "type": "MultiLineString", "coordinates": [ [ [ 433760.155200000153854, 729840.98859999992419 ], [ 433765.826866666204296, 729843.666699998895638 ] ] ] } },
{ "type": "Feature", "properties": { "LEFT_FID": 11, "RIGHT_FID": 3 }, "geometry": { "type": "MultiLineString", "coordinates": [ [ [ 433765.826866666204296, 729843.666699998895638 ], [ 433766.891099998669233, 729844.169199999887496 ], [ 433770.679999999760184, 729845.589699999662116 ] ] ] } },
{ "type": "Feature", "properties": { "LEFT_FID": 11, "RIGHT_FID": 11 }, "geometry": { "type": "MultiLineString", "coordinates": [ [ [ 433765.826866666204296, 729843.666699998895638 ], [ 433766.891099998669233, 729844.169199999887496 ], [ 433770.679999999760184, 729845.589699999662116 ] ] ] } },
{ "type": "Feature", "properties": { "LEFT_FID": 17, "RIGHT_FID": 3 }, "geometry": { "type": "MultiLineString", "coordinates": [ [ [ 433770.679999999760184, 729845.589699999662116 ], [ 433765.826866666204296, 729843.666699998895638 ] ] ] } },
{ "type": "Feature", "properties": { "LEFT_FID": 17, "RIGHT_FID": 11 }, "geometry": { "type": "MultiLineString", "coordinates": [ [ [ 433770.679999999760184, 729845.589699999662116 ], [ 433765.826866666204296, 729843.666699998895638 ] ] ] } },
{ "type": "Feature", "properties": { "LEFT_FID": -1, "RIGHT_FID": 11 }, "geometry": { "type": "MultiLineString", "coordinates": [ [ [ 433775.37289999902714, 729847.349099999526516 ], [ 433774.039500001003034, 729846.920900000375696 ], [ 433770.679999999760184, 729845.589699999662116 ] ] ] } },
{ "type": "Feature", "properties": { "LEFT_FID": -1, "RIGHT_FID": 17 }, "geometry": { "type": "MultiLineString", "coordinates": [ [ [ 433770.679999999760184, 729845.589699999662116 ], [ 433775.37289999902714, 729847.349099999526516 ] ] ] } },
{ "type": "Feature", "properties": { "LEFT_FID": 11, "RIGHT_FID": 3 }, "geometry": { "type": "MultiLineString", "coordinates": [ [ [ 433775.37289999902714, 729847.349099999526516 ], [ 433776.463400000240654, 729847.75799999886658 ], [ 433779.711000000941567, 729848.742399999173358 ] ] ] } },
{ "type": "Feature", "properties": { "LEFT_FID": 11, "RIGHT_FID": 11 }, "geometry": { "type": "MultiLineString", "coordinates": [ [ [ 433775.37289999902714, 729847.349099999526516 ], [ 433776.463400000240654, 729847.75799999886658 ], [ 433779.711000000941567, 729848.742399999173358 ] ] ] } },
{ "type": "Feature", "properties": { "LEFT_FID": 17, "RIGHT_FID": 3 }, "geometry": { "type": "MultiLineString", "coordinates": [ [ [ 433779.711000000941567, 729848.742399999173358 ], [ 433775.37289999902714, 729847.349099999526516 ] ] ] } },
{ "type": "Feature", "properties": { "LEFT_FID": 17, "RIGHT_FID": 11 }, "geometry": { "type": "MultiLineString", "coordinates": [ [ [ 433779.711000000941567, 729848.742399999173358 ], [ 433775.37289999902714, 729847.349099999526516 ] ] ] } },
{ "type": "Feature", "properties": { "LEFT_FID": -1, "RIGHT_FID": 11 }, "geometry": { "type": "MultiLineString", "coordinates": [ [ [ 433785.479199999885168, 729850.490866666310467 ], [ 433783.822399999713525, 729850.062899998389184 ], [ 433779.711000000941567, 729848.742399999173358 ] ] ] } },
{ "type": "Feature", "properties": { "LEFT_FID": -1, "RIGHT_FID": 17 }, "geometry": { "type": "MultiLineString", "coordinates": [ [ [ 433779.711000000941567, 729848.742399999173358 ], [ 433785.479199999885168, 729850.490866666310467 ] ] ] } },
{ "type": "Feature", "properties": { "LEFT_FID": 11, "RIGHT_FID": 3 }, "geometry": { "type": "MultiLineString", "coordinates": [ [ [ 433785.479199999885168, 729850.490866666310467 ], [ 433787.534999999159481, 729851.114000000990927 ], [ 433792.220466667029541, 729852.2321666671196 ] ] ] } },
{ "type": "Feature", "properties": { "LEFT_FID": 11, "RIGHT_FID": 11 }, "geometry": { "type": "MultiLineString", "coordinates": [ [ [ 433785.479199999885168, 729850.490866666310467 ], [ 433787.534999999159481, 729851.114000000990927 ], [ 433792.220466667029541, 729852.2321666671196 ] ] ] } },
{ "type": "Feature", "properties": { "LEFT_FID": 17, "RIGHT_FID": 3 }, "geometry": { "type": "MultiLineString", "coordinates": [ [ [ 433792.220466667029541, 729852.2321666671196 ], [ 433785.479199999885168, 729850.490866666310467 ] ] ] } },
{ "type": "Feature", "properties": { "LEFT_FID": 17, "RIGHT_FID": 11 }, "geometry": { "type": "MultiLineString", "coordinates": [ [ [ 433792.220466667029541, 729852.2321666671196 ], [ 433785.479199999885168, 729850.490866666310467 ] ] ] } },
{ "type": "Feature", "properties": { "LEFT_FID": -1, "RIGHT_FID": 11 }, "geometry": { "type": "MultiLineString", "coordinates": [ [ [ 433816.532416667265352, 729858.034000001032837 ], [ 433801.171600000176113, 729854.544199999421835 ], [ 433792.220466667029541, 729852.2321666671196 ] ] ] } },
{ "type": "Feature", "properties": { "LEFT_FID": -1, "RIGHT_FID": 17 }, "geometry": { "type": "MultiLineString", "coordinates": [ [ [ 433792.220466667029541, 729852.2321666671196 ], [ 433816.532416667265352, 729858.034000001032837 ] ] ] } },
{ "type": "Feature", "properties": { "LEFT_FID": 17, "RIGHT_FID": 11 }, "geometry": { "type": "MultiLineString", "coordinates": [ [ [ 434041.660520650912076, 729860.356897825375199 ], [ 434023.485499999835156, 729861.488399998983368 ], [ 433999.968399998848327, 729863.775599999004044 ] ] ] } },
{ "type": "Feature", "properties": { "LEFT_FID": 11, "RIGHT_FID": 3 }, "geometry": { "type": "MultiLineString", "coordinates": [ [ [ 433816.532416667265352, 729858.034000001032837 ], [ 433831.103799998760223, 729861.511299998965114 ], [ 433845.012000000511762, 729864.504233333049342 ] ] ] } },
{ "type": "Feature", "properties": { "LEFT_FID": 11, "RIGHT_FID": 11 }, "geometry": { "type": "MultiLineString", "coordinates": [ [ [ 433816.532416667265352, 729858.034000001032837 ], [ 433831.103799998760223, 729861.511299998965114 ], [ 433845.012000000511762, 729864.504233333049342 ] ] ] } },
{ "type": "Feature", "properties": { "LEFT_FID": 17, "RIGHT_FID": 3 }, "geometry": { "type": "MultiLineString", "coordinates": [ [ [ 433845.012000000511762, 729864.504233333049342 ], [ 433816.532416667265352, 729858.034000001032837 ] ] ] } },
{ "type": "Feature", "properties": { "LEFT_FID": 17, "RIGHT_FID": 11 }, "geometry": { "type": "MultiLineString", "coordinates": [ [ [ 433845.012000000511762, 729864.504233333049342 ], [ 433816.532416667265352, 729858.034000001032837 ] ] ] } },
{ "type": "Feature", "properties": { "LEFT_FID": -1, "RIGHT_FID": 17 }, "geometry": { "type": "MultiLineString", "coordinates": [ [ [ 434041.660520650912076, 729860.356897825375199 ], [ 434034.681700000539422, 729859.908199999015778 ], [ 434005.071700001077261, 729859.487400001962669 ], [ 433980.050600000657141, 729859.066500001819804 ], [ 433941.619200000714045, 729864.762100000167266 ], [ 433887.038200000999495, 729864.593800001544878 ], [ 433846.753799999540206, 729863.49950000050012 ], [ 433815.91810000105761, 729856.485300001571886 ], [ 433790.972500001022127, 729846.104100000695325 ], [ 433773.85319999983767, 729839.622900000074878 ], [ 433728.905835852783639, 729816.802253316971473 ] ] ] } },
{ "type": "Feature", "properties": { "LEFT_FID": -1, "RIGHT_FID": 11 }, "geometry": { "type": "MultiLineString", "coordinates": [ [ [ 433853.285933332925197, 729866.284666667692363 ], [ 433851.3799, 729865.95089999854099 ], [ 433845.012000000511762, 729864.504233333049342 ] ] ] } },
{ "type": "Feature", "properties": { "LEFT_FID": -1, "RIGHT_FID": 17 }, "geometry": { "type": "MultiLineString", "coordinates": [ [ [ 433845.012000000511762, 729864.504233333049342 ], [ 433853.285933332925197, 729866.284666667692363 ] ] ] } },
{ "type": "Feature", "properties": { "LEFT_FID": -1, "RIGHT_FID": 11 }, "geometry": { "type": "MultiLineString", "coordinates": [ [ [ 434126.901063509809319, 729868.208330560126342 ], [ 434095.281399999978021, 729864.48149999929592 ], [ 434079.192699998442549, 729862.770000000018626 ], [ 434041.660520650912076, 729860.356897825375199 ] ] ] } },
{ "type": "Feature", "properties": { "LEFT_FID": 11, "RIGHT_FID": 3 }, "geometry": { "type": "MultiLineString", "coordinates": [ [ [ 433853.285933332925197, 729866.284666667692363 ], [ 433855.882399999711197, 729866.843400000594556 ], [ 433867.170499416941311, 729868.716103335958906 ] ] ] } },
{ "type": "Feature", "properties": { "LEFT_FID": 11, "RIGHT_FID": 11 }, "geometry": { "type": "MultiLineString", "coordinates": [ [ [ 433853.285933332925197, 729866.284666667692363 ], [ 433855.882399999711197, 729866.843400000594556 ], [ 433867.170499416941311, 729868.716103335958906 ] ] ] } },
{ "type": "Feature", "properties": { "LEFT_FID": 17, "RIGHT_FID": 3 }, "geometry": { "type": "MultiLineString", "coordinates": [ [ [ 433867.170499416941311, 729868.716103335958906 ], [ 433853.285933332925197, 729866.284666667692363 ] ] ] } },
{ "type": "Feature", "properties": { "LEFT_FID": 17, "RIGHT_FID": 11 }, "geometry": { "type": "MultiLineString", "coordinates": [ [ [ 433867.170499416941311, 729868.716103335958906 ], [ 433853.285933332925197, 729866.284666667692363 ] ] ] } },
{ "type": "Feature", "properties": { "LEFT_FID": 17, "RIGHT_FID": 11 }, "geometry": { "type": "MultiLineString", "coordinates": [ [ [ 433867.175600000133272, 729868.716999999363907 ], [ 433867.170499416941311, 729868.716103335958906 ] ] ] } },
{ "type": "Feature", "properties": { "LEFT_FID": 11, "RIGHT_FID": 8 }, "geometry": { "type": "MultiLineString", "coordinates": [ [ [ 433949.754700001154561, 729869.530800000531599 ], [ 433999.968399998848327, 729863.775599999004044 ] ] ] } },
{ "type": "Feature", "properties": { "LEFT_FID": 11, "RIGHT_FID": 17 }, "geometry": { "type": "MultiLineString", "coordinates": [ [ [ 433949.754700001154561, 729869.530800000531599 ], [ 433999.968399998848327, 729863.775599999004044 ] ] ] } },
{ "type": "Feature", "properties": { "LEFT_FID": 17, "RIGHT_FID": 8 }, "geometry": { "type": "MultiLineString", "coordinates": [ [ [ 433999.968399998848327, 729863.775599999004044 ], [ 433948.09700000094017, 729869.685300000361167 ] ] ] } },
{ "type": "Feature", "properties": { "LEFT_FID": 17, "RIGHT_FID": 17 }, "geometry": { "type": "MultiLineString", "coordinates": [ [ [ 433999.968399998848327, 729863.775599999004044 ], [ 433948.09700000094017, 729869.685300000361167 ] ] ] } },
{ "type": "Feature", "properties": { "LEFT_FID": 11, "RIGHT_FID": 8 }, "geometry": { "type": "MultiLineString", "coordinates": [ [ [ 433948.09700000094017, 729869.685300000361167 ], [ 433949.754700001154561, 729869.530800000531599 ] ] ] } },
{ "type": "Feature", "properties": { "LEFT_FID": 11, "RIGHT_FID": 17 }, "geometry": { "type": "MultiLineString", "coordinates": [ [ [ 433948.09700000094017, 729869.685300000361167 ], [ 433949.754700001154561, 729869.530800000531599 ] ] ] } },
{ "type": "Feature", "properties": { "LEFT_FID": -1, "RIGHT_FID": 11 }, "geometry": { "type": "MultiLineString", "coordinates": [ [ [ 433875.038266665418632, 729870.021400001482107 ], [ 433873.945200001006015, 729869.9023999995552 ], [ 433867.175600000133272, 729868.716999999363907 ] ] ] } },
{ "type": "Feature", "properties": { "LEFT_FID": -1, "RIGHT_FID": 17 }, "geometry": { "type": "MultiLineString", "coordinates": [ [ [ 433867.175600000133272, 729868.716999999363907 ], [ 433875.038266665418632, 729870.021400001482107 ] ] ] } },
{ "type": "Feature", "properties": { "LEFT_FID": -1, "RIGHT_FID": 17 }, "geometry": { "type": "MultiLineString", "coordinates": [ [ [ 433940.83040000020992, 729870.362700000754558 ], [ 433948.09700000094017, 729869.685300000361167 ] ] ] } },
{ "type": "Feature", "properties": { "LEFT_FID": -1, "RIGHT_FID": 11 }, "geometry": { "type": "MultiLineString", "coordinates": [ [ [ 433948.09700000094017, 729869.685300000361167 ], [ 433945.985499999427702, 729869.925899998750538 ], [ 433940.83040000020992, 729870.362700000754558 ] ] ] } },
{ "type": "Feature", "properties": { "LEFT_FID": 11, "RIGHT_FID": 3 }, "geometry": { "type": "MultiLineString", "coordinates": [ [ [ 433875.038266665418632, 729870.021400001482107 ], [ 433876.213199999940116, 729870.216299998923205 ], [ 433883.796799999487121, 729870.974799999501556 ] ] ] } },
{ "type": "Feature", "properties": { "LEFT_FID": 11, "RIGHT_FID": 11 }, "geometry": { "type": "MultiLineString", "coordinates": [ [ [ 433875.038266665418632, 729870.021400001482107 ], [ 433876.213199999940116, 729870.216299998923205 ], [ 433883.796799999487121, 729870.974799999501556 ] ] ] } },
{ "type": "Feature", "properties": { "LEFT_FID": 17, "RIGHT_FID": 3 }, "geometry": { "type": "MultiLineString", "coordinates": [ [ [ 433883.796799999487121, 729870.974799999501556 ], [ 433875.038266665418632, 729870.021400001482107 ] ] ] } },
{ "type": "Feature", "properties": { "LEFT_FID": 17, "RIGHT_FID": 11 }, "geometry": { "type": "MultiLineString", "coordinates": [ [ [ 433883.796799999487121, 729870.974799999501556 ], [ 433875.038266665418632, 729870.021400001482107 ] ] ] } },
{ "type": "Feature", "properties": { "LEFT_FID": 11, "RIGHT_FID": 8 }, "geometry": { "type": "MultiLineString", "coordinates": [ [ [ 433927.444600000802893, 729871.610599999432452 ], [ 433940.83040000020992, 729870.362700000754558 ] ] ] } },
{ "type": "Feature", "properties": { "LEFT_FID": 11, "RIGHT_FID": 17 }, "geometry": { "type": "MultiLineString", "coordinates": [ [ [ 433927.444600000802893, 729871.610599999432452 ], [ 433940.83040000020992, 729870.362700000754558 ] ] ] } },
{ "type": "Feature", "properties": { "LEFT_FID": 17, "RIGHT_FID": 8 }, "geometry": { "type": "MultiLineString", "coordinates": [ [ [ 433940.83040000020992, 729870.362700000754558 ], [ 433924.078499998722691, 729871.782199999666773 ] ] ] } },
{ "type": "Feature", "properties": { "LEFT_FID": 17, "RIGHT_FID": 17 }, "geometry": { "type": "MultiLineString", "coordinates": [ [ [ 433940.83040000020992, 729870.362700000754558 ], [ 433924.078499998722691, 729871.782199999666773 ] ] ] } },
{ "type": "Feature", "properties": { "LEFT_FID": 11, "RIGHT_FID": 8 }, "geometry": { "type": "MultiLineString", "coordinates": [ [ [ 433924.078499998722691, 729871.782199999666773 ], [ 433927.444600000802893, 729871.610599999432452 ] ] ] } },
{ "type": "Feature", "properties": { "LEFT_FID": 11, "RIGHT_FID": 17 }, "geometry": { "type": "MultiLineString", "coordinates": [ [ [ 433924.078499998722691, 729871.782199999666773 ], [ 433927.444600000802893, 729871.610599999432452 ] ] ] } },
{ "type": "Feature", "properties": { "LEFT_FID": -1, "RIGHT_FID": 11 }, "geometry": { "type": "MultiLineString", "coordinates": [ [ [ 433893.465999999898486, 729871.941899999859743 ], [ 433892.191199999477249, 729871.888599999132566 ], [ 433883.796799999487121, 729870.974799999501556 ] ] ] } },
{ "type": "Feature", "properties": { "LEFT_FID": -1, "RIGHT_FID": 17 }, "geometry": { "type": "MultiLineString", "coordinates": [ [ [ 433883.796799999487121, 729870.974799999501556 ], [ 433893.465999999898486, 729871.941899999859743 ] ] ] } },
{ "type": "Feature", "properties": { "LEFT_FID": 11, "RIGHT_FID": 3 }, "geometry": { "type": "MultiLineString", "coordinates": [ [ [ 433893.465999999898486, 729871.941899999859743 ], [ 433894.491399999242276, 729872.044500001706183 ], [ 433898.177366666262969, 729872.139033334795386 ] ] ] } },
{ "type": "Feature", "properties": { "LEFT_FID": 11, "RIGHT_FID": 11 }, "geometry": { "type": "MultiLineString", "coordinates": [ [ [ 433893.465999999898486, 729871.941899999859743 ], [ 433894.491399999242276, 729872.044500001706183 ], [ 433898.177366666262969, 729872.139033334795386 ] ] ] } },
{ "type": "Feature", "properties": { "LEFT_FID": 17, "RIGHT_FID": 3 }, "geometry": { "type": "MultiLineString", "coordinates": [ [ [ 433898.177366666262969, 729872.139033334795386 ], [ 433893.465999999898486, 729871.941899999859743 ] ] ] } },
{ "type": "Feature", "properties": { "LEFT_FID": 17, "RIGHT_FID": 11 }, "geometry": { "type": "MultiLineString", "coordinates": [ [ [ 433898.177366666262969, 729872.139033334795386 ], [ 433893.465999999898486, 729871.941899999859743 ] ] ] } },
{ "type": "Feature", "properties": { "LEFT_FID": -1, "RIGHT_FID": 17 }, "geometry": { "type": "MultiLineString", "coordinates": [ [ [ 433915.070599999511614, 729872.241399998776615 ], [ 433924.078499998722691, 729871.782199999666773 ] ] ] } },
{ "type": "Feature", "properties": { "LEFT_FID": -1, "RIGHT_FID": 11 }, "geometry": { "type": "MultiLineString", "coordinates": [ [ [ 433924.078499998722691, 729871.782199999666773 ], [ 433920.191199999593664, 729872.111600001109764 ], [ 433915.070599999511614, 729872.241399998776615 ] ] ] } },
{ "type": "Feature", "properties": { "LEFT_FID": -1, "RIGHT_FID": 17 }, "geometry": { "type": "MultiLineString", "coordinates": [ [ [ 433898.177366666262969, 729872.139033334795386 ], [ 433908.581700000562705, 729872.405899999779649 ] ] ] } },
{ "type": "Feature", "properties": { "LEFT_FID": 17, "RIGHT_FID": 3 }, "geometry": { "type": "MultiLineString", "coordinates": [ [ [ 433915.070599999511614, 729872.241399998776615 ], [ 433908.581700000562705, 729872.405899999779649 ] ] ] } },
{ "type": "Feature", "properties": { "LEFT_FID": 17, "RIGHT_FID": 11 }, "geometry": { "type": "MultiLineString", "coordinates": [ [ [ 433915.070599999511614, 729872.241399998776615 ], [ 433908.581700000562705, 729872.405899999779649 ] ] ] } },
{ "type": "Feature", "properties": { "LEFT_FID": 11, "RIGHT_FID": 3 }, "geometry": { "type": "MultiLineString", "coordinates": [ [ [ 433908.581700000562705, 729872.405899999779649 ], [ 433910.751799999678042, 729872.461599999805912 ] ] ] } },
{ "type": "Feature", "properties": { "LEFT_FID": 11, "RIGHT_FID": 11 }, "geometry": { "type": "MultiLineString", "coordinates": [ [ [ 433908.581700000562705, 729872.405899999779649 ], [ 433910.751799999678042, 729872.461599999805912 ] ] ] } },
{ "type": "Feature", "properties": { "LEFT_FID": 11, "RIGHT_FID": 3 }, "geometry": { "type": "MultiLineString", "coordinates": [ [ [ 433910.751799999678042, 729872.461599999805912 ], [ 433915.070599999511614, 729872.241399998776615 ] ] ] } },
{ "type": "Feature", "properties": { "LEFT_FID": 11, "RIGHT_FID": 11 }, "geometry": { "type": "MultiLineString", "coordinates": [ [ [ 433910.751799999678042, 729872.461599999805912 ], [ 433915.070599999511614, 729872.241399998776615 ] ] ] } },
{ "type": "Feature", "properties": { "LEFT_FID": -1, "RIGHT_FID": 11 }, "geometry": { "type": "MultiLineString", "coordinates": [ [ [ 433908.581700000562705, 729872.405899999779649 ], [ 433906.074999999720603, 729872.46950000023935 ], [ 433898.177366666262969, 729872.139033334795386 ] ] ] } },
{ "type": "Feature", "properties": { "LEFT_FID": 17, "RIGHT_FID": 11 }, "geometry": { "type": "MultiLineString", "coordinates": [ [ [ 434173.381607902527321, 729875.012496870011091 ], [ 434157.326299999258481, 729874.194499999750406 ], [ 434146.48240000003716, 729872.770399999804795 ], [ 434136.571999999752734, 729870.645600000047125 ], [ 434126.901063509809319, 729868.208330560126342 ] ] ] } },
{ "type": "Feature", "properties": { "LEFT_FID": -1, "RIGHT_FID": 17 }, "geometry": { "type": "MultiLineString", "coordinates": [ [ [ 434173.381607902527321, 729875.012496870011091 ], [ 434151.798400000203401, 729869.447599999490194 ], [ 434134.321199999889359, 729869.082899999804795 ], [ 434126.901063509809319, 729868.208330560126342 ] ] ] } },
{ "type": "Feature", "properties": { "LEFT_FID": -1, "RIGHT_FID": 11 }, "geometry": { "type": "MultiLineString", "coordinates": [ [ [ 434191.895544435596094, 729879.786029514390975 ], [ 434173.381607902527321, 729875.012496870011091 ] ] ] } },
{ "type": "Feature", "properties": { "LEFT_FID": 17, "RIGHT_FID": 11 }, "geometry": { "type": "MultiLineString", "coordinates": [ [ [ 434275.1172999998671, 729944.938900000066496 ], [ 434262.646700000506826, 729933.280800000065938 ], [ 434249.875300000421703, 729923.120300000649877 ], [ 434240.723399998561945, 729917.200600000447594 ], [ 434220.981999999145046, 729906.34930000139866 ], [ 434213.093399999488611, 729900.993300001020543 ], [ 434207.589599998900667, 729896.018500001286156 ], [ 434199.937400000519119, 729886.820000000647269 ], [ 434196.548600000503939, 729883.238099998794496 ], [ 434192.864799999399111, 729880.313300001085736 ], [ 434191.895544435596094, 729879.786029514390975 ] ] ] } },
{ "type": "Feature", "properties": { "LEFT_FID": 17, "RIGHT_FID": 3 }, "geometry": { "type": "MultiLineString", "coordinates": [ [ [ 434282.314599999343045, 729952.404700000653975 ], [ 434275.1172999998671, 729944.938900000066496 ] ] ] } },
{ "type": "Feature", "properties": { "LEFT_FID": 17, "RIGHT_FID": 11 }, "geometry": { "type": "MultiLineString", "coordinates": [ [ [ 434282.314599999343045, 729952.404700000653975 ], [ 434275.1172999998671, 729944.938900000066496 ] ] ] } },
{ "type": "Feature", "properties": { "LEFT_FID": 11, "RIGHT_FID": 3 }, "geometry": { "type": "MultiLineString", "coordinates": [ [ [ 434275.1172999998671, 729944.938900000066496 ], [ 434288.257399999245536, 729959.044500001589768 ] ] ] } },
{ "type": "Feature", "properties": { "LEFT_FID": 11, "RIGHT_FID": 11 }, "geometry": { "type": "MultiLineString", "coordinates": [ [ [ 434275.1172999998671, 729944.938900000066496 ], [ 434288.257399999245536, 729959.044500001589768 ] ] ] } },
{ "type": "Feature", "properties": { "LEFT_FID": 17, "RIGHT_FID": 3 }, "geometry": { "type": "MultiLineString", "coordinates": [ [ [ 434288.257399999245536, 729959.044500001589768 ], [ 434282.314599999343045, 729952.404700000653975 ] ] ] } },
{ "type": "Feature", "properties": { "LEFT_FID": 17, "RIGHT_FID": 11 }, "geometry": { "type": "MultiLineString", "coordinates": [ [ [ 434288.257399999245536, 729959.044500001589768 ], [ 434282.314599999343045, 729952.404700000653975 ] ] ] } },
{ "type": "Feature", "properties": { "LEFT_FID": -1, "RIGHT_FID": 11 }, "geometry": { "type": "MultiLineString", "coordinates": [ [ [ 434289.581799999345094, 729960.524299999349751 ], [ 434288.257399999245536, 729959.044500001589768 ] ] ] } },
{ "type": "Feature", "properties": { "LEFT_FID": -1, "RIGHT_FID": 17 }, "geometry": { "type": "MultiLineString", "coordinates": [ [ [ 434288.257399999245536, 729959.044500001589768 ], [ 434289.209200001438148, 729960.066199999884702 ], [ 434289.581799999345094, 729960.524299999349751 ] ] ] } },
{ "type": "Feature", "properties": { "LEFT_FID": 17, "RIGHT_FID": 3 }, "geometry": { "type": "MultiLineString", "coordinates": [ [ [ 434290.323700000182725, 729961.353100000065751 ], [ 434289.581799999345094, 729960.524299999349751 ] ] ] } },
{ "type": "Feature", "properties": { "LEFT_FID": 17, "RIGHT_FID": 11 }, "geometry": { "type": "MultiLineString", "coordinates": [ [ [ 434290.323700000182725, 729961.353100000065751 ], [ 434289.581799999345094, 729960.524299999349751 ] ] ] } },
{ "type": "Feature", "properties": { "LEFT_FID": 11, "RIGHT_FID": 3 }, "geometry": { "type": "MultiLineString", "coordinates": [ [ [ 434289.581799999345094, 729960.524299999349751 ], [ 434296.695500000496395, 729969.26830000069458 ] ] ] } },
{ "type": "Feature", "properties": { "LEFT_FID": 11, "RIGHT_FID": 11 }, "geometry": { "type": "MultiLineString", "coordinates": [ [ [ 434289.581799999345094, 729960.524299999349751 ], [ 434296.695500000496395, 729969.26830000069458 ] ] ] } },
{ "type": "Feature", "properties": { "LEFT_FID": 17, "RIGHT_FID": 3 }, "geometry": { "type": "MultiLineString", "coordinates": [ [ [ 434296.695500000496395, 729969.26830000069458 ], [ 434290.323700000182725, 729961.353100000065751 ] ] ] } },
{ "type": "Feature", "properties": { "LEFT_FID": 17, "RIGHT_FID": 11 }, "geometry": { "type": "MultiLineString", "coordinates": [ [ [ 434296.695500000496395, 729969.26830000069458 ], [ 434290.323700000182725, 729961.353100000065751 ] ] ] } },
{ "type": "Feature", "properties": { "LEFT_FID": -1, "RIGHT_FID": 11 }, "geometry": { "type": "MultiLineString", "coordinates": [ [ [ 434303.365199999534525, 729977.553699999931268 ], [ 434296.695500000496395, 729969.26830000069458 ] ] ] } },
{ "type": "Feature", "properties": { "LEFT_FID": -1, "RIGHT_FID": 17 }, "geometry": { "type": "MultiLineString", "coordinates": [ [ [ 434296.695500000496395, 729969.26830000069458 ], [ 434302.760999998950865, 729976.723999999230728 ], [ 434303.365199999534525, 729977.553699999931268 ] ] ] } },
{ "type": "Feature", "properties": { "LEFT_FID": 17, "RIGHT_FID": 3 }, "geometry": { "type": "MultiLineString", "coordinates": [ [ [ 434303.709100000094622, 729977.98090000031516 ], [ 434303.365199999534525, 729977.553699999931268 ] ] ] } },
{ "type": "Feature", "properties": { "LEFT_FID": 17, "RIGHT_FID": 11 }, "geometry": { "type": "MultiLineString", "coordinates": [ [ [ 434303.709100000094622, 729977.98090000031516 ], [ 434303.365199999534525, 729977.553699999931268 ] ] ] } },
{ "type": "Feature", "properties": { "LEFT_FID": 17, "RIGHT_FID": 3 }, "geometry": { "type": "MultiLineString", "coordinates": [ [ [ 434306.498146059631836, 729981.828845713171177 ], [ 434303.709100000094622, 729977.98090000031516 ] ] ] } },
{ "type": "Feature", "properties": { "LEFT_FID": 17, "RIGHT_FID": 11 }, "geometry": { "type": "MultiLineString", "coordinates": [ [ [ 434306.498146059631836, 729981.828845713171177 ], [ 434303.709100000094622, 729977.98090000031516 ] ] ] } },
{ "type": "Feature", "properties": { "LEFT_FID": -1, "RIGHT_FID": 17 }, "geometry": { "type": "MultiLineString", "coordinates": [ [ [ 434306.498146059631836, 729981.828845713171177 ], [ 434304.303299999504816, 729977.102699999581091 ], [ 434269.801299999700859, 729933.137199999182485 ], [ 434249.298199999087956, 729912.627499999944121 ], [ 434207.404599999485072, 729883.784800001652911 ], [ 434191.895544435596094, 729879.786029514390975 ] ] ] } },
{ "type": "Feature", "properties": { "LEFT_FID": 11, "RIGHT_FID": 3 }, "geometry": { "type": "MultiLineString", "coordinates": [ [ [ 434303.365199999534525, 729977.553699999931268 ], [ 434306.532806499919388, 729981.903479782049544 ] ] ] } },
{ "type": "Feature", "properties": { "LEFT_FID": 11, "RIGHT_FID": 11 }, "geometry": { "type": "MultiLineString", "coordinates": [ [ [ 434303.365199999534525, 729977.553699999931268 ], [ 434306.532806499919388, 729981.903479782049544 ] ] ] } },
{ "type": "Feature", "properties": { "LEFT_FID": -1, "RIGHT_FID": 3 }, "geometry": { "type": "MultiLineString", "coordinates": [ [ [ 434306.532806499919388, 729981.903479782049544 ], [ 434306.498146059631836, 729981.828845713171177 ] ] ] } },
{ "type": "Feature", "properties": { "LEFT_FID": -1, "RIGHT_FID": 11 }, "geometry": { "type": "MultiLineString", "coordinates": [ [ [ 434306.532806499919388, 729981.903479782049544 ], [ 434306.498146059631836, 729981.828845713171177 ] ] ] } },
{ "type": "Feature", "properties": { "LEFT_FID": -1, "RIGHT_FID": 11 }, "geometry": { "type": "MultiLineString", "coordinates": [ [ [ 434405.653346515493467, 730246.632301639998332 ], [ 434393.824400000507012, 730210.678099999437109 ], [ 434383.528400000359397, 730177.318200000328943 ], [ 434364.740399999020156, 730121.260099998558871 ], [ 434353.590999999199994, 730095.924499999615364 ], [ 434343.571600000374019, 730068.709100000676699 ], [ 434336.130499999679159, 730048.480000000097789 ], [ 434324.002500001341105, 730022.358799998997711 ], [ 434312.251500000013039, 729994.21749999851454 ], [ 434306.532806499919388, 729981.903479782049544 ] ] ] } },
{ "type": "Feature", "properties": { "LEFT_FID": 17, "RIGHT_FID": 11 }, "geometry": { "type": "MultiLineString", "coordinates": [ [ [ 434415.072452277701814, 730338.522804635809734 ], [ 434414.833200000459328, 730329.103499999386258 ], [ 434413.779799999610987, 730316.03790000162553 ], [ 434408.68560000078287, 730276.55450000136625 ], [ 434405.653346515493467, 730246.632301639998332 ] ] ] } },
{ "type": "Feature", "properties": { "LEFT_FID": -1, "RIGHT_FID": 17 }, "geometry": { "type": "MultiLineString", "coordinates": [ [ [ 434415.072452277701814, 730338.522804635809734 ], [ 434416.251799999270588, 730327.367500000051223 ], [ 434417.087099999887869, 730294.176000000559725 ], [ 434412.682899999432266, 730267.998699999880046 ], [ 434405.653346515493467, 730246.632301639998332 ] ] ] } },
{ "type": "Feature", "properties": { "LEFT_FID": -1, "RIGHT_FID": 11 }, "geometry": { "type": "MultiLineString", "coordinates": [ [ [ 434173.989516784262378, 730826.179703653440811 ], [ 434173.684999999066349, 730822.687500000582077 ], [ 434178.916299998876639, 730800.129599999519996 ], [ 434186.46570000005886, 730780.686100000981241 ], [ 434228.036400000215508, 730724.150999999488704 ], [ 434268.762799999618437, 730663.744100001058541 ], [ 434326.850299999467097, 730590.599199999589473 ], [ 434334.518199999816716, 730571.4923000006238 ], [ 434374.342600000847597, 730494.840399998589419 ], [ 434391.117599999764934, 730444.197300000931136 ], [ 434402.59860000066692, 730398.015300000086427 ], [ 434413.10759999952279, 730357.108100000652485 ], [ 434415.072452277701814, 730338.522804635809734 ] ] ] } },
{ "type": "Feature", "properties": { "LEFT_FID": 17, "RIGHT_FID": 11 }, "geometry": { "type": "MultiLineString", "coordinates": [ [ [ 434248.75225492217578, 731052.902076489641331 ], [ 434228.743499998992775, 731020.468299999600276 ], [ 434220.487400000798516, 731006.049200000474229 ], [ 434212.786000000080094, 730991.390699999290518 ], [ 434205.914899999334011, 730976.825500001199543 ], [ 434199.929899999639019, 730962.90769999998156 ], [ 434194.471400000620633, 730948.772500001010485 ], [ 434190.078399999940302, 730935.867499999003485 ], [ 434186.638299999001902, 730924.252299999119714 ], [ 434183.890999999770429, 730913.341800000984222 ], [ 434179.884400000155438, 730888.304699999978766 ], [ 434178.09369999950286, 730879.873500000336207 ], [ 434176.100800000422169, 730873.778300001402386 ], [ 434170.799600000027567, 730860.572300001047552 ], [ 434169.04439999954775, 730854.413400000659749 ], [ 434168.393899998627603, 730849.309499999159016 ], [ 434168.468200000468642, 730845.527899999171495 ], [ 434169.265300000843126, 730840.277800000039861 ], [ 434170.677099999040365, 730835.07220000110101 ], [ 434173.989516784262378, 730826.179703653440811 ] ] ] } },
{ "type": "Feature", "properties": { "LEFT_FID": -1, "RIGHT_FID": 17 }, "geometry": { "type": "MultiLineString", "coordinates": [ [ [ 434248.75225492217578, 731052.902076489641331 ], [ 434178.335900000471156, 730876.02410000062082 ], [ 434173.989516784262378, 730826.179703653440811 ] ] ] } },
{ "type": "Feature", "properties": { "LEFT_FID": -1, "RIGHT_FID": 11 }, "geometry": { "type": "MultiLineString", "coordinates": [ [ [ 434884.426239967520814, 731935.793444188660942 ], [ 434882.488399999856483, 731933.580299998866394 ], [ 434844.128599999414291, 731891.382399999420159 ], [ 434804.7486, 731845.789599999669008 ], [ 434782.106000000785571, 731812.121099998126738 ], [ 434737.969299999764189, 731753.5098 ], [ 434680.76869999995688, 731688.36130000045523 ], [ 434627.438299999048468, 731619.565300001064315 ], [ 434574.832499998912681, 731559.915900000138208 ], [ 434515.59509999898728, 731493.869500000611879 ], [ 434455.867100000265054, 731419.265600000624545 ], [ 434442.571199999249075, 731403.104699998046272 ], [ 434380.377500000991859, 731305.381899999338202 ], [ 434331.013800000422634, 731218.685400000191294 ], [ 434286.534199999819975, 731127.219300000695512 ], [ 434250.313599999470171, 731056.823999998974614 ], [ 434248.75225492217578, 731052.902076489641331 ] ] ] } },
{ "type": "Feature", "properties": { "LEFT_FID": 17, "RIGHT_FID": 11 }, "geometry": { "type": "MultiLineString", "coordinates": [ [ [ 434884.883931780001149, 731936.316159168025479 ], [ 434884.646099998499267, 731936.05579999985639 ], [ 434884.426239967520814, 731935.793444188660942 ] ] ] } },
{ "type": "Feature", "properties": { "LEFT_FID": -1, "RIGHT_FID": 17 }, "geometry": { "type": "MultiLineString", "coordinates": [ [ [ 434884.883931780001149, 731936.316159168025479 ], [ 434884.426239967520814, 731935.793444188660942 ] ] ] } },
{ "type": "Feature", "properties": { "LEFT_FID": -1, "RIGHT_FID": 11 }, "geometry": { "type": "MultiLineString", "coordinates": [ [ [ 435026.334198139666114, 732131.581117000081576 ], [ 434996.627600000356324, 732072.434900001622736 ], [ 434986.057099999685306, 732055.796999999321997 ], [ 434957.149799999897368, 732019.098300001583993 ], [ 434937.690300000889692, 731996.624600000213832 ], [ 434884.883931780001149, 731936.316159168025479 ] ] ] } },
{ "type": "Feature", "properties": { "LEFT_FID": 17, "RIGHT_FID": 11 }, "geometry": { "type": "MultiLineString", "coordinates": [ [ [ 435062.927307889505755, 732245.98160959337838 ], [ 435059.456200000771787, 732237.531700000516139 ], [ 435054.705799999239389, 732223.8983 ], [ 435050.618599999928847, 732210.083599999081343 ], [ 435040.961600000271574, 732174.462600000435486 ], [ 435032.698800000245683, 732148.686100001097657 ], [ 435026.334198139666114, 732131.581117000081576 ] ] ] } },
{ "type": "Feature", "properties": { "LEFT_FID": -1, "RIGHT_FID": 17 }, "geometry": { "type": "MultiLineString", "coordinates": [ [ [ 435062.927307889505755, 732245.98160959337838 ], [ 435059.331799998763017, 732213.786500000278465 ], [ 435044.389599999238271, 732169.849100000108592 ], [ 435038.565, 732155.932800000533462 ], [ 435026.334198139666114, 732131.581117000081576 ] ] ] } },
{ "type": "Feature", "properties": { "LEFT_FID": -1, "RIGHT_FID": 11 }, "geometry": { "type": "MultiLineString", "coordinates": [ [ [ 435053.795763009460643, 732447.435319342766888 ], [ 435054.460599999758415, 732441.862700000638142 ], [ 435059.030399998708162, 732410.971800000406802 ], [ 435067.789900000090711, 732340.660700000706129 ], [ 435069.367900000594091, 732315.577700001187623 ], [ 435065.667499999632128, 732270.517999998526648 ], [ 435062.927307889505755, 732245.98160959337838 ] ] ] } },
{ "type": "Feature", "properties": { "LEFT_FID": 17, "RIGHT_FID": 11 }, "geometry": { "type": "MultiLineString", "coordinates": [ [ [ 435026.1930459063733, 732582.442187767243013 ], [ 435026.964999999385327, 732578.735700000426732 ], [ 435046.814299999794457, 732476.333399999537505 ], [ 435052.345700000121724, 732453.051499999128282 ], [ 435053.795763009460643, 732447.435319342766888 ] ] ] } },
{ "type": "Feature", "properties": { "LEFT_FID": -1, "RIGHT_FID": 17 }, "geometry": { "type": "MultiLineString", "coordinates": [ [ [ 435026.1930459063733, 732582.442187767243013 ], [ 435028.083599998732097, 732576.480699999025092 ], [ 435041.799899999401532, 732524.395300001488067 ], [ 435044.227800000517163, 732515.175899998401292 ], [ 435050.51409999927273, 732474.941999998758547 ], [ 435053.795763009460643, 732447.435319342766888 ] ] ] } },
{ "type": "Feature", "properties": { "LEFT_FID": -1, "RIGHT_FID": 11 }, "geometry": { "type": "MultiLineString", "coordinates": [ [ [ 424183.167899999418296, 729736.072699998854659 ], [ 424494.053899998951238, 730807.637299999129027 ], [ 424536.06419999996433, 731619.677500000223517 ], [ 424705.721000000776257, 732163.629600000102073 ], [ 424848.47309999918798, 732527.633199999458157 ], [ 425135.743999999132939, 732679.225699999718927 ], [ 425161.758199999283534, 732671.369799999170937 ], [ 425196.055599999090191, 732664.383500000811182 ], [ 425221.028800001076888, 732657.902399998973124 ], [ 425253.796700000297278, 732648.222699999227189 ], [ 425270.754200000548735, 732640.843599998624995 ], [ 425292.848299999197479, 732632.202100000344217 ], [ 425313.878499999758787, 732627.797100001014769 ], [ 425327.912100000015926, 732629.620799999218434 ], [ 425359.446100001281593, 732646.763699998380616 ], [ 425383.66069999942556, 732661.297299999394454 ], [ 425395.639600000227802, 732667.020899999304675 ], [ 425405.907399999094196, 732674.56829999841284 ], [ 425425.735299998836126, 732685.847199999610893 ], [ 425431.689199999673292, 732690.2802000005031 ], [ 425463.121400000352878, 732707.731799998669885 ], [ 425498.116899998742156, 732722.405600000172853 ], [ 425519.326900000567548, 732728.914899998810142 ], [ 425553.025399998936336, 732737.275900001637638 ], [ 425557.15600000100676, 732738.426200001267716 ], [ 425595.855899999965914, 732751.360499999835156 ], [ 425617.748199999623466, 732758.15039999934379 ], [ 425639.081000000995118, 732766.427200000151061 ], [ 425664.785599999944679, 732773.329299998702481 ], [ 425692.006600001011975, 732779.221199999446981 ], [ 425710.413800001144409, 732783.738400000147521 ], [ 425727.108200000307988, 732789.181500000180677 ], [ 425745.836300000082701, 732799.758999998914078 ], [ 425763.462099999655038, 732809.102099999319762 ], [ 425785.851699999941047, 732813.002000000909902 ], [ 425804.863100000657141, 732818.613399999565445 ], [ 425822.889699999359436, 732828.208900001831353 ], [ 425846.165000001143198, 732842.686400001053698 ], [ 425859.418100000882987, 732846.502199999406002 ], [ 425885.335900000471156, 732855.789100001449697 ], [ 425898.930099999706727, 732863.392499999143183 ], [ 425915.210599999059923, 732874.699599999352358 ], [ 425927.99979999975767, 732889.176999999792315 ], [ 425931.923400000319816, 732895.321499999961816 ], [ 425940.723999999463558, 732914.316199999884702 ], [ 425953.640400000964291, 732921.414600000716746 ], [ 425977.270899999595713, 732921.639099999913014 ], [ 426005.458300000638701, 732920.685100000351667 ], [ 426009.448599998955615, 732922.90159999858588 ], [ 426014.929800000390969, 732927.615200000465848 ], [ 426029.160699999541976, 732943.720000001252629 ], [ 426042.71550000004936, 732952.726300000213087 ], [ 426054.666300000622869, 732958.309699999517761 ], [ 426077.424200000648852, 732985.805699999444187 ], [ 426089.407399999559857, 732999.693900001002476 ], [ 426102.072900000726804, 733005.333399999886751 ], [ 426122.132399998721667, 733011.36570000089705 ], [ 426145.898799999791663, 733022.167700001038611 ] ] ] } },
{ "type": "Feature", "properties": { "LEFT_FID": -1, "RIGHT_FID": 12 }, "geometry": { "type": "MultiLineString", "coordinates": [ [ [ 426145.898799999791663, 733022.167700001038611 ], [ 426169.850299999059644, 733027.835200001485646 ], [ 426193.751000000105705, 733033.334400000981987 ] ] ] } },
{ "type": "Feature", "properties": { "LEFT_FID": 12, "RIGHT_FID": 11 }, "geometry": { "type": "MultiLineString", "coordinates": [ [ [ 426145.898799999791663, 733022.167700001038611 ], [ 426193.751000000105705, 733033.334400000981987 ] ] ] } },
{ "type": "Feature", "properties": { "LEFT_FID": -1, "RIGHT_FID": 11 }, "geometry": { "type": "MultiLineString", "coordinates": [ [ [ 426193.751000000105705, 733033.334400000981987 ], [ 426216.767599999904633, 733033.362400000216439 ] ] ] } },
{ "type": "Feature", "properties": { "LEFT_FID": 12, "RIGHT_FID": 11 }, "geometry": { "type": "MultiLineString", "coordinates": [ [ [ 426216.767599999904633, 733033.362400000216439 ], [ 426278.138600000063889, 733029.799200001289137 ] ] ] } },
{ "type": "Feature", "properties": { "LEFT_FID": -1, "RIGHT_FID": 12 }, "geometry": { "type": "MultiLineString", "coordinates": [ [ [ 426216.767599999904633, 733033.362400000216439 ], [ 426245.504899999825284, 733031.707099999301136 ], [ 426278.138600000063889, 733029.799200001289137 ] ] ] } },
{ "type": "Feature", "properties": { "LEFT_FID": -1, "RIGHT_FID": 11 }, "geometry": { "type": "MultiLineString", "coordinates": [ [ [ 435026.171489940141328, 733200.111516653792933 ], [ 434996.757000000681728, 733172.806199999642558 ], [ 434967.853299998794682, 733140.877200001035817 ], [ 434966.876300000527408, 733139.19379999989178 ], [ 434936.874300000141375, 733086.193999999086373 ], [ 434922.253300001029857, 733031.398400000412948 ], [ 434921.404100000741892, 733022.756899999920279 ], [ 434921.930300000647549, 732984.094200000166893 ], [ 434926.377300000051036, 732932.721599999931641 ], [ 434935.460199999215547, 732861.260199998505414 ], [ 434947.659300001047086, 732800.965500001329929 ], [ 434970.436000000452623, 732747.629000000073574 ], [ 434979.096800000756048, 732724.94539999961853 ], [ 434990.243300000787713, 732695.751399998553097 ], [ 435007.378700001339894, 732641.769500000169501 ], [ 435026.1930459063733, 732582.442187767243013 ] ] ] } },
{ "type": "Feature", "properties": { "LEFT_FID": 17, "RIGHT_FID": 11 }, "geometry": { "type": "MultiLineString", "coordinates": [ [ [ 435063.399900000193156, 733242.667899999185465 ], [ 435050.521099999605212, 733229.456000000471249 ], [ 435038.261299999430776, 733215.484600000083447 ], [ 435026.605699999781791, 733200.717100000358187 ], [ 435026.171489940141328, 733200.111516653792933 ] ] ] } },
{ "type": "Feature", "properties": { "LEFT_FID": 11, "RIGHT_FID": 3 }, "geometry": { "type": "MultiLineString", "coordinates": [ [ [ 435063.399900000193156, 733242.667899999185465 ], [ 435076.91239999991376, 733255.157199999201111 ], [ 435078.682366668770555, 733256.647666666889563 ] ] ] } },
{ "type": "Feature", "properties": { "LEFT_FID": 11, "RIGHT_FID": 11 }, "geometry": { "type": "MultiLineString", "coordinates": [ [ [ 435063.399900000193156, 733242.667899999185465 ], [ 435076.91239999991376, 733255.157199999201111 ], [ 435078.682366668770555, 733256.647666666889563 ] ] ] } },
{ "type": "Feature", "properties": { "LEFT_FID": 17, "RIGHT_FID": 3 }, "geometry": { "type": "MultiLineString", "coordinates": [ [ [ 435078.682366668770555, 733256.647666666889563 ], [ 435063.399900000193156, 733242.667899999185465 ] ] ] } },
{ "type": "Feature", "properties": { "LEFT_FID": 17, "RIGHT_FID": 11 }, "geometry": { "type": "MultiLineString", "coordinates": [ [ [ 435078.682366668770555, 733256.647666666889563 ], [ 435063.399900000193156, 733242.667899999185465 ] ] ] } },
{ "type": "Feature", "properties": { "LEFT_FID": -1, "RIGHT_FID": 11 }, "geometry": { "type": "MultiLineString", "coordinates": [ [ [ 435088.188799998606555, 733264.652899998356588 ], [ 435079.692299999529496, 733257.571499999030493 ], [ 435078.682366668770555, 733256.647666666889563 ] ] ] } },
{ "type": "Feature", "properties": { "LEFT_FID": -1, "RIGHT_FID": 17 }, "geometry": { "type": "MultiLineString", "coordinates": [ [ [ 435078.682366668770555, 733256.647666666889563 ], [ 435088.188799998606555, 733264.652899998356588 ] ] ] } },
{ "type": "Feature", "properties": { "LEFT_FID": 17, "RIGHT_FID": 11 }, "geometry": { "type": "MultiLineString", "coordinates": [ [ [ 435147.346708163851872, 733304.15774450416211 ], [ 435124.584099998697639, 733290.693499999702908 ], [ 435112.017000000050757, 733282.402199999894947 ], [ 435099.887799998745322, 733273.728299998794682 ], [ 435088.188799998606555, 733264.652899998356588 ] ] ] } },
{ "type": "Feature", "properties": { "LEFT_FID": -1, "RIGHT_FID": 17 }, "geometry": { "type": "MultiLineString", "coordinates": [ [ [ 435147.346708163851872, 733304.15774450416211 ], [ 435105.422399999690242, 733272.296700000297278 ], [ 435061.935499999322928, 733237.309499999508262 ], [ 435031.454600000346545, 733205.015799999120645 ], [ 435026.171489940141328, 733200.111516653792933 ] ] ] } },
{ "type": "Feature", "properties": { "LEFT_FID": -1, "RIGHT_FID": 11 }, "geometry": { "type": "MultiLineString", "coordinates": [ [ [ 435206.753651653416455, 733346.611231159185991 ], [ 435159.73009999957867, 733313.5687000004109 ], [ 435147.346708163851872, 733304.15774450416211 ] ] ] } },
{ "type": "Feature", "properties": { "LEFT_FID": 17, "RIGHT_FID": 11 }, "geometry": { "type": "MultiLineString", "coordinates": [ [ [ 435215.994579346268438, 733354.490398584748618 ], [ 435211.705300000088755, 733351.082599999848753 ], [ 435206.753651653416455, 733346.611231159185991 ] ] ] } },
{ "type": "Feature", "properties": { "LEFT_FID": -1, "RIGHT_FID": 17 }, "geometry": { "type": "MultiLineString", "coordinates": [ [ [ 435215.994579346268438, 733354.490398584748618 ], [ 435209.561000000685453, 733348.583900000434369 ], [ 435206.753651653416455, 733346.611231159185991 ] ] ] } },
{ "type": "Feature", "properties": { "LEFT_FID": -1, "RIGHT_FID": 11 }, "geometry": { "type": "MultiLineString", "coordinates": [ [ [ 435384.566530888027046, 733494.286406796425581 ], [ 435335.286800000292715, 733460.251200000056997 ], [ 435308.528899999277201, 733438.731399999465793 ], [ 435281.348499999963678, 733414.490099999355152 ], [ 435215.994579346268438, 733354.490398584748618 ] ] ] } },
{ "type": "Feature", "properties": { "LEFT_FID": 17, "RIGHT_FID": 11 }, "geometry": { "type": "MultiLineString", "coordinates": [ [ [ 435433.132800000254065, 733544.610300000174902 ], [ 435423.707199999131262, 733537.375499998568557 ], [ 435416.405800000706222, 733531.156199998338707 ], [ 435406.218700000317767, 733521.029699999722652 ], [ 435396.917099999496713, 733510.118000000831671 ], [ 435384.566530888027046, 733494.286406796425581 ] ] ] } },
{ "type": "Feature", "properties": { "LEFT_FID": 11, "RIGHT_FID": 3 }, "geometry": { "type": "MultiLineString", "coordinates": [ [ [ 435433.132800000254065, 733544.610300000174902 ], [ 435442.866999999328982, 733551.28869999863673 ], [ 435447.234300001291558, 733553.977599999983795 ] ] ] } },
{ "type": "Feature", "properties": { "LEFT_FID": 11, "RIGHT_FID": 11 }, "geometry": { "type": "MultiLineString", "coordinates": [ [ [ 435433.132800000254065, 733544.610300000174902 ], [ 435442.866999999328982, 733551.28869999863673 ], [ 435447.234300001291558, 733553.977599999983795 ] ] ] } },
{ "type": "Feature", "properties": { "LEFT_FID": 17, "RIGHT_FID": 3 }, "geometry": { "type": "MultiLineString", "coordinates": [ [ [ 435447.234300001291558, 733553.977599999983795 ], [ 435433.132800000254065, 733544.610300000174902 ] ] ] } },
{ "type": "Feature", "properties": { "LEFT_FID": 17, "RIGHT_FID": 11 }, "geometry": { "type": "MultiLineString", "coordinates": [ [ [ 435447.234300001291558, 733553.977599999983795 ], [ 435433.132800000254065, 733544.610300000174902 ] ] ] } },
{ "type": "Feature", "properties": { "LEFT_FID": -1, "RIGHT_FID": 11 }, "geometry": { "type": "MultiLineString", "coordinates": [ [ [ 435451.324299999454524, 733556.49570000031963 ], [ 435448.845499999122694, 733555.047800000407733 ], [ 435447.234300001291558, 733553.977599999983795 ] ] ] } },
{ "type": "Feature", "properties": { "LEFT_FID": -1, "RIGHT_FID": 17 }, "geometry": { "type": "MultiLineString", "coordinates": [ [ [ 435447.234300001291558, 733553.977599999983795 ], [ 435451.324299999454524, 733556.49570000031963 ] ] ] } },
{ "type": "Feature", "properties": { "LEFT_FID": 11, "RIGHT_FID": 3 }, "geometry": { "type": "MultiLineString", "coordinates": [ [ [ 435451.324299999454524, 733556.49570000031963 ], [ 435452.885199999611359, 733557.456700000213459 ], [ 435454.576066667970736, 733558.39513333234936 ] ] ] } },
{ "type": "Feature", "properties": { "LEFT_FID": 11, "RIGHT_FID": 11 }, "geometry": { "type": "MultiLineString", "coordinates": [ [ [ 435451.324299999454524, 733556.49570000031963 ], [ 435452.885199999611359, 733557.456700000213459 ], [ 435454.576066667970736, 733558.39513333234936 ] ] ] } },
{ "type": "Feature", "properties": { "LEFT_FID": 17, "RIGHT_FID": 3 }, "geometry": { "type": "MultiLineString", "coordinates": [ [ [ 435454.576066667970736, 733558.39513333234936 ], [ 435451.324299999454524, 733556.49570000031963 ] ] ] } },
{ "type": "Feature", "properties": { "LEFT_FID": 17, "RIGHT_FID": 11 }, "geometry": { "type": "MultiLineString", "coordinates": [ [ [ 435454.576066667970736, 733558.39513333234936 ], [ 435451.324299999454524, 733556.49570000031963 ] ] ] } },
{ "type": "Feature", "properties": { "LEFT_FID": -1, "RIGHT_FID": 11 }, "geometry": { "type": "MultiLineString", "coordinates": [ [ [ 435460.153299999597948, 733561.490399999078363 ], [ 435456.966500000562519, 733559.791400001267903 ], [ 435454.576066667970736, 733558.39513333234936 ] ] ] } },
{ "type": "Feature", "properties": { "LEFT_FID": -1, "RIGHT_FID": 17 }, "geometry": { "type": "MultiLineString", "coordinates": [ [ [ 435454.576066667970736, 733558.39513333234936 ], [ 435460.153299999597948, 733561.490399999078363 ] ] ] } },
{ "type": "Feature", "properties": { "LEFT_FID": 11, "RIGHT_FID": 3 }, "geometry": { "type": "MultiLineString", "coordinates": [ [ [ 435460.153299999597948, 733561.490399999078363 ], [ 435463.16249999916181, 733563.160499999765307 ], [ 435465.32990000047721, 733564.250299998559058 ] ] ] } },
{ "type": "Feature", "properties": { "LEFT_FID": 11, "RIGHT_FID": 11 }, "geometry": { "type": "MultiLineString", "coordinates": [ [ [ 435460.153299999597948, 733561.490399999078363 ], [ 435463.16249999916181, 733563.160499999765307 ], [ 435465.32990000047721, 733564.250299998559058 ] ] ] } },
{ "type": "Feature", "properties": { "LEFT_FID": 17, "RIGHT_FID": 3 }, "geometry": { "type": "MultiLineString", "coordinates": [ [ [ 435465.32990000047721, 733564.250299998559058 ], [ 435460.153299999597948, 733561.490399999078363 ] ] ] } },
{ "type": "Feature", "properties": { "LEFT_FID": 17, "RIGHT_FID": 11 }, "geometry": { "type": "MultiLineString", "coordinates": [ [ [ 435465.32990000047721, 733564.250299998559058 ], [ 435460.153299999597948, 733561.490399999078363 ] ] ] } },
{ "type": "Feature", "properties": { "LEFT_FID": -1, "RIGHT_FID": 11 }, "geometry": { "type": "MultiLineString", "coordinates": [ [ [ 435470.604516665567644, 733566.902499998919666 ], [ 435467.340400000393856, 733565.322200000169687 ], [ 435465.32990000047721, 733564.250299998559058 ] ] ] } },
{ "type": "Feature", "properties": { "LEFT_FID": -1, "RIGHT_FID": 17 }, "geometry": { "type": "MultiLineString", "coordinates": [ [ [ 435465.32990000047721, 733564.250299998559058 ], [ 435470.604516665567644, 733566.902499998919666 ] ] ] } },
{ "type": "Feature", "properties": { "LEFT_FID": 11, "RIGHT_FID": 3 }, "geometry": { "type": "MultiLineString", "coordinates": [ [ [ 435470.604516665567644, 733566.902499998919666 ], [ 435473.67410000145901, 733568.445900001563132 ], [ 435475.064266665605828, 733569.061666667694226 ] ] ] } },
{ "type": "Feature", "properties": { "LEFT_FID": 11, "RIGHT_FID": 11 }, "geometry": { "type": "MultiLineString", "coordinates": [ [ [ 435470.604516665567644, 733566.902499998919666 ], [ 435473.67410000145901, 733568.445900001563132 ], [ 435475.064266665605828, 733569.061666667694226 ] ] ] } },
{ "type": "Feature", "properties": { "LEFT_FID": 17, "RIGHT_FID": 3 }, "geometry": { "type": "MultiLineString", "coordinates": [ [ [ 435475.064266665605828, 733569.061666667694226 ], [ 435470.604516665567644, 733566.902499998919666 ] ] ] } },
{ "type": "Feature", "properties": { "LEFT_FID": 17, "RIGHT_FID": 11 }, "geometry": { "type": "MultiLineString", "coordinates": [ [ [ 435475.064266665605828, 733569.061666667694226 ], [ 435470.604516665567644, 733566.902499998919666 ] ] ] } },
{ "type": "Feature", "properties": { "LEFT_FID": -1, "RIGHT_FID": 11 }, "geometry": { "type": "MultiLineString", "coordinates": [ [ [ 435492.348400000017136, 733576.716900000465102 ], [ 435490.917699999292381, 733576.147399998852052 ], [ 435477.938700000580866, 733570.453199998708442 ], [ 435475.064266665605828, 733569.061666667694226 ] ] ] } },
{ "type": "Feature", "properties": { "LEFT_FID": -1, "RIGHT_FID": 17 }, "geometry": { "type": "MultiLineString", "coordinates": [ [ [ 435475.064266665605828, 733569.061666667694226 ], [ 435492.348400000017136, 733576.716900000465102 ] ] ] } },
{ "type": "Feature", "properties": { "LEFT_FID": 11, "RIGHT_FID": 3 }, "geometry": { "type": "MultiLineString", "coordinates": [ [ [ 435492.348400000017136, 733576.716900000465102 ], [ 435493.105800000950694, 733577.05240000016056 ], [ 435498.841097543481737, 733579.301606166991405 ] ] ] } },
{ "type": "Feature", "properties": { "LEFT_FID": 11, "RIGHT_FID": 11 }, "geometry": { "type": "MultiLineString", "coordinates": [ [ [ 435492.348400000017136, 733576.716900000465102 ], [ 435493.105800000950694, 733577.05240000016056 ], [ 435498.841097543481737, 733579.301606166991405 ] ] ] } },
{ "type": "Feature", "properties": { "LEFT_FID": 17, "RIGHT_FID": 3 }, "geometry": { "type": "MultiLineString", "coordinates": [ [ [ 435498.841097543481737, 733579.301606166991405 ], [ 435492.348400000017136, 733576.716900000465102 ] ] ] } },
{ "type": "Feature", "properties": { "LEFT_FID": 17, "RIGHT_FID": 11 }, "geometry": { "type": "MultiLineString", "coordinates": [ [ [ 435498.841097543481737, 733579.301606166991405 ], [ 435492.348400000017136, 733576.716900000465102 ] ] ] } },
{ "type": "Feature", "properties": { "LEFT_FID": 17, "RIGHT_FID": 11 }, "geometry": { "type": "MultiLineString", "coordinates": [ [ [ 435498.84859999967739, 733579.304600000497885 ], [ 435498.841097543481737, 733579.301606166991405 ] ] ] } },
{ "type": "Feature", "properties": { "LEFT_FID": -1, "RIGHT_FID": 11 }, "geometry": { "type": "MultiLineString", "coordinates": [ [ [ 435505.318900001293514, 733581.842000000644475 ], [ 435504.140999999654014, 733581.411399999982677 ], [ 435498.84859999967739, 733579.304600000497885 ] ] ] } },
{ "type": "Feature", "properties": { "LEFT_FID": -1, "RIGHT_FID": 17 }, "geometry": { "type": "MultiLineString", "coordinates": [ [ [ 435498.84859999967739, 733579.304600000497885 ], [ 435505.318900001293514, 733581.842000000644475 ] ] ] } },
{ "type": "Feature", "properties": { "LEFT_FID": 17, "RIGHT_FID": 3 }, "geometry": { "type": "MultiLineString", "coordinates": [ [ [ 435518.597243982367218, 733586.696354616084136 ], [ 435505.318900001293514, 733581.842000000644475 ] ] ] } },
{ "type": "Feature", "properties": { "LEFT_FID": 17, "RIGHT_FID": 11 }, "geometry": { "type": "MultiLineString", "coordinates": [ [ [ 435518.597243982367218, 733586.696354616084136 ], [ 435505.318900001293514, 733581.842000000644475 ] ] ] } },
{ "type": "Feature", "properties": { "LEFT_FID": -1, "RIGHT_FID": 17 }, "geometry": { "type": "MultiLineString", "coordinates": [ [ [ 435518.597243982367218, 733586.696354616084136 ], [ 435512.070699999341741, 733581.990900000673719 ], [ 435481.086300000664778, 733560.948099999804981 ], [ 435384.566530888027046, 733494.286406796425581 ] ] ] } },
{ "type": "Feature", "properties": { "LEFT_FID": 11, "RIGHT_FID": 3 }, "geometry": { "type": "MultiLineString", "coordinates": [ [ [ 435505.318900001293514, 733581.842000000644475 ], [ 435506.365600000310224, 733582.252500000176951 ], [ 435518.623970557993744, 733586.715623724390753 ] ] ] } },
{ "type": "Feature", "properties": { "LEFT_FID": 11, "RIGHT_FID": 11 }, "geometry": { "type": "MultiLineString", "coordinates": [ [ [ 435505.318900001293514, 733581.842000000644475 ], [ 435506.365600000310224, 733582.252500000176951 ], [ 435518.623970557993744, 733586.715623724390753 ] ] ] } },
{ "type": "Feature", "properties": { "LEFT_FID": -1, "RIGHT_FID": 3 }, "geometry": { "type": "MultiLineString", "coordinates": [ [ [ 435518.623970557993744, 733586.715623724390753 ], [ 435518.597243982367218, 733586.696354616084136 ] ] ] } },
{ "type": "Feature", "properties": { "LEFT_FID": -1, "RIGHT_FID": 11 }, "geometry": { "type": "MultiLineString", "coordinates": [ [ [ 435518.623970557993744, 733586.715623724390753 ], [ 435518.597243982367218, 733586.696354616084136 ] ] ] } },
{ "type": "Feature", "properties": { "LEFT_FID": -1, "RIGHT_FID": 11 }, "geometry": { "type": "MultiLineString", "coordinates": [ [ [ 435724.243800001218915, 733749.954200000385754 ], [ 435702.742610298970249, 733733.787755147786811 ], [ 435673.040399999648798, 733714.055700000375509 ], [ 435620.655299998819828, 733667.761499998276122 ], [ 435568.148199999763165, 733622.421199999051169 ], [ 435518.623970557993744, 733586.715623724390753 ] ] ] } },
{ "type": "Feature", "properties": { "LEFT_FID": -1, "RIGHT_FID": 17 }, "geometry": { "type": "MultiLineString", "coordinates": [ [ [ 435702.848456127103418, 733733.858071658178233 ], [ 435723.141900000511669, 733749.064999999827705 ], [ 435724.243800001218915, 733749.954200000385754 ] ] ] } },
{ "type": "Feature", "properties": { "LEFT_FID": 17, "RIGHT_FID": 3 }, "geometry": { "type": "MultiLineString", "coordinates": [ [ [ 435724.900400000275113, 733750.447899998747744 ], [ 435724.243800001218915, 733749.954200000385754 ] ] ] } },
{ "type": "Feature", "properties": { "LEFT_FID": 17, "RIGHT_FID": 11 }, "geometry": { "type": "MultiLineString", "coordinates": [ [ [ 435724.900400000275113, 733750.447899998747744 ], [ 435724.243800001218915, 733749.954200000385754 ] ] ] } },
{ "type": "Feature", "properties": { "LEFT_FID": 11, "RIGHT_FID": 3 }, "geometry": { "type": "MultiLineString", "coordinates": [ [ [ 435724.243800001218915, 733749.954200000385754 ], [ 435728.10840000025928, 733753.072899998980574 ] ] ] } },
{ "type": "Feature", "properties": { "LEFT_FID": 11, "RIGHT_FID": 11 }, "geometry": { "type": "MultiLineString", "coordinates": [ [ [ 435724.243800001218915, 733749.954200000385754 ], [ 435728.10840000025928, 733753.072899998980574 ] ] ] } },
{ "type": "Feature", "properties": { "LEFT_FID": 17, "RIGHT_FID": 3 }, "geometry": { "type": "MultiLineString", "coordinates": [ [ [ 435728.10840000025928, 733753.072899998980574 ], [ 435724.900400000275113, 733750.447899998747744 ] ] ] } },
{ "type": "Feature", "properties": { "LEFT_FID": 17, "RIGHT_FID": 11 }, "geometry": { "type": "MultiLineString", "coordinates": [ [ [ 435728.10840000025928, 733753.072899998980574 ], [ 435724.900400000275113, 733750.447899998747744 ] ] ] } },
{ "type": "Feature", "properties": { "LEFT_FID": -1, "RIGHT_FID": 11 }, "geometry": { "type": "MultiLineString", "coordinates": [ [ [ 435732.638499999709893, 733756.77969999879133 ], [ 435728.10840000025928, 733753.072899998980574 ] ] ] } },
{ "type": "Feature", "properties": { "LEFT_FID": -1, "RIGHT_FID": 17 }, "geometry": { "type": "MultiLineString", "coordinates": [ [ [ 435728.10840000025928, 733753.072899998980574 ], [ 435731.866299999062903, 733756.105400000116788 ], [ 435732.638499999709893, 733756.77969999879133 ] ] ] } },
{ "type": "Feature", "properties": { "LEFT_FID": 17, "RIGHT_FID": 3 }, "geometry": { "type": "MultiLineString", "coordinates": [ [ [ 435733.587700000614859, 733757.556299998541363 ], [ 435732.638499999709893, 733756.77969999879133 ] ] ] } },
{ "type": "Feature", "properties": { "LEFT_FID": 17, "RIGHT_FID": 11 }, "geometry": { "type": "MultiLineString", "coordinates": [ [ [ 435733.587700000614859, 733757.556299998541363 ], [ 435732.638499999709893, 733756.77969999879133 ] ] ] } },
{ "type": "Feature", "properties": { "LEFT_FID": 11, "RIGHT_FID": 3 }, "geometry": { "type": "MultiLineString", "coordinates": [ [ [ 435732.638499999709893, 733756.77969999879133 ], [ 435736.789699998975266, 733760.404100001091138 ] ] ] } },
{ "type": "Feature", "properties": { "LEFT_FID": 11, "RIGHT_FID": 11 }, "geometry": { "type": "MultiLineString", "coordinates": [ [ [ 435732.638499999709893, 733756.77969999879133 ], [ 435736.789699998975266, 733760.404100001091138 ] ] ] } },
{ "type": "Feature", "properties": { "LEFT_FID": 17, "RIGHT_FID": 3 }, "geometry": { "type": "MultiLineString", "coordinates": [ [ [ 435736.789699998975266, 733760.404100001091138 ], [ 435733.587700000614859, 733757.556299998541363 ] ] ] } },
{ "type": "Feature", "properties": { "LEFT_FID": 17, "RIGHT_FID": 11 }, "geometry": { "type": "MultiLineString", "coordinates": [ [ [ 435736.789699998975266, 733760.404100001091138 ], [ 435733.587700000614859, 733757.556299998541363 ] ] ] } },
{ "type": "Feature", "properties": { "LEFT_FID": -1, "RIGHT_FID": 11 }, "geometry": { "type": "MultiLineString", "coordinates": [ [ [ 435740.911999998963438, 733764.070499998982996 ], [ 435736.789699998975266, 733760.404100001091138 ] ] ] } },
{ "type": "Feature", "properties": { "LEFT_FID": -1, "RIGHT_FID": 17 }, "geometry": { "type": "MultiLineString", "coordinates": [ [ [ 435736.789699998975266, 733760.404100001091138 ], [ 435740.376500000362284, 733763.535800001583993 ], [ 435740.911999998963438, 733764.070499998982996 ] ] ] } },
{ "type": "Feature", "properties": { "LEFT_FID": 17, "RIGHT_FID": 3 }, "geometry": { "type": "MultiLineString", "coordinates": [ [ [ 435742.046600001049228, 733765.079600001452491 ], [ 435740.911999998963438, 733764.070499998982996 ] ] ] } },
{ "type": "Feature", "properties": { "LEFT_FID": 17, "RIGHT_FID": 11 }, "geometry": { "type": "MultiLineString", "coordinates": [ [ [ 435742.046600001049228, 733765.079600001452491 ], [ 435740.911999998963438, 733764.070499998982996 ] ] ] } },
{ "type": "Feature", "properties": { "LEFT_FID": 11, "RIGHT_FID": 3 }, "geometry": { "type": "MultiLineString", "coordinates": [ [ [ 435740.911999998963438, 733764.070499998982996 ], [ 435743.7622000008123, 733766.916300001670606 ] ] ] } },
{ "type": "Feature", "properties": { "LEFT_FID": 11, "RIGHT_FID": 11 }, "geometry": { "type": "MultiLineString", "coordinates": [ [ [ 435740.911999998963438, 733764.070499998982996 ], [ 435743.7622000008123, 733766.916300001670606 ] ] ] } },
{ "type": "Feature", "properties": { "LEFT_FID": 17, "RIGHT_FID": 3 }, "geometry": { "type": "MultiLineString", "coordinates": [ [ [ 435743.7622000008123, 733766.916300001670606 ], [ 435742.046600001049228, 733765.079600001452491 ] ] ] } },
{ "type": "Feature", "properties": { "LEFT_FID": 17, "RIGHT_FID": 11 }, "geometry": { "type": "MultiLineString", "coordinates": [ [ [ 435743.7622000008123, 733766.916300001670606 ], [ 435742.046600001049228, 733765.079600001452491 ] ] ] } },
{ "type": "Feature", "properties": { "LEFT_FID": -1, "RIGHT_FID": 11 }, "geometry": { "type": "MultiLineString", "coordinates": [ [ [ 435745.90160000056494, 733769.206800001091324 ], [ 435743.7622000008123, 733766.916300001670606 ] ] ] } },
{ "type": "Feature", "properties": { "LEFT_FID": -1, "RIGHT_FID": 17 }, "geometry": { "type": "MultiLineString", "coordinates": [ [ [ 435743.7622000008123, 733766.916300001670606 ], [ 435745.406699999293778, 733768.558299999916926 ], [ 435745.90160000056494, 733769.206800001091324 ] ] ] } },
{ "type": "Feature", "properties": { "LEFT_FID": 17, "RIGHT_FID": 3 }, "geometry": { "type": "MultiLineString", "coordinates": [ [ [ 435746.428900000290014, 733769.77129999990575 ], [ 435745.90160000056494, 733769.206800001091324 ] ] ] } },
{ "type": "Feature", "properties": { "LEFT_FID": 17, "RIGHT_FID": 11 }, "geometry": { "type": "MultiLineString", "coordinates": [ [ [ 435746.428900000290014, 733769.77129999990575 ], [ 435745.90160000056494, 733769.206800001091324 ] ] ] } },
{ "type": "Feature", "properties": { "LEFT_FID": 11, "RIGHT_FID": 3 }, "geometry": { "type": "MultiLineString", "coordinates": [ [ [ 435745.90160000056494, 733769.206800001091324 ], [ 435747.361400000401773, 733771.119600000907667 ] ] ] } },
{ "type": "Feature", "properties": { "LEFT_FID": 11, "RIGHT_FID": 11 }, "geometry": { "type": "MultiLineString", "coordinates": [ [ [ 435745.90160000056494, 733769.206800001091324 ], [ 435747.361400000401773, 733771.119600000907667 ] ] ] } },
{ "type": "Feature", "properties": { "LEFT_FID": 17, "RIGHT_FID": 3 }, "geometry": { "type": "MultiLineString", "coordinates": [ [ [ 435747.361400000401773, 733771.119600000907667 ], [ 435746.428900000290014, 733769.77129999990575 ] ] ] } },
{ "type": "Feature", "properties": { "LEFT_FID": 17, "RIGHT_FID": 11 }, "geometry": { "type": "MultiLineString", "coordinates": [ [ [ 435747.361400000401773, 733771.119600000907667 ], [ 435746.428900000290014, 733769.77129999990575 ] ] ] } },
{ "type": "Feature", "properties": { "LEFT_FID": -1, "RIGHT_FID": 11 }, "geometry": { "type": "MultiLineString", "coordinates": [ [ [ 435750.030999999726191, 733774.979399999137968 ], [ 435747.361400000401773, 733771.119600000907667 ] ] ] } },
{ "type": "Feature", "properties": { "LEFT_FID": -1, "RIGHT_FID": 17 }, "geometry": { "type": "MultiLineString", "coordinates": [ [ [ 435747.361400000401773, 733771.119600000907667 ], [ 435749.223200000124052, 733773.559000000241213 ], [ 435750.030999999726191, 733774.979399999137968 ] ] ] } },
{ "type": "Feature", "properties": { "LEFT_FID": 17, "RIGHT_FID": 3 }, "geometry": { "type": "MultiLineString", "coordinates": [ [ [ 435750.874600000213832, 733776.199000000022352 ], [ 435750.030999999726191, 733774.979399999137968 ] ] ] } },
{ "type": "Feature", "properties": { "LEFT_FID": 17, "RIGHT_FID": 11 }, "geometry": { "type": "MultiLineString", "coordinates": [ [ [ 435750.874600000213832, 733776.199000000022352 ], [ 435750.030999999726191, 733774.979399999137968 ] ] ] } },
{ "type": "Feature", "properties": { "LEFT_FID": 11, "RIGHT_FID": 3 }, "geometry": { "type": "MultiLineString", "coordinates": [ [ [ 435750.030999999726191, 733774.979399999137968 ], [ 435751.969799999089446, 733778.388199999229982 ] ] ] } },
{ "type": "Feature", "properties": { "LEFT_FID": 11, "RIGHT_FID": 11 }, "geometry": { "type": "MultiLineString", "coordinates": [ [ [ 435750.030999999726191, 733774.979399999137968 ], [ 435751.969799999089446, 733778.388199999229982 ] ] ] } },
{ "type": "Feature", "properties": { "LEFT_FID": 17, "RIGHT_FID": 3 }, "geometry": { "type": "MultiLineString", "coordinates": [ [ [ 435751.969799999089446, 733778.388199999229982 ], [ 435750.874600000213832, 733776.199000000022352 ] ] ] } },
{ "type": "Feature", "properties": { "LEFT_FID": 17, "RIGHT_FID": 11 }, "geometry": { "type": "MultiLineString", "coordinates": [ [ [ 435751.969799999089446, 733778.388199999229982 ], [ 435750.874600000213832, 733776.199000000022352 ] ] ] } },
{ "type": "Feature", "properties": { "LEFT_FID": -1, "RIGHT_FID": 11 }, "geometry": { "type": "MultiLineString", "coordinates": [ [ [ 435753.701100000878796, 733781.849000000511296 ], [ 435751.969799999089446, 733778.388199999229982 ] ] ] } },
{ "type": "Feature", "properties": { "LEFT_FID": -1, "RIGHT_FID": 17 }, "geometry": { "type": "MultiLineString", "coordinates": [ [ [ 435751.969799999089446, 733778.388199999229982 ], [ 435753.065100001171231, 733780.313999998848885 ], [ 435753.701100000878796, 733781.849000000511296 ] ] ] } },
{ "type": "Feature", "properties": { "LEFT_FID": 17, "RIGHT_FID": 3 }, "geometry": { "type": "MultiLineString", "coordinates": [ [ [ 435754.35219999885885, 733783.150499998475425 ], [ 435753.701100000878796, 733781.849000000511296 ] ] ] } },
{ "type": "Feature", "properties": { "LEFT_FID": 17, "RIGHT_FID": 11 }, "geometry": { "type": "MultiLineString", "coordinates": [ [ [ 435754.35219999885885, 733783.150499998475425 ], [ 435753.701100000878796, 733781.849000000511296 ] ] ] } },
{ "type": "Feature", "properties": { "LEFT_FID": 11, "RIGHT_FID": 3 }, "geometry": { "type": "MultiLineString", "coordinates": [ [ [ 435753.701100000878796, 733781.849000000511296 ], [ 435755.040899999963585, 733785.08260000043083 ] ] ] } },
{ "type": "Feature", "properties": { "LEFT_FID": 11, "RIGHT_FID": 11 }, "geometry": { "type": "MultiLineString", "coordinates": [ [ [ 435753.701100000878796, 733781.849000000511296 ], [ 435755.040899999963585, 733785.08260000043083 ] ] ] } },
{ "type": "Feature", "properties": { "LEFT_FID": 17, "RIGHT_FID": 3 }, "geometry": { "type": "MultiLineString", "coordinates": [ [ [ 435755.040899999963585, 733785.08260000043083 ], [ 435754.35219999885885, 733783.150499998475425 ] ] ] } },
{ "type": "Feature", "properties": { "LEFT_FID": 17, "RIGHT_FID": 11 }, "geometry": { "type": "MultiLineString", "coordinates": [ [ [ 435755.040899999963585, 733785.08260000043083 ], [ 435754.35219999885885, 733783.150499998475425 ] ] ] } },
{ "type": "Feature", "properties": { "LEFT_FID": -1, "RIGHT_FID": 11 }, "geometry": { "type": "MultiLineString", "coordinates": [ [ [ 435756.620399999781512, 733789.513499998371117 ], [ 435755.040899999963585, 733785.08260000043083 ] ] ] } },
{ "type": "Feature", "properties": { "LEFT_FID": -1, "RIGHT_FID": 17 }, "geometry": { "type": "MultiLineString", "coordinates": [ [ [ 435755.040899999963585, 733785.08260000043083 ], [ 435756.05389999889303, 733787.527399999904446 ], [ 435756.620399999781512, 733789.513499998371117 ] ] ] } },
{ "type": "Feature", "properties": { "LEFT_FID": 17, "RIGHT_FID": 3 }, "geometry": { "type": "MultiLineString", "coordinates": [ [ [ 435757.51739999972051, 733792.029999998398125 ], [ 435756.620399999781512, 733789.513499998371117 ] ] ] } },
{ "type": "Feature", "properties": { "LEFT_FID": 17, "RIGHT_FID": 11 }, "geometry": { "type": "MultiLineString", "coordinates": [ [ [ 435757.51739999972051, 733792.029999998398125 ], [ 435756.620399999781512, 733789.513499998371117 ] ] ] } },
{ "type": "Feature", "properties": { "LEFT_FID": 11, "RIGHT_FID": 3 }, "geometry": { "type": "MultiLineString", "coordinates": [ [ [ 435756.620399999781512, 733789.513499998371117 ], [ 435759.091900001163594, 733798.179199998266995 ] ] ] } },
{ "type": "Feature", "properties": { "LEFT_FID": 11, "RIGHT_FID": 11 }, "geometry": { "type": "MultiLineString", "coordinates": [ [ [ 435756.620399999781512, 733789.513499998371117 ], [ 435759.091900001163594, 733798.179199998266995 ] ] ] } },
{ "type": "Feature", "properties": { "LEFT_FID": 17, "RIGHT_FID": 3 }, "geometry": { "type": "MultiLineString", "coordinates": [ [ [ 435759.091900001163594, 733798.179199998266995 ], [ 435757.51739999972051, 733792.029999998398125 ] ] ] } },
{ "type": "Feature", "properties": { "LEFT_FID": 17, "RIGHT_FID": 11 }, "geometry": { "type": "MultiLineString", "coordinates": [ [ [ 435759.091900001163594, 733798.179199998266995 ], [ 435757.51739999972051, 733792.029999998398125 ] ] ] } },
{ "type": "Feature", "properties": { "LEFT_FID": -1, "RIGHT_FID": 11 }, "geometry": { "type": "MultiLineString", "coordinates": [ [ [ 435759.698200000275392, 733800.54700000025332 ], [ 435759.091900001163594, 733798.179199998266995 ] ] ] } },
{ "type": "Feature", "properties": { "LEFT_FID": -1, "RIGHT_FID": 17 }, "geometry": { "type": "MultiLineString", "coordinates": [ [ [ 435759.091900001163594, 733798.179199998266995 ], [ 435759.53990000061458, 733799.749899999937043 ], [ 435759.698200000275392, 733800.54700000025332 ] ] ] } },
{ "type": "Feature", "properties": { "LEFT_FID": 17, "RIGHT_FID": 3 }, "geometry": { "type": "MultiLineString", "coordinates": [ [ [ 435759.89570000115782, 733801.318299998762086 ], [ 435759.698200000275392, 733800.54700000025332 ] ] ] } },
{ "type": "Feature", "properties": { "LEFT_FID": 17, "RIGHT_FID": 11 }, "geometry": { "type": "MultiLineString", "coordinates": [ [ [ 435759.89570000115782, 733801.318299998762086 ], [ 435759.698200000275392, 733800.54700000025332 ] ] ] } },
{ "type": "Feature", "properties": { "LEFT_FID": 11, "RIGHT_FID": 3 }, "geometry": { "type": "MultiLineString", "coordinates": [ [ [ 435759.698200000275392, 733800.54700000025332 ], [ 435764.572400000062771, 733825.090299999690615 ] ] ] } },
{ "type": "Feature", "properties": { "LEFT_FID": 11, "RIGHT_FID": 11 }, "geometry": { "type": "MultiLineString", "coordinates": [ [ [ 435759.698200000275392, 733800.54700000025332 ], [ 435764.572400000062771, 733825.090299999690615 ] ] ] } },
{ "type": "Feature", "properties": { "LEFT_FID": 17, "RIGHT_FID": 3 }, "geometry": { "type": "MultiLineString", "coordinates": [ [ [ 435764.572400000062771, 733825.090299999690615 ], [ 435759.89570000115782, 733801.318299998762086 ] ] ] } },
{ "type": "Feature", "properties": { "LEFT_FID": 17, "RIGHT_FID": 11 }, "geometry": { "type": "MultiLineString", "coordinates": [ [ [ 435764.572400000062771, 733825.090299999690615 ], [ 435759.89570000115782, 733801.318299998762086 ] ] ] } },
{ "type": "Feature", "properties": { "LEFT_FID": 17, "RIGHT_FID": 11 }, "geometry": { "type": "MultiLineString", "coordinates": [ [ [ 435778.667800000752322, 733867.882800000254065 ], [ 435769.770399999339134, 733843.4645 ], [ 435766.804800000099931, 733834.324799998779781 ], [ 435764.572400000062771, 733825.090299999690615 ] ] ] } },
{ "type": "Feature", "properties": { "LEFT_FID": 17, "RIGHT_FID": 3 }, "geometry": { "type": "MultiLineString", "coordinates": [ [ [ 435782.201299999200273, 733879.993300000904128 ], [ 435778.667800000752322, 733867.882800000254065 ] ] ] } },
{ "type": "Feature", "properties": { "LEFT_FID": 17, "RIGHT_FID": 11 }, "geometry": { "type": "MultiLineString", "coordinates": [ [ [ 435782.201299999200273, 733879.993300000904128 ], [ 435778.667800000752322, 733867.882800000254065 ] ] ] } },
{ "type": "Feature", "properties": { "LEFT_FID": 11, "RIGHT_FID": 3 }, "geometry": { "type": "MultiLineString", "coordinates": [ [ [ 435778.667800000752322, 733867.882800000254065 ], [ 435782.412600001029205, 733881.025699998484924 ] ] ] } },
{ "type": "Feature", "properties": { "LEFT_FID": 11, "RIGHT_FID": 11 }, "geometry": { "type": "MultiLineString", "coordinates": [ [ [ 435778.667800000752322, 733867.882800000254065 ], [ 435782.412600001029205, 733881.025699998484924 ] ] ] } },
{ "type": "Feature", "properties": { "LEFT_FID": 17, "RIGHT_FID": 3 }, "geometry": { "type": "MultiLineString", "coordinates": [ [ [ 435782.412600001029205, 733881.025699998484924 ], [ 435782.201299999200273, 733879.993300000904128 ] ] ] } },
{ "type": "Feature", "properties": { "LEFT_FID": 17, "RIGHT_FID": 11 }, "geometry": { "type": "MultiLineString", "coordinates": [ [ [ 435782.412600001029205, 733881.025699998484924 ], [ 435782.201299999200273, 733879.993300000904128 ] ] ] } },
{ "type": "Feature", "properties": { "LEFT_FID": -1, "RIGHT_FID": 11 }, "geometry": { "type": "MultiLineString", "coordinates": [ [ [ 435782.804599999741185, 733882.940500000375323 ], [ 435782.412600001029205, 733881.025699998484924 ] ] ] } },
{ "type": "Feature", "properties": { "LEFT_FID": -1, "RIGHT_FID": 17 }, "geometry": { "type": "MultiLineString", "coordinates": [ [ [ 435782.412600001029205, 733881.025699998484924 ], [ 435782.551300000108313, 733881.512399998609908 ], [ 435782.804599999741185, 733882.940500000375323 ] ] ] } },
{ "type": "Feature", "properties": { "LEFT_FID": 17, "RIGHT_FID": 3 }, "geometry": { "type": "MultiLineString", "coordinates": [ [ [ 435783.086379428452346, 733884.317197531461716 ], [ 435782.804599999741185, 733882.940500000375323 ] ] ] } },
{ "type": "Feature", "properties": { "LEFT_FID": 17, "RIGHT_FID": 11 }, "geometry": { "type": "MultiLineString", "coordinates": [ [ [ 435783.086379428452346, 733884.317197531461716 ], [ 435782.804599999741185, 733882.940500000375323 ] ] ] } },
{ "type": "Feature", "properties": { "LEFT_FID": -1, "RIGHT_FID": 17 }, "geometry": { "type": "MultiLineString", "coordinates": [ [ [ 435783.086379428452346, 733884.317197531461716 ], [ 435784.189399999682792, 733879.676800000364892 ], [ 435785.0043000006699, 733856.950499999686144 ], [ 435781.679199999838602, 733833.017799999797717 ], [ 435760.218699999386445, 733781.869699998758733 ], [ 435739.986200000683311, 733758.666499999235384 ], [ 435710.037099999259226, 733738.633700000937097 ], [ 435702.848456127103418, 733733.858071658178233 ] ] ] } },
{ "type": "Feature", "properties": { "LEFT_FID": 11, "RIGHT_FID": 3 }, "geometry": { "type": "MultiLineString", "coordinates": [ [ [ 435782.804599999741185, 733882.940500000375323 ], [ 435783.064818782440852, 733884.407902972423472 ] ] ] } },
{ "type": "Feature", "properties": { "LEFT_FID": 11, "RIGHT_FID": 11 }, "geometry": { "type": "MultiLineString", "coordinates": [ [ [ 435782.804599999741185, 733882.940500000375323 ], [ 435783.064818782440852, 733884.407902972423472 ] ] ] } },
{ "type": "Feature", "properties": { "LEFT_FID": -1, "RIGHT_FID": 3 }, "geometry": { "type": "MultiLineString", "coordinates": [ [ [ 435783.064818782440852, 733884.407902972423472 ], [ 435783.086379428452346, 733884.317197531461716 ] ] ] } },
{ "type": "Feature", "properties": { "LEFT_FID": -1, "RIGHT_FID": 11 }, "geometry": { "type": "MultiLineString", "coordinates": [ [ [ 435783.064818782440852, 733884.407902972423472 ], [ 435783.086379428452346, 733884.317197531461716 ] ] ] } },
{ "type": "Feature", "properties": { "LEFT_FID": -1, "RIGHT_FID": 11 }, "geometry": { "type": "MultiLineString", "coordinates": [ [ [ 426278.138600000063889, 733029.799200001289137 ], [ 426326.178499999805354, 733026.151799998129718 ], [ 426351.323600000469014, 733021.578500000061467 ], [ 426390.981999999028631, 733015.153400001232512 ], [ 426419.572800000489224, 733012.712400001706555 ], [ 426456.478400000953116, 733011.646299999556504 ], [ 426502.797599999350496, 733010.80450000136625 ], [ 426537.635199999785982, 733007.970799998380244 ], [ 426576.827899999276269, 733005.810399999609217 ], [ 426634.560300001059659, 732995.457299998961389 ], [ 426635.029499999189284, 732995.120600000722334 ], [ 426661.979200000292622, 732991.943100000382401 ], [ 426666.903515711368527, 733051.527398700709455 ], [ 426673.598125185177196, 733132.532297917408869 ], [ 426685.62569474906195, 733278.065400434890762 ], [ 426688.229132078588009, 733309.567297348286957 ], [ 426690.772395380074158, 733340.340600381838158 ], [ 426693.431485998095013, 733372.515301157371141 ], [ 426696.063003207847942, 733404.356599734048359 ], [ 426706.817741046950687, 733534.488996607600711 ], [ 426711.305470551014878, 733588.790202435106039 ], [ 426715.186021212779451, 733635.744998246780597 ], [ 426720.794877187989186, 733703.611715540522709 ], [ 426721.771194792992901, 733715.425100432010368 ], [ 426724.741007263655774, 733751.359999399865046 ], [ 426726.960699792020023, 733778.218200017116033 ], [ 426728.086089784104843, 733791.835300844395533 ], [ 426731.505880995071493, 733833.214601572137326 ], [ 426736.598681195464451, 733894.837501553702168 ], [ 426738.907999999937601, 733922.780600001220591 ], [ 426713.951880459848326, 734396.94719897210598 ] ] ] } },
{ "type": "Feature", "properties": { "LEFT_FID": -1, "RIGHT_FID": 11 }, "geometry": { "type": "MultiLineString", "coordinates": [ [ [ 435456.097628101939335, 734397.901439968612976 ], [ 435457.316800000029616, 734392.953299999353476 ], [ 435460.917400000151247, 734379.093099999241531 ], [ 435494.654799998912495, 734314.730100000859238 ], [ 435509.282899999408983, 734294.613199999323115 ], [ 435546.700400000496302, 734252.190899999579415 ], [ 435572.31930000038119, 734229.660999999963678 ], [ 435599.549999999580905, 734205.531899998895824 ], [ 435617.832799999974668, 734186.116399999707937 ], [ 435652.902900000917725, 734147.4818000002997 ], [ 435689.095800000592135, 734100.514199999510311 ], [ 435703.928999999305233, 734075.290899998391978 ], [ 435740.191200000175741, 734015.304799999226816 ], [ 435762.52130000066245, 733970.834299999754876 ], [ 435783.064818782440852, 733884.407902972423472 ] ] ] } },
{ "type": "Feature", "properties": { "LEFT_FID": 17, "RIGHT_FID": 11 }, "geometry": { "type": "MultiLineString", "coordinates": [ [ [ 435423.020100000489037, 734468.636999999172986 ], [ 435424.948900000890717, 734459.56839999940712 ], [ 435427.68840000074124, 734450.66019999992568 ], [ 435430.547200000961311, 734443.654399999766611 ], [ 435433.122100001026411, 734438.473000000347383 ], [ 435445.792200001014862, 734417.005899998941459 ], [ 435456.04930000071181, 734397.998199999332428 ], [ 435456.097628101939335, 734397.901439968612976 ] ] ] } },
{ "type": "Feature", "properties": { "LEFT_FID": 11, "RIGHT_FID": 3 }, "geometry": { "type": "MultiLineString", "coordinates": [ [ [ 435423.020100000489037, 734468.636999999172986 ], [ 435421.777700000617187, 734477.858399999793619 ], [ 435421.70926666574087, 734478.872866666526534 ] ] ] } },
{ "type": "Feature", "properties": { "LEFT_FID": 11, "RIGHT_FID": 11 }, "geometry": { "type": "MultiLineString", "coordinates": [ [ [ 435423.020100000489037, 734468.636999999172986 ], [ 435421.777700000617187, 734477.858399999793619 ], [ 435421.70926666574087, 734478.872866666526534 ] ] ] } },
{ "type": "Feature", "properties": { "LEFT_FID": 17, "RIGHT_FID": 3 }, "geometry": { "type": "MultiLineString", "coordinates": [ [ [ 435421.70926666574087, 734478.872866666526534 ], [ 435423.020100000489037, 734468.636999999172986 ] ] ] } },
{ "type": "Feature", "properties": { "LEFT_FID": 17, "RIGHT_FID": 11 }, "geometry": { "type": "MultiLineString", "coordinates": [ [ [ 435421.70926666574087, 734478.872866666526534 ], [ 435423.020100000489037, 734468.636999999172986 ] ] ] } },
{ "type": "Feature", "properties": { "LEFT_FID": -1, "RIGHT_FID": 11 }, "geometry": { "type": "MultiLineString", "coordinates": [ [ [ 435421.315832122927532, 734484.701102168532088 ], [ 435421.600700000417419, 734479.720399999292567 ], [ 435421.70926666574087, 734478.872866666526534 ] ] ] } },
{ "type": "Feature", "properties": { "LEFT_FID": -1, "RIGHT_FID": 17 }, "geometry": { "type": "MultiLineString", "coordinates": [ [ [ 435421.70926666574087, 734478.872866666526534 ], [ 435421.315832122927532, 734484.701102168532088 ] ] ] } },
{ "type": "Feature", "properties": { "LEFT_FID": 17, "RIGHT_FID": 11 }, "geometry": { "type": "MultiLineString", "coordinates": [ [ [ 435421.315599999390543, 734484.704699999652803 ], [ 435421.315832122927532, 734484.701102168532088 ] ] ] } },
{ "type": "Feature", "properties": { "LEFT_FID": 11, "RIGHT_FID": 3 }, "geometry": { "type": "MultiLineString", "coordinates": [ [ [ 435421.315599999390543, 734484.704699999652803 ], [ 435421.01799999922514, 734489.115000000339933 ], [ 435421.019700000470039, 734489.879300000611693 ] ] ] } },
{ "type": "Feature", "properties": { "LEFT_FID": 11, "RIGHT_FID": 11 }, "geometry": { "type": "MultiLineString", "coordinates": [ [ [ 435421.315599999390543, 734484.704699999652803 ], [ 435421.01799999922514, 734489.115000000339933 ], [ 435421.019700000470039, 734489.879300000611693 ] ] ] } },
{ "type": "Feature", "properties": { "LEFT_FID": 17, "RIGHT_FID": 3 }, "geometry": { "type": "MultiLineString", "coordinates": [ [ [ 435421.019700000470039, 734489.879300000611693 ], [ 435421.315599999390543, 734484.704699999652803 ] ] ] } },
{ "type": "Feature", "properties": { "LEFT_FID": 17, "RIGHT_FID": 11 }, "geometry": { "type": "MultiLineString", "coordinates": [ [ [ 435421.019700000470039, 734489.879300000611693 ], [ 435421.315599999390543, 734484.704699999652803 ] ] ] } },
{ "type": "Feature", "properties": { "LEFT_FID": -1, "RIGHT_FID": 11 }, "geometry": { "type": "MultiLineString", "coordinates": [ [ [ 435421.050489455694333, 734503.890400024945848 ], [ 435420.955000000307336, 734491.010399999213405 ], [ 435421.019700000470039, 734489.879300000611693 ] ] ] } },
{ "type": "Feature", "properties": { "LEFT_FID": -1, "RIGHT_FID": 17 }, "geometry": { "type": "MultiLineString", "coordinates": [ [ [ 435421.019700000470039, 734489.879300000611693 ], [ 435421.050489455694333, 734503.890400024945848 ] ] ] } },
{ "type": "Feature", "properties": { "LEFT_FID": 17, "RIGHT_FID": 11 }, "geometry": { "type": "MultiLineString", "coordinates": [ [ [ 435421.050500000768807, 734503.89679999940563 ], [ 435421.050489455694333, 734503.890400024945848 ] ] ] } },
{ "type": "Feature", "properties": { "LEFT_FID": 11, "RIGHT_FID": 3 }, "geometry": { "type": "MultiLineString", "coordinates": [ [ [ 435421.050500000768807, 734503.89679999940563 ], [ 435421.06879999965895, 734512.201500000664964 ], [ 435421.12100000056671, 734513.401799999526702 ] ] ] } },
{ "type": "Feature", "properties": { "LEFT_FID": 11, "RIGHT_FID": 11 }, "geometry": { "type": "MultiLineString", "coordinates": [ [ [ 435421.050500000768807, 734503.89679999940563 ], [ 435421.06879999965895, 734512.201500000664964 ], [ 435421.12100000056671, 734513.401799999526702 ] ] ] } },
{ "type": "Feature", "properties": { "LEFT_FID": 17, "RIGHT_FID": 3 }, "geometry": { "type": "MultiLineString", "coordinates": [ [ [ 435421.12100000056671, 734513.401799999526702 ], [ 435421.050500000768807, 734503.89679999940563 ] ] ] } },
{ "type": "Feature", "properties": { "LEFT_FID": 17, "RIGHT_FID": 11 }, "geometry": { "type": "MultiLineString", "coordinates": [ [ [ 435421.12100000056671, 734513.401799999526702 ], [ 435421.050500000768807, 734503.89679999940563 ] ] ] } },
{ "type": "Feature", "properties": { "LEFT_FID": -1, "RIGHT_FID": 11 }, "geometry": { "type": "MultiLineString", "coordinates": [ [ [ 435423.664000000571832, 734571.882700000773184 ], [ 435421.126600000425242, 734514.157400000374764 ], [ 435421.12100000056671, 734513.401799999526702 ] ] ] } },
{ "type": "Feature", "properties": { "LEFT_FID": -1, "RIGHT_FID": 17 }, "geometry": { "type": "MultiLineString", "coordinates": [ [ [ 435421.12100000056671, 734513.401799999526702 ], [ 435423.664000000571832, 734571.882700000773184 ] ] ] } },
{ "type": "Feature", "properties": { "LEFT_FID": 17, "RIGHT_FID": 3 }, "geometry": { "type": "MultiLineString", "coordinates": [ [ [ 435423.720782322285231, 734574.980975270853378 ], [ 435423.664000000571832, 734571.882700000773184 ] ] ] } },
{ "type": "Feature", "properties": { "LEFT_FID": 17, "RIGHT_FID": 11 }, "geometry": { "type": "MultiLineString", "coordinates": [ [ [ 435423.720782322285231, 734574.980975270853378 ], [ 435423.664000000571832, 734571.882700000773184 ] ] ] } },
{ "type": "Feature", "properties": { "LEFT_FID": -1, "RIGHT_FID": 17 }, "geometry": { "type": "MultiLineString", "coordinates": [ [ [ 435423.720782322285231, 734574.980975270853378 ], [ 435424.974700000602752, 734564.466399998869747 ], [ 435431.0195000009262, 734500.01920000067912 ], [ 435441.347800000628922, 734457.765199999441393 ], [ 435456.097628101939335, 734397.901439968612976 ] ] ] } },
{ "type": "Feature", "properties": { "LEFT_FID": 11, "RIGHT_FID": 3 }, "geometry": { "type": "MultiLineString", "coordinates": [ [ [ 435423.664000000571832, 734571.882700000773184 ], [ 435423.714912116643973, 734575.030199174070731 ] ] ] } },
{ "type": "Feature", "properties": { "LEFT_FID": 11, "RIGHT_FID": 11 }, "geometry": { "type": "MultiLineString", "coordinates": [ [ [ 435423.664000000571832, 734571.882700000773184 ], [ 435423.714912116643973, 734575.030199174070731 ] ] ] } },
{ "type": "Feature", "properties": { "LEFT_FID": -1, "RIGHT_FID": 3 }, "geometry": { "type": "MultiLineString", "coordinates": [ [ [ 435423.714912116643973, 734575.030199174070731 ], [ 435423.720782322285231, 734574.980975270853378 ] ] ] } },
{ "type": "Feature", "properties": { "LEFT_FID": -1, "RIGHT_FID": 11 }, "geometry": { "type": "MultiLineString", "coordinates": [ [ [ 435423.714912116643973, 734575.030199174070731 ], [ 435423.720782322285231, 734574.980975270853378 ] ] ] } },
{ "type": "Feature", "properties": { "LEFT_FID": -1, "RIGHT_FID": 11 }, "geometry": { "type": "MultiLineString", "coordinates": [ [ [ 435387.472099999722559, 734701.221400000038557 ], [ 435388.006399999780115, 734700.180199999944307 ], [ 435388.096816358040087, 734700.032643900485709 ], [ 435390.349499999545515, 734694.511000000522472 ], [ 435409.398600000014994, 734653.05809999932535 ], [ 435410.50160000048345, 734650.657800000160933 ], [ 435419.76840000145603, 734608.123200000263751 ], [ 435423.714912116643973, 734575.030199174070731 ] ] ] } },
{ "type": "Feature", "properties": { "LEFT_FID": -1, "RIGHT_FID": 20 }, "geometry": { "type": "MultiLineString", "coordinates": [ [ [ 435387.953202608565334, 734700.384661368327215 ], [ 435387.472099999722559, 734701.221400000038557 ] ] ] } },
{ "type": "Feature", "properties": { "LEFT_FID": 14, "RIGHT_FID": 11 }, "geometry": { "type": "MultiLineString", "coordinates": [ [ [ 435387.200999999477062, 734701.692999999737367 ], [ 435387.226999998965766, 734701.698999999091029 ] ] ] } },
{ "type": "Feature", "properties": { "LEFT_FID": 20, "RIGHT_FID": 11 }, "geometry": { "type": "MultiLineString", "coordinates": [ [ [ 435387.200999999477062, 734701.692999999737367 ], [ 435387.226999998965766, 734701.698999999091029 ] ] ] } },
{ "type": "Feature", "properties": { "LEFT_FID": 20, "RIGHT_FID": 11 }, "geometry": { "type": "MultiLineString", "coordinates": [ [ [ 435387.226999998965766, 734701.698999999091029 ], [ 435387.472099999722559, 734701.221400000038557 ] ] ] } },
{ "type": "Feature", "properties": { "LEFT_FID": 14, "RIGHT_FID": 2 }, "geometry": { "type": "MultiLineString", "coordinates": [ [ [ 435380.565099999308586, 734714.680600001243874 ], [ 435381.373100000899285, 734712.939899999764748 ], [ 435386.625500000664033, 734702.693800000124611 ], [ 435387.200999999477062, 734701.692999999737367 ] ] ] } },
{ "type": "Feature", "properties": { "LEFT_FID": 20, "RIGHT_FID": 2 }, "geometry": { "type": "MultiLineString", "coordinates": [ [ [ 435380.565099999308586, 734714.680600001243874 ], [ 435381.373100000899285, 734712.939899999764748 ], [ 435386.625500000664033, 734702.693800000124611 ], [ 435387.200999999477062, 734701.692999999737367 ] ] ] } },
{ "type": "Feature", "properties": { "LEFT_FID": 20, "RIGHT_FID": 14 }, "geometry": { "type": "MultiLineString", "coordinates": [ [ [ 435380.565099999308586, 734714.680600001243874 ], [ 435387.226999998965766, 734701.698999999091029 ] ] ] } },
{ "type": "Feature", "properties": { "LEFT_FID": 20, "RIGHT_FID": 20 }, "geometry": { "type": "MultiLineString", "coordinates": [ [ [ 435380.565099999308586, 734714.680600001243874 ], [ 435387.226999998965766, 734701.698999999091029 ] ] ] } },
{ "type": "Feature", "properties": { "LEFT_FID": -1, "RIGHT_FID": 2 }, "geometry": { "type": "MultiLineString", "coordinates": [ [ [ 435379.13649999932386, 734717.758399999584071 ], [ 435380.121900000667665, 734715.544299998437054 ], [ 435380.565099999308586, 734714.680600001243874 ] ] ] } },
{ "type": "Feature", "properties": { "LEFT_FID": -1, "RIGHT_FID": 20 }, "geometry": { "type": "MultiLineString", "coordinates": [ [ [ 435380.565099999308586, 734714.680600001243874 ], [ 435379.13649999932386, 734717.758399999584071 ] ] ] } },
{ "type": "Feature", "properties": { "LEFT_FID": 20, "RIGHT_FID": 2 }, "geometry": { "type": "MultiLineString", "coordinates": [ [ [ 435374.292350000236183, 734728.642799999564886 ], [ 435379.13649999932386, 734717.758399999584071 ] ] ] } },
{ "type": "Feature", "properties": { "LEFT_FID": -1, "RIGHT_FID": 2 }, "geometry": { "type": "MultiLineString", "coordinates": [ [ [ 435372.378050001047086, 734733.155850000330247 ], [ 435373.041800000879448, 734731.452700000372715 ], [ 435374.292350000236183, 734728.642799999564886 ] ] ] } },
{ "type": "Feature", "properties": { "LEFT_FID": -1, "RIGHT_FID": 20 }, "geometry": { "type": "MultiLineString", "coordinates": [ [ [ 435374.292350000236183, 734728.642799999564886 ], [ 435372.378050001047086, 734733.155850000330247 ] ] ] } },
{ "type": "Feature", "properties": { "LEFT_FID": 20, "RIGHT_FID": 2 }, "geometry": { "type": "MultiLineString", "coordinates": [ [ [ 435371.939948578714393, 734734.2800409484189 ], [ 435372.378050001047086, 734733.155850000330247 ] ] ] } },
{ "type": "Feature", "properties": { "LEFT_FID": -1, "RIGHT_FID": 20 }, "geometry": { "type": "MultiLineString", "coordinates": [ [ [ 435371.939948578714393, 734734.2800409484189 ], [ 435379.990399999544024, 734719.902699999045581 ], [ 435382.286599999701139, 734714.274299998884089 ], [ 435387.953202608565334, 734700.384661368327215 ] ] ] } },
{ "type": "Feature", "properties": { "LEFT_FID": -1, "RIGHT_FID": 2 }, "geometry": { "type": "MultiLineString", "coordinates": [ [ [ 435294.882300001569092, 734901.516600000439212 ], [ 435295.583969206258189, 734899.770956962020136 ], [ 435317.813500000804197, 734828.876499998383224 ], [ 435335.533000000810716, 734791.644699999131262 ], [ 435360.321100000175647, 734755.030200001201592 ], [ 435371.939948578714393, 734734.2800409484189 ] ] ] } },
{ "type": "Feature", "properties": { "LEFT_FID": -1, "RIGHT_FID": 20 }, "geometry": { "type": "MultiLineString", "coordinates": [ [ [ 435295.442137703241315, 734900.223286230699159 ], [ 435294.882300001569092, 734901.516600000439212 ] ] ] } },
{ "type": "Feature", "properties": { "LEFT_FID": 20, "RIGHT_FID": 2 }, "geometry": { "type": "MultiLineString", "coordinates": [ [ [ 435293.795099999580998, 734904.22139999922365 ], [ 435294.882300001569092, 734901.516600000439212 ] ] ] } },
{ "type": "Feature", "properties": { "LEFT_FID": -1, "RIGHT_FID": 2 }, "geometry": { "type": "MultiLineString", "coordinates": [ [ [ 435287.891900000395253, 734920.83659999910742 ], [ 435289.041100000264123, 734917.135100000654347 ], [ 435292.376900000264868, 734907.749800000456162 ], [ 435293.795099999580998, 734904.22139999922365 ] ] ] } },
{ "type": "Feature", "properties": { "LEFT_FID": -1, "RIGHT_FID": 20 }, "geometry": { "type": "MultiLineString", "coordinates": [ [ [ 435293.795099999580998, 734904.22139999922365 ], [ 435287.891900000395253, 734920.83659999910742 ] ] ] } },
{ "type": "Feature", "properties": { "LEFT_FID": 20, "RIGHT_FID": 2 }, "geometry": { "type": "MultiLineString", "coordinates": [ [ [ 435287.128399999113753, 734923.295899999793619 ], [ 435287.891900000395253, 734920.83659999910742 ] ] ] } },
{ "type": "Feature", "properties": { "LEFT_FID": 11, "RIGHT_FID": 2 }, "geometry": { "type": "MultiLineString", "coordinates": [ [ [ 435387.200999999477062, 734701.692999999737367 ], [ 434877.430399999197107, 734584.467499998980202 ], [ 434131.156699999293778, 734564.831500000320375 ], [ 432697.54250000056345, 734564.831500000320375 ], [ 432520.792799999937415, 734623.749499999918044 ], [ 431853.077299999888055, 734780.857500000973232 ], [ 431342.46989999973448, 734918.329500001040287 ], [ 430831.870799999451265, 734937.965499999816529 ], [ 430655.121100001037121, 734682.667499999515712 ], [ 430556.929600000265054, 734564.831500000320375 ], [ 430596.204499999759719, 734073.871399999596179 ], [ 430596.204499999759719, 733838.199400001205504 ], [ 430281.988400001020636, 733582.901299999910407 ], [ 430183.79690000024857, 733523.983300000312738 ], [ 429869.572499999427237, 733582.901299999910407 ], [ 429555.356299999752082, 733622.183399999514222 ], [ 429201.865200000524055, 733798.927399999345653 ], [ 429084.032100001175422, 733857.845399998826906 ], [ 428671.616199999582022, 733916.763400000752881 ], [ 428062.817300000810064, 734073.871399999596179 ], [ 427650.409600000362843, 734172.061400001053698 ], [ 427218.360400000063237, 734289.897400000249036 ], [ 427100.923099999257829, 734313.382699999958277 ], [ 426713.951880459848326, 734396.94719897210598 ] ] ] } },
{ "type": "Feature", "properties": { "LEFT_FID": -1, "RIGHT_FID": 2 }, "geometry": { "type": "MultiLineString", "coordinates": [ [ [ 435282.472800000105053, 734940.304900000803173 ], [ 435282.770900000818074, 734938.963900000904687 ], [ 435286.04679999925429, 734926.779500000062399 ], [ 435287.128399999113753, 734923.295899999793619 ] ] ] } },
{ "type": "Feature", "properties": { "LEFT_FID": -1, "RIGHT_FID": 20 }, "geometry": { "type": "MultiLineString", "coordinates": [ [ [ 435287.128399999113753, 734923.295899999793619 ], [ 435282.472800000105053, 734940.304900000803173 ] ] ] } },
{ "type": "Feature", "properties": { "LEFT_FID": 20, "RIGHT_FID": 2 }, "geometry": { "type": "MultiLineString", "coordinates": [ [ [ 435281.920123363728635, 734942.790764899458736 ], [ 435282.472800000105053, 734940.304900000803173 ] ] ] } },
{ "type": "Feature", "properties": { "LEFT_FID": -1, "RIGHT_FID": 20 }, "geometry": { "type": "MultiLineString", "coordinates": [ [ [ 435281.920123363728635, 734942.790764899458736 ], [ 435289.036799999943469, 734920.651200000196695 ], [ 435295.442137703241315, 734900.223286230699159 ] ] ] } },
{ "type": "Feature", "properties": { "LEFT_FID": -1, "RIGHT_FID": 2 }, "geometry": { "type": "MultiLineString", "coordinates": [ [ [ 435187.374159074213821, 735230.473171950667165 ], [ 435196.554599999799393, 735199.510700000915676 ], [ 435200.022800000966527, 735189.901399999856949 ], [ 435206.518900000082795, 735171.902799998293631 ], [ 435210.599900000263005, 735160.595500000519678 ], [ 435224.698900001007132, 735120.417799999238923 ], [ 435248.524099999456666, 735053.0806999997003 ], [ 435262.664900000498164, 735014.726700001163408 ], [ 435274.687800001061987, 734965.290100001497194 ], [ 435281.920123363728635, 734942.790764899458736 ] ] ] } },
{ "type": "Feature", "properties": { "LEFT_FID": -1, "RIGHT_FID": 2 }, "geometry": { "type": "MultiLineString", "coordinates": [ [ [ 435131.04494137421716, 735374.993685129331425 ], [ 435139.729199999128468, 735355.395999999367632 ], [ 435162.523699999146629, 735302.059399999328889 ], [ 435172.034500001056585, 735275.607499999343418 ], [ 435183.194299999333452, 735244.570399999152869 ], [ 435187.374159074213821, 735230.473171950667165 ] ] ] } },
{ "type": "Feature", "properties": { "LEFT_FID": 20, "RIGHT_FID": 2 }, "geometry": { "type": "MultiLineString", "coordinates": [ [ [ 435096.072750000050291, 735438.788950000889599 ], [ 435131.04494137421716, 735374.993685129331425 ] ] ] } },
{ "type": "Feature", "properties": { "LEFT_FID": -1, "RIGHT_FID": 2 }, "geometry": { "type": "MultiLineString", "coordinates": [ [ [ 435091.95075000077486, 735446.679150000796653 ], [ 435094.905599999241531, 735440.918100000359118 ], [ 435096.072750000050291, 735438.788950000889599 ] ] ] } },
{ "type": "Feature", "properties": { "LEFT_FID": -1, "RIGHT_FID": 20 }, "geometry": { "type": "MultiLineString", "coordinates": [ [ [ 435096.072750000050291, 735438.788950000889599 ], [ 435091.95075000077486, 735446.679150000796653 ] ] ] } },
{ "type": "Feature", "properties": { "LEFT_FID": 20, "RIGHT_FID": 2 }, "geometry": { "type": "MultiLineString", "coordinates": [ [ [ 435086.962750001635868, 735456.404100000625476 ], [ 435091.95075000077486, 735446.679150000796653 ] ] ] } },
{ "type": "Feature", "properties": { "LEFT_FID": -1, "RIGHT_FID": 2 }, "geometry": { "type": "MultiLineString", "coordinates": [ [ [ 435082.334499998833053, 735465.841299998690374 ], [ 435085.197799999150448, 735459.845299999113195 ], [ 435086.962750001635868, 735456.404100000625476 ] ] ] } },
{ "type": "Feature", "properties": { "LEFT_FID": -1, "RIGHT_FID": 20 }, "geometry": { "type": "MultiLineString", "coordinates": [ [ [ 435086.962750001635868, 735456.404100000625476 ], [ 435082.334499998833053, 735465.841299998690374 ] ] ] } },
{ "type": "Feature", "properties": { "LEFT_FID": 20, "RIGHT_FID": 2 }, "geometry": { "type": "MultiLineString", "coordinates": [ [ [ 435077.668850001413375, 735475.611500000697561 ], [ 435082.334499998833053, 735465.841299998690374 ] ] ] } },
{ "type": "Feature", "properties": { "LEFT_FID": -1, "RIGHT_FID": 2 }, "geometry": { "type": "MultiLineString", "coordinates": [ [ [ 435073.360499999427702, 735485.215399999404326 ], [ 435076.037799999350682, 735479.027100001461804 ], [ 435077.668850001413375, 735475.611500000697561 ] ] ] } },
{ "type": "Feature", "properties": { "LEFT_FID": -1, "RIGHT_FID": 20 }, "geometry": { "type": "MultiLineString", "coordinates": [ [ [ 435077.668850001413375, 735475.611500000697561 ], [ 435073.360499999427702, 735485.215399999404326 ] ] ] } },
{ "type": "Feature", "properties": { "LEFT_FID": 20, "RIGHT_FID": 2 }, "geometry": { "type": "MultiLineString", "coordinates": [ [ [ 435068.590200001024641, 735496.241299999412149 ], [ 435073.360499999427702, 735485.215399999404326 ] ] ] } },
{ "type": "Feature", "properties": { "LEFT_FID": -1, "RIGHT_FID": 2 }, "geometry": { "type": "MultiLineString", "coordinates": [ [ [ 435066.800200000638142, 735500.637550000101328 ], [ 435067.595200000272598, 735498.541099999682046 ], [ 435068.590200001024641, 735496.241299999412149 ] ] ] } },
{ "type": "Feature", "properties": { "LEFT_FID": -1, "RIGHT_FID": 20 }, "geometry": { "type": "MultiLineString", "coordinates": [ [ [ 435068.590200001024641, 735496.241299999412149 ], [ 435066.800200000638142, 735500.637550000101328 ] ] ] } },
{ "type": "Feature", "properties": { "LEFT_FID": 20, "RIGHT_FID": 2 }, "geometry": { "type": "MultiLineString", "coordinates": [ [ [ 435062.653900000965223, 735511.571700000087731 ], [ 435066.800200000638142, 735500.637550000101328 ] ] ] } },
{ "type": "Feature", "properties": { "LEFT_FID": -1, "RIGHT_FID": 2 }, "geometry": { "type": "MultiLineString", "coordinates": [ [ [ 435059.004250001045875, 735521.718400000710972 ], [ 435060.040199999231845, 735518.464400001103058 ], [ 435062.653900000965223, 735511.571700000087731 ] ] ] } },
{ "type": "Feature", "properties": { "LEFT_FID": -1, "RIGHT_FID": 20 }, "geometry": { "type": "MultiLineString", "coordinates": [ [ [ 435062.653900000965223, 735511.571700000087731 ], [ 435059.004250001045875, 735521.718400000710972 ] ] ] } },
{ "type": "Feature", "properties": { "LEFT_FID": 20, "RIGHT_FID": 2 }, "geometry": { "type": "MultiLineString", "coordinates": [ [ [ 435045.734600000898354, 735573.204900001175702 ], [ 435049.88189999939641, 735552.789800000260584 ], [ 435053.542399998870678, 735538.874500001547858 ], [ 435059.004250001045875, 735521.718400000710972 ] ] ] } },
{ "type": "Feature", "properties": { "LEFT_FID": -1, "RIGHT_FID": 2 }, "geometry": { "type": "MultiLineString", "coordinates": [ [ [ 435045.113300000026356, 735576.778000000398606 ], [ 435045.41669999982696, 735574.76969999994617 ], [ 435045.734600000898354, 735573.204900001175702 ] ] ] } },
{ "type": "Feature", "properties": { "LEFT_FID": -1, "RIGHT_FID": 20 }, "geometry": { "type": "MultiLineString", "coordinates": [ [ [ 435045.734600000898354, 735573.204900001175702 ], [ 435045.113300000026356, 735576.778000000398606 ] ] ] } },
{ "type": "Feature", "properties": { "LEFT_FID": 20, "RIGHT_FID": 2 }, "geometry": { "type": "MultiLineString", "coordinates": [ [ [ 435044.414400000183377, 735581.404100000858307 ], [ 435045.113300000026356, 735576.778000000398606 ] ] ] } },
{ "type": "Feature", "properties": { "LEFT_FID": -1, "RIGHT_FID": 2 }, "geometry": { "type": "MultiLineString", "coordinates": [ [ [ 435043.162200001184829, 735590.682200000272132 ], [ 435043.630699999048375, 735586.591399998636916 ], [ 435044.414400000183377, 735581.404100000858307 ] ] ] } },
{ "type": "Feature", "properties": { "LEFT_FID": -1, "RIGHT_FID": 20 }, "geometry": { "type": "MultiLineString", "coordinates": [ [ [ 435044.414400000183377, 735581.404100000858307 ], [ 435043.162200001184829, 735590.682200000272132 ] ] ] } },
{ "type": "Feature", "properties": { "LEFT_FID": 20, "RIGHT_FID": 2 }, "geometry": { "type": "MultiLineString", "coordinates": [ [ [ 435042.246100001095328, 735598.680700000724755 ], [ 435043.162200001184829, 735590.682200000272132 ] ] ] } },
{ "type": "Feature", "properties": { "LEFT_FID": -1, "RIGHT_FID": 2 }, "geometry": { "type": "MultiLineString", "coordinates": [ [ [ 435041.353480095451232, 735608.040550363133661 ], [ 435041.800099999178201, 735602.574400000972673 ], [ 435042.246100001095328, 735598.680700000724755 ] ] ] } },
{ "type": "Feature", "properties": { "LEFT_FID": -1, "RIGHT_FID": 20 }, "geometry": { "type": "MultiLineString", "coordinates": [ [ [ 435042.246100001095328, 735598.680700000724755 ], [ 435041.353480095451232, 735608.040550363133661 ] ] ] } },
{ "type": "Feature", "properties": { "LEFT_FID": 20, "RIGHT_FID": 2 }, "geometry": { "type": "MultiLineString", "coordinates": [ [ [ 435041.003400000510737, 735612.324900001403876 ], [ 435041.353480095451232, 735608.040550363133661 ] ] ] } },
{ "type": "Feature", "properties": { "LEFT_FID": -1, "RIGHT_FID": 2 }, "geometry": { "type": "MultiLineString", "coordinates": [ [ [ 435040.48095000104513, 735620.959650000673719 ], [ 435040.809399998746812, 735614.700099998735823 ], [ 435041.003400000510737, 735612.324900001403876 ] ] ] } },
{ "type": "Feature", "properties": { "LEFT_FID": -1, "RIGHT_FID": 20 }, "geometry": { "type": "MultiLineString", "coordinates": [ [ [ 435041.003400000510737, 735612.324900001403876 ], [ 435040.48095000104513, 735620.959650000673719 ] ] ] } },
{ "type": "Feature", "properties": { "LEFT_FID": 20, "RIGHT_FID": 2 }, "geometry": { "type": "MultiLineString", "coordinates": [ [ [ 435040.056699999899138, 735629.044799999566749 ], [ 435040.48095000104513, 735620.959650000673719 ] ] ] } },
{ "type": "Feature", "properties": { "LEFT_FID": -1, "RIGHT_FID": 2 }, "geometry": { "type": "MultiLineString", "coordinates": [ [ [ 435039.80860000057146, 735637.33789999934379 ], [ 435039.9534, 735631.012899999972433 ], [ 435040.056699999899138, 735629.044799999566749 ] ] ] } },
{ "type": "Feature", "properties": { "LEFT_FID": -1, "RIGHT_FID": 20 }, "geometry": { "type": "MultiLineString", "coordinates": [ [ [ 435040.056699999899138, 735629.044799999566749 ], [ 435039.80860000057146, 735637.33789999934379 ] ] ] } },
{ "type": "Feature", "properties": { "LEFT_FID": 20, "RIGHT_FID": 2 }, "geometry": { "type": "MultiLineString", "coordinates": [ [ [ 435039.622400000400376, 735645.468399999197572 ], [ 435039.80860000057146, 735637.33789999934379 ] ] ] } },
{ "type": "Feature", "properties": { "LEFT_FID": -1, "RIGHT_FID": 2 }, "geometry": { "type": "MultiLineString", "coordinates": [ [ [ 435039.595500000927132, 735653.822700000251643 ], [ 435039.577100001042709, 735647.446399999782443 ], [ 435039.622400000400376, 735645.468399999197572 ] ] ] } },
{ "type": "Feature", "properties": { "LEFT_FID": -1, "RIGHT_FID": 20 }, "geometry": { "type": "MultiLineString", "coordinates": [ [ [ 435039.622400000400376, 735645.468399999197572 ], [ 435039.595500000927132, 735653.822700000251643 ] ] ] } },
{ "type": "Feature", "properties": { "LEFT_FID": 20, "RIGHT_FID": 2 }, "geometry": { "type": "MultiLineString", "coordinates": [ [ [ 435039.618100000079721, 735661.693500001565553 ], [ 435039.595500000927132, 735653.822700000251643 ] ] ] } },
{ "type": "Feature", "properties": { "LEFT_FID": -1, "RIGHT_FID": 2 }, "geometry": { "type": "MultiLineString", "coordinates": [ [ [ 435039.861699999310076, 735672.54890000121668 ], [ 435039.624599999981001, 735663.951400000485592 ], [ 435039.618100000079721, 735661.693500001565553 ] ] ] } },
{ "type": "Feature", "properties": { "LEFT_FID": -1, "RIGHT_FID": 20 }, "geometry": { "type": "MultiLineString", "coordinates": [ [ [ 435039.618100000079721, 735661.693500001565553 ], [ 435039.861699999310076, 735672.54890000121668 ] ] ] } },
{ "type": "Feature", "properties": { "LEFT_FID": 20, "RIGHT_FID": 2 }, "geometry": { "type": "MultiLineString", "coordinates": [ [ [ 435040.135100000072271, 735682.464299999875948 ], [ 435039.861699999310076, 735672.54890000121668 ] ] ] } },
{ "type": "Feature", "properties": { "LEFT_FID": -1, "RIGHT_FID": 2 }, "geometry": { "type": "MultiLineString", "coordinates": [ [ [ 435040.762499999138527, 735695.510900000808761 ], [ 435040.194200000434648, 735684.608300000778399 ], [ 435040.135100000072271, 735682.464299999875948 ] ] ] } },
{ "type": "Feature", "properties": { "LEFT_FID": -1, "RIGHT_FID": 20 }, "geometry": { "type": "MultiLineString", "coordinates": [ [ [ 435040.135100000072271, 735682.464299999875948 ], [ 435040.762499999138527, 735695.510900000808761 ] ] ] } },
{ "type": "Feature", "properties": { "LEFT_FID": 20, "RIGHT_FID": 2 }, "geometry": { "type": "MultiLineString", "coordinates": [ [ [ 435041.347749999957159, 735706.740300000994466 ], [ 435040.762499999138527, 735695.510900000808761 ] ] ] } },
{ "type": "Feature", "properties": { "LEFT_FID": -1, "RIGHT_FID": 2 }, "geometry": { "type": "MultiLineString", "coordinates": [ [ [ 435043.822499999077991, 735738.640499999048188 ], [ 435041.481599998835009, 735709.306999999913387 ], [ 435041.347749999957159, 735706.740300000994466 ] ] ] } },
{ "type": "Feature", "properties": { "LEFT_FID": -1, "RIGHT_FID": 20 }, "geometry": { "type": "MultiLineString", "coordinates": [ [ [ 435041.347749999957159, 735706.740300000994466 ], [ 435043.822499999077991, 735738.640499999048188 ] ] ] } },
{ "type": "Feature", "properties": { "LEFT_FID": 20, "RIGHT_FID": 2 }, "geometry": { "type": "MultiLineString", "coordinates": [ [ [ 435045.50420000118902, 735759.713999999221414 ], [ 435043.822499999077991, 735738.640499999048188 ] ] ] } },
{ "type": "Feature", "properties": { "LEFT_FID": -1, "RIGHT_FID": 2 }, "geometry": { "type": "MultiLineString", "coordinates": [ [ [ 435048.795599999662954, 735792.060499999905005 ], [ 435045.664700000430457, 735761.725600001169369 ], [ 435045.50420000118902, 735759.713999999221414 ] ] ] } },
{ "type": "Feature", "properties": { "LEFT_FID": -1, "RIGHT_FID": 20 }, "geometry": { "type": "MultiLineString", "coordinates": [ [ [ 435045.50420000118902, 735759.713999999221414 ], [ 435048.795599999662954, 735792.060499999905005 ] ] ] } },
{ "type": "Feature", "properties": { "LEFT_FID": 20, "RIGHT_FID": 2 }, "geometry": { "type": "MultiLineString", "coordinates": [ [ [ 435060.513399999181274, 735891.768899998860434 ], [ 435057.368400000385009, 735859.35459999833256 ], [ 435048.795599999662954, 735792.060499999905005 ] ] ] } },
{ "type": "Feature", "properties": { "LEFT_FID": -1, "RIGHT_FID": 2 }, "geometry": { "type": "MultiLineString", "coordinates": [ [ [ 435060.841500001202803, 735904.127900000545196 ], [ 435060.513399999181274, 735891.768899998860434 ] ] ] } },
{ "type": "Feature", "properties": { "LEFT_FID": -1, "RIGHT_FID": 20 }, "geometry": { "type": "MultiLineString", "coordinates": [ [ [ 435060.513399999181274, 735891.768899998860434 ], [ 435060.883799999719486, 735903.283900000620633 ], [ 435060.841500001202803, 735904.127900000545196 ] ] ] } },
{ "type": "Feature", "properties": { "LEFT_FID": 20, "RIGHT_FID": 2 }, "geometry": { "type": "MultiLineString", "coordinates": [ [ [ 435060.609799999685492, 735908.746300000464544 ], [ 435060.862800000817515, 735904.931700000539422 ], [ 435060.841500001202803, 735904.127900000545196 ] ] ] } },
{ "type": "Feature", "properties": { "LEFT_FID": -1, "RIGHT_FID": 2 }, "geometry": { "type": "MultiLineString", "coordinates": [ [ [ 435060.273299999011215, 735913.82079999987036 ], [ 435060.609799999685492, 735908.746300000464544 ] ] ] } },
{ "type": "Feature", "properties": { "LEFT_FID": -1, "RIGHT_FID": 20 }, "geometry": { "type": "MultiLineString", "coordinates": [ [ [ 435060.609799999685492, 735908.746300000464544 ], [ 435060.391499999677762, 735913.09900000016205 ], [ 435060.273299999011215, 735913.82079999987036 ] ] ] } },
{ "type": "Feature", "properties": { "LEFT_FID": 20, "RIGHT_FID": 2 }, "geometry": { "type": "MultiLineString", "coordinates": [ [ [ 435059.51930000068387, 735918.425600000773557 ], [ 435060.214400000695605, 735914.709300000220537 ], [ 435060.273299999011215, 735913.82079999987036 ] ] ] } },
{ "type": "Feature", "properties": { "LEFT_FID": -1, "RIGHT_FID": 20 }, "geometry": { "type": "MultiLineString", "coordinates": [ [ [ 435059.51930000068387, 735918.425600000773557 ], [ 435059.154240940930322, 735920.655167591758072 ], [ 435066.935699999157805, 735912.329399998532608 ], [ 435078.872299999173265, 735883.851399999810383 ], [ 435081.196100001339801, 735858.572000001440756 ], [ 435077.949099999968894, 735840.194599998416379 ], [ 435066.610999999684282, 735799.68010000011418 ], [ 435054.03460000018822, 735751.225500001455657 ], [ 435050.547399999864865, 735689.696300000417978 ], [ 435048.668899999349378, 735642.812899999436922 ], [ 435057.770700001041405, 735554.124399999040179 ], [ 435068.653500000713393, 735518.463799999677576 ], [ 435090.419800000323448, 735460.750399999204092 ], [ 435110.433399999747053, 735413.867000000434928 ], [ 435112.280299998645205, 735410.560699998983182 ], [ 435126.587699999217875, 735385.052300001378171 ], [ 435131.04494137421716, 735374.993685129331425 ] ] ] } },
{ "type": "Feature", "properties": { "LEFT_FID": -1, "RIGHT_FID": 2 }, "geometry": { "type": "MultiLineString", "coordinates": [ [ [ 434886.977381035860162, 736005.804256282164715 ], [ 434886.995299998670816, 736005.78760000038892 ], [ 434905.562600000703242, 735993.7791000000434 ], [ 434945.341899999941234, 735980.283700000611134 ], [ 434961.055700000841171, 735973.914699999149889 ], [ 435002.046500000869855, 735962.832100000232458 ], [ 435019.262799999676645, 735951.83379999990575 ], [ 435036.738700000452809, 735941.115999999572523 ], [ 435049.261500000720844, 735931.239900000859052 ], [ 435059.08928604418179, 735920.724666043184698 ], [ 435059.51930000068387, 735918.425600000773557 ] ] ] } },
{ "type": "Feature", "properties": { "LEFT_FID": 20, "RIGHT_FID": 2 }, "geometry": { "type": "MultiLineString", "coordinates": [ [ [ 434885.03789999964647, 736006.744499999680556 ], [ 434886.977381035860162, 736005.804256282164715 ] ] ] } },
{ "type": "Feature", "properties": { "LEFT_FID": -1, "RIGHT_FID": 2 }, "geometry": { "type": "MultiLineString", "coordinates": [ [ [ 434882.409900000900961, 736008.123600000981241 ], [ 434883.902900000335649, 736007.294700001482852 ], [ 434885.03789999964647, 736006.744499999680556 ] ] ] } },
{ "type": "Feature", "properties": { "LEFT_FID": -1, "RIGHT_FID": 20 }, "geometry": { "type": "MultiLineString", "coordinates": [ [ [ 434885.03789999964647, 736006.744499999680556 ], [ 434882.409900000900961, 736008.123600000981241 ] ] ] } },
{ "type": "Feature", "properties": { "LEFT_FID": 20, "RIGHT_FID": 2 }, "geometry": { "type": "MultiLineString", "coordinates": [ [ [ 434879.84370000025956, 736009.548300000140443 ], [ 434882.409900000900961, 736008.123600000981241 ] ] ] } },
{ "type": "Feature", "properties": { "LEFT_FID": -1, "RIGHT_FID": 2 }, "geometry": { "type": "MultiLineString", "coordinates": [ [ [ 434874.945500000787433, 736012.523299999069422 ], [ 434877.74039999989327, 736010.715899999835528 ], [ 434879.84370000025956, 736009.548300000140443 ] ] ] } },
{ "type": "Feature", "properties": { "LEFT_FID": -1, "RIGHT_FID": 20 }, "geometry": { "type": "MultiLineString", "coordinates": [ [ [ 434879.84370000025956, 736009.548300000140443 ], [ 434874.945500000787433, 736012.523299999069422 ] ] ] } },
{ "type": "Feature", "properties": { "LEFT_FID": 20, "RIGHT_FID": 2 }, "geometry": { "type": "MultiLineString", "coordinates": [ [ [ 434870.059149999637157, 736015.683050000458024 ], [ 434874.945500000787433, 736012.523299999069422 ] ] ] } },
{ "type": "Feature", "properties": { "LEFT_FID": -1, "RIGHT_FID": 2 }, "geometry": { "type": "MultiLineString", "coordinates": [ [ [ 434867.743499999225605, 736017.335700000752695 ], [ 434869.050399999483489, 736016.335400000796653 ], [ 434870.059149999637157, 736015.683050000458024 ] ] ] } },
{ "type": "Feature", "properties": { "LEFT_FID": -1, "RIGHT_FID": 20 }, "geometry": { "type": "MultiLineString", "coordinates": [ [ [ 434870.059149999637157, 736015.683050000458024 ], [ 434867.743499999225605, 736017.335700000752695 ] ] ] } },
{ "type": "Feature", "properties": { "LEFT_FID": 20, "RIGHT_FID": 2 }, "geometry": { "type": "MultiLineString", "coordinates": [ [ [ 434865.062899999960791, 736019.387399999424815 ], [ 434867.743499999225605, 736017.335700000752695 ] ] ] } },
{ "type": "Feature", "properties": { "LEFT_FID": -1, "RIGHT_FID": 2 }, "geometry": { "type": "MultiLineString", "coordinates": [ [ [ 434862.915900000545662, 736021.155500000924803 ], [ 434863.692700000072364, 736020.436100000399165 ], [ 434865.062899999960791, 736019.387399999424815 ] ] ] } },
{ "type": "Feature", "properties": { "LEFT_FID": -1, "RIGHT_FID": 20 }, "geometry": { "type": "MultiLineString", "coordinates": [ [ [ 434865.062899999960791, 736019.387399999424815 ], [ 434862.915900000545662, 736021.155500000924803 ] ] ] } },
{ "type": "Feature", "properties": { "LEFT_FID": 20, "RIGHT_FID": 2 }, "geometry": { "type": "MultiLineString", "coordinates": [ [ [ 434858.916550000431016, 736024.859849999891594 ], [ 434862.915900000545662, 736021.155500000924803 ] ] ] } },
{ "type": "Feature", "properties": { "LEFT_FID": -1, "RIGHT_FID": 2 }, "geometry": { "type": "MultiLineString", "coordinates": [ [ [ 434855.02559999958612, 736028.77570000034757 ], [ 434856.423300000489689, 736027.169200000120327 ], [ 434858.916550000431016, 736024.859849999891594 ] ] ] } },
{ "type": "Feature", "properties": { "LEFT_FID": -1, "RIGHT_FID": 20 }, "geometry": { "type": "MultiLineString", "coordinates": [ [ [ 434858.916550000431016, 736024.859849999891594 ], [ 434855.02559999958612, 736028.77570000034757 ] ] ] } },
{ "type": "Feature", "properties": { "LEFT_FID": 20, "RIGHT_FID": 2 }, "geometry": { "type": "MultiLineString", "coordinates": [ [ [ 434853.244100001116749, 736030.823400001740083 ], [ 434855.02559999958612, 736028.77570000034757 ] ] ] } },
{ "type": "Feature", "properties": { "LEFT_FID": -1, "RIGHT_FID": 2 }, "geometry": { "type": "MultiLineString", "coordinates": [ [ [ 434851.572499998903368, 736032.938700000871904 ], [ 434852.155000000377186, 736032.075300000025891 ], [ 434853.244100001116749, 736030.823400001740083 ] ] ] } },
{ "type": "Feature", "properties": { "LEFT_FID": -1, "RIGHT_FID": 20 }, "geometry": { "type": "MultiLineString", "coordinates": [ [ [ 434853.244100001116749, 736030.823400001740083 ], [ 434851.572499998903368, 736032.938700000871904 ] ] ] } },
{ "type": "Feature", "properties": { "LEFT_FID": 20, "RIGHT_FID": 2 }, "geometry": { "type": "MultiLineString", "coordinates": [ [ [ 434841.573699999484234, 736052.193200000328943 ], [ 434843.838800000841729, 736045.948200001381338 ], [ 434846.73320000001695, 736040.110899998690002 ], [ 434851.572499998903368, 736032.938700000871904 ] ] ] } },
{ "type": "Feature", "properties": { "LEFT_FID": -1, "RIGHT_FID": 2 }, "geometry": { "type": "MultiLineString", "coordinates": [ [ [ 434839.817699999955948, 736060.630199999548495 ], [ 434839.983500000496861, 736058.866000001085922 ], [ 434841.573699999484234, 736052.193200000328943 ] ] ] } },
{ "type": "Feature", "properties": { "LEFT_FID": -1, "RIGHT_FID": 20 }, "geometry": { "type": "MultiLineString", "coordinates": [ [ [ 434841.573699999484234, 736052.193200000328943 ], [ 434839.817699999955948, 736060.630199999548495 ] ] ] } },
{ "type": "Feature", "properties": { "LEFT_FID": 20, "RIGHT_FID": 2 }, "geometry": { "type": "MultiLineString", "coordinates": [ [ [ 434843.228899999405257, 736098.369700000039302 ], [ 434840.825299998745322, 736088.532299999846146 ], [ 434839.259099999442697, 736077.552199999685399 ], [ 434838.963000000745524, 736069.721600000513718 ], [ 434839.817699999955948, 736060.630199999548495 ] ] ] } },
{ "type": "Feature", "properties": { "LEFT_FID": -1, "RIGHT_FID": 2 }, "geometry": { "type": "MultiLineString", "coordinates": [ [ [ 434844.492680272727739, 736102.496773325139657 ], [ 434843.435900000913534, 736099.216999999363907 ], [ 434843.228899999405257, 736098.369700000039302 ] ] ] } },
{ "type": "Feature", "properties": { "LEFT_FID": -1, "RIGHT_FID": 20 }, "geometry": { "type": "MultiLineString", "coordinates": [ [ [ 434843.228899999405257, 736098.369700000039302 ], [ 434844.492680272727739, 736102.496773325139657 ] ] ] } },
{ "type": "Feature", "properties": { "LEFT_FID": 20, "RIGHT_FID": 2 }, "geometry": { "type": "MultiLineString", "coordinates": [ [ [ 434845.777099999715574, 736106.482799998950213 ], [ 434844.492680272727739, 736102.496773325139657 ] ] ] } },
{ "type": "Feature", "properties": { "LEFT_FID": -1, "RIGHT_FID": 2 }, "geometry": { "type": "MultiLineString", "coordinates": [ [ [ 434847.831299998681061, 736112.00780000037048 ], [ 434846.134500000509433, 736107.592000000760891 ], [ 434845.777099999715574, 736106.482799998950213 ] ] ] } },
{ "type": "Feature", "properties": { "LEFT_FID": -1, "RIGHT_FID": 20 }, "geometry": { "type": "MultiLineString", "coordinates": [ [ [ 434845.777099999715574, 736106.482799998950213 ], [ 434847.831299998681061, 736112.00780000037048 ] ] ] } },
{ "type": "Feature", "properties": { "LEFT_FID": 20, "RIGHT_FID": 2 }, "geometry": { "type": "MultiLineString", "coordinates": [ [ [ 434849.713750001625158, 736116.907050000270829 ], [ 434847.831299998681061, 736112.00780000037048 ] ] ] } },
{ "type": "Feature", "properties": { "LEFT_FID": -1, "RIGHT_FID": 2 }, "geometry": { "type": "MultiLineString", "coordinates": [ [ [ 434850.987900001171511, 736119.874599999864586 ], [ 434850.09339999925578, 736117.894999999087304 ], [ 434849.713750001625158, 736116.907050000270829 ] ] ] } },
{ "type": "Feature", "properties": { "LEFT_FID": -1, "RIGHT_FID": 20 }, "geometry": { "type": "MultiLineString", "coordinates": [ [ [ 434849.713750001625158, 736116.907050000270829 ], [ 434850.987900001171511, 736119.874599999864586 ] ] ] } },
{ "type": "Feature", "properties": { "LEFT_FID": 20, "RIGHT_FID": 2 }, "geometry": { "type": "MultiLineString", "coordinates": [ [ [ 434867.964099999750033, 736157.549099999479949 ], [ 434867.481800000881776, 736156.378799999714829 ], [ 434850.987900001171511, 736119.874599999864586 ] ] ] } },
{ "type": "Feature", "properties": { "LEFT_FID": -1, "RIGHT_FID": 2 }, "geometry": { "type": "MultiLineString", "coordinates": [ [ [ 434869.857499998819549, 736162.144099998869933 ], [ 434867.964099999750033, 736157.549099999479949 ] ] ] } },
{ "type": "Feature", "properties": { "LEFT_FID": -1, "RIGHT_FID": 20 }, "geometry": { "type": "MultiLineString", "coordinates": [ [ [ 434867.964099999750033, 736157.549099999479949 ], [ 434868.359200000297278, 736158.414699999848381 ], [ 434869.857499998819549, 736162.144099998869933 ] ] ] } },
{ "type": "Feature", "properties": { "LEFT_FID": 20, "RIGHT_FID": 2 }, "geometry": { "type": "MultiLineString", "coordinates": [ [ [ 434872.085899999248795, 736167.690599999739788 ], [ 434871.696400000830181, 736166.606699999421835 ], [ 434869.857499998819549, 736162.144099998869933 ] ] ] } },
{ "type": "Feature", "properties": { "LEFT_FID": -1, "RIGHT_FID": 2 }, "geometry": { "type": "MultiLineString", "coordinates": [ [ [ 434873.499499999685213, 736171.624500000034459 ], [ 434872.085899999248795, 736167.690599999739788 ] ] ] } },
{ "type": "Feature", "properties": { "LEFT_FID": -1, "RIGHT_FID": 20 }, "geometry": { "type": "MultiLineString", "coordinates": [ [ [ 434872.085899999248795, 736167.690599999739788 ], [ 434872.479100000928156, 736168.669299999251962 ], [ 434873.499499999685213, 736171.624500000034459 ] ] ] } },
{ "type": "Feature", "properties": { "LEFT_FID": 20, "RIGHT_FID": 2 }, "geometry": { "type": "MultiLineString", "coordinates": [ [ [ 434874.872799999197014, 736175.601500000106171 ], [ 434874.676299999351613, 736174.899299998767674 ], [ 434873.499499999685213, 736171.624500000034459 ] ] ] } },
{ "type": "Feature", "properties": { "LEFT_FID": -1, "RIGHT_FID": 2 }, "geometry": { "type": "MultiLineString", "coordinates": [ [ [ 434889.43099999910919, 736227.635399999213405 ], [ 434874.872799999197014, 736175.601500000106171 ] ] ] } },
{ "type": "Feature", "properties": { "LEFT_FID": -1, "RIGHT_FID": 20 }, "geometry": { "type": "MultiLineString", "coordinates": [ [ [ 434874.872799999197014, 736175.601500000106171 ], [ 434875.352799999760464, 736176.99170000012964 ], [ 434889.43099999910919, 736227.635399999213405 ] ] ] } },
{ "type": "Feature", "properties": { "LEFT_FID": 20, "RIGHT_FID": 2 }, "geometry": { "type": "MultiLineString", "coordinates": [ [ [ 434891.805300000996795, 736236.121300000115298 ], [ 434889.43099999910919, 736227.635399999213405 ] ] ] } },
{ "type": "Feature", "properties": { "LEFT_FID": -1, "RIGHT_FID": 2 }, "geometry": { "type": "MultiLineString", "coordinates": [ [ [ 434896.701397080381867, 736252.384700880502351 ], [ 434892.027800000330899, 736236.916699999244884 ], [ 434891.805300000996795, 736236.121300000115298 ] ] ] } },
{ "type": "Feature", "properties": { "LEFT_FID": -1, "RIGHT_FID": 20 }, "geometry": { "type": "MultiLineString", "coordinates": [ [ [ 434891.805300000996795, 736236.121300000115298 ], [ 434896.701397080381867, 736252.384700880502351 ] ] ] } },
{ "type": "Feature", "properties": { "LEFT_FID": 20, "RIGHT_FID": 2 }, "geometry": { "type": "MultiLineString", "coordinates": [ [ [ 434907.726999998965766, 736289.008300000336021 ], [ 434907.441599999496248, 736287.931099999579601 ], [ 434896.708499998843763, 736252.408299999311566 ], [ 434896.701397080381867, 736252.384700880502351 ] ] ] } },
{ "type": "Feature", "properties": { "LEFT_FID": -1, "RIGHT_FID": 2 }, "geometry": { "type": "MultiLineString", "coordinates": [ [ [ 434909.057900001178496, 736294.031400000210851 ], [ 434907.726999998965766, 736289.008300000336021 ] ] ] } },
{ "type": "Feature", "properties": { "LEFT_FID": -1, "RIGHT_FID": 20 }, "geometry": { "type": "MultiLineString", "coordinates": [ [ [ 434907.726999998965766, 736289.008300000336021 ], [ 434907.935699999565259, 736289.701499999384396 ], [ 434909.057900001178496, 736294.031400000210851 ] ] ] } },
{ "type": "Feature", "properties": { "LEFT_FID": 20, "RIGHT_FID": 2 }, "geometry": { "type": "MultiLineString", "coordinates": [ [ [ 434912.112900000531226, 736305.81870000064373 ], [ 434911.678199999325443, 736303.920999999158084 ], [ 434909.057900001178496, 736294.031400000210851 ] ] ] } },
{ "type": "Feature", "properties": { "LEFT_FID": -1, "RIGHT_FID": 2 }, "geometry": { "type": "MultiLineString", "coordinates": [ [ [ 434913.423000001348555, 736311.538799999281764 ], [ 434912.112900000531226, 736305.81870000064373 ] ] ] } },
{ "type": "Feature", "properties": { "LEFT_FID": -1, "RIGHT_FID": 20 }, "geometry": { "type": "MultiLineString", "coordinates": [ [ [ 434912.112900000531226, 736305.81870000064373 ], [ 434912.546299999987241, 736307.49109999963548 ], [ 434913.423000001348555, 736311.538799999281764 ] ] ] } },
{ "type": "Feature", "properties": { "LEFT_FID": 20, "RIGHT_FID": 2 }, "geometry": { "type": "MultiLineString", "coordinates": [ [ [ 434915.544899999105837, 736321.335200000437908 ], [ 434914.957199999538716, 736318.237000000313856 ], [ 434913.423000001348555, 736311.538799999281764 ] ] ] } },
{ "type": "Feature", "properties": { "LEFT_FID": -1, "RIGHT_FID": 2 }, "geometry": { "type": "MultiLineString", "coordinates": [ [ [ 434916.639499998709653, 736327.105100000742823 ], [ 434915.544899999105837, 736321.335200000437908 ] ] ] } },
{ "type": "Feature", "properties": { "LEFT_FID": -1, "RIGHT_FID": 20 }, "geometry": { "type": "MultiLineString", "coordinates": [ [ [ 434915.544899999105837, 736321.335200000437908 ], [ 434916.041899998963345, 736323.62949999968987 ], [ 434916.639499998709653, 736327.105100000742823 ] ] ] } },
{ "type": "Feature", "properties": { "LEFT_FID": 20, "RIGHT_FID": 2 }, "geometry": { "type": "MultiLineString", "coordinates": [ [ [ 434917.730300000752322, 736333.448899999493733 ], [ 434917.347900001448579, 736330.83919999958016 ], [ 434916.639499998709653, 736327.105100000742823 ] ] ] } },
{ "type": "Feature", "properties": { "LEFT_FID": -1, "RIGHT_FID": 2 }, "geometry": { "type": "MultiLineString", "coordinates": [ [ [ 434918.771500000846572, 736340.555199998547323 ], [ 434917.730300000752322, 736333.448899999493733 ] ] ] } },
{ "type": "Feature", "properties": { "LEFT_FID": -1, "RIGHT_FID": 20 }, "geometry": { "type": "MultiLineString", "coordinates": [ [ [ 434917.730300000752322, 736333.448899999493733 ], [ 434918.213800000376068, 736336.260999999940395 ], [ 434918.771500000846572, 736340.555199998547323 ] ] ] } },
{ "type": "Feature", "properties": { "LEFT_FID": 20, "RIGHT_FID": 2 }, "geometry": { "type": "MultiLineString", "coordinates": [ [ [ 434918.861474150326103, 736341.16926109790802 ], [ 434918.771500000846572, 736340.555199998547323 ] ] ] } },
{ "type": "Feature", "properties": { "LEFT_FID": -1, "RIGHT_FID": 20 }, "geometry": { "type": "MultiLineString", "coordinates": [ [ [ 434918.861474150326103, 736341.16926109790802 ], [ 434917.172299999510869, 736321.878799999249168 ], [ 434908.004399999335874, 736263.323699999367818 ], [ 434900.302399999345653, 736229.122099998523481 ], [ 434888.991699999081902, 736190.066600001067854 ], [ 434873.033499999903142, 736154.995200000586919 ], [ 434851.021500000264496, 736112.797299998928793 ], [ 434845.147300001350231, 736095.185100000584498 ], [ 434844.274500000814442, 736092.568200000561774 ], [ 434846.473400000482798, 736056.065899999462999 ], [ 434859.52780000079656, 736031.31949999940116 ], [ 434869.537299999443348, 736022.01540000049863 ], [ 434886.977381035860162, 736005.804256282164715 ] ] ] } },
{ "type": "Feature", "properties": { "LEFT_FID": -1, "RIGHT_FID": 2 }, "geometry": { "type": "MultiLineString", "coordinates": [ [ [ 434920.788578074483667, 736363.17689322878141 ], [ 434918.861474150326103, 736341.16926109790802 ] ] ] } },
{ "type": "Feature", "properties": { "LEFT_FID": 20, "RIGHT_FID": 2 }, "geometry": { "type": "MultiLineString", "coordinates": [ [ [ 434920.947199999820441, 736366.821900001610629 ], [ 434920.924600000667851, 736365.468000000691973 ], [ 434920.788578074483667, 736363.17689322878141 ] ] ] } },
{ "type": "Feature", "properties": { "LEFT_FID": -1, "RIGHT_FID": 20 }, "geometry": { "type": "MultiLineString", "coordinates": [ [ [ 434920.947199999820441, 736366.821900001610629 ], [ 434921.047099999443162, 736368.879300001077354 ], [ 434921.166700548958033, 736379.391161164850928 ], [ 434921.417699999758042, 736370.361500000348315 ], [ 434920.788578074483667, 736363.17689322878141 ] ] ] } },
{ "type": "Feature", "properties": { "LEFT_FID": -1, "RIGHT_FID": 2 }, "geometry": { "type": "MultiLineString", "coordinates": [ [ [ 434914.676660336670466, 736474.540316747035831 ], [ 434917.703800000716001, 736449.566699999850243 ], [ 434920.222100000770297, 736413.372999998973683 ], [ 434921.160502705490217, 736379.614127462496981 ], [ 434920.947199999820441, 736366.821900001610629 ] ] ] } },
{ "type": "Feature", "properties": { "LEFT_FID": 20, "RIGHT_FID": 2 }, "geometry": { "type": "MultiLineString", "coordinates": [ [ [ 434897.117200000560842, 736558.233800000045449 ], [ 434897.307999999611638, 736557.331000000471249 ], [ 434900.762799999327399, 736537.338300001225434 ], [ 434908.070300000254065, 736508.772199999773875 ], [ 434910.438100000028498, 736498.357100001187064 ], [ 434913.380700000561774, 736481.249500000150874 ], [ 434914.676660336670466, 736474.540316747035831 ] ] ] } },
{ "type": "Feature", "properties": { "LEFT_FID": -1, "RIGHT_FID": 2 }, "geometry": { "type": "MultiLineString", "coordinates": [ [ [ 434895.91900000028545, 736563.90459999977611 ], [ 434897.117200000560842, 736558.233800000045449 ] ] ] } },
{ "type": "Feature", "properties": { "LEFT_FID": -1, "RIGHT_FID": 20 }, "geometry": { "type": "MultiLineString", "coordinates": [ [ [ 434897.117200000560842, 736558.233800000045449 ], [ 434896.899400001042522, 736559.48239999904763 ], [ 434895.91900000028545, 736563.90459999977611 ] ] ] } },
{ "type": "Feature", "properties": { "LEFT_FID": 20, "RIGHT_FID": 2 }, "geometry": { "type": "MultiLineString", "coordinates": [ [ [ 434894.730600001465064, 736569.26459999976214 ], [ 434895.024299998651259, 736568.138800000306219 ], [ 434895.91900000028545, 736563.90459999977611 ] ] ] } },
{ "type": "Feature", "properties": { "LEFT_FID": -1, "RIGHT_FID": 2 }, "geometry": { "type": "MultiLineString", "coordinates": [ [ [ 434893.671699999540579, 736573.324300000327639 ], [ 434894.730600001465064, 736569.26459999976214 ] ] ] } },
{ "type": "Feature", "properties": { "LEFT_FID": -1, "RIGHT_FID": 20 }, "geometry": { "type": "MultiLineString", "coordinates": [ [ [ 434894.730600001465064, 736569.26459999976214 ], [ 434894.498199999739882, 736570.312999999965541 ], [ 434893.671699999540579, 736573.324300000327639 ] ] ] } },
{ "type": "Feature", "properties": { "LEFT_FID": 20, "RIGHT_FID": 2 }, "geometry": { "type": "MultiLineString", "coordinates": [ [ [ 434891.48170000128448, 736581.303099999204278 ], [ 434892.181900000665337, 736579.035700001753867 ], [ 434893.671699999540579, 736573.324300000327639 ] ] ] } },
{ "type": "Feature", "properties": { "LEFT_FID": -1, "RIGHT_FID": 2 }, "geometry": { "type": "MultiLineString", "coordinates": [ [ [ 434889.441300001053605, 736587.910099999979138 ], [ 434891.48170000128448, 736581.303099999204278 ] ] ] } },
{ "type": "Feature", "properties": { "LEFT_FID": -1, "RIGHT_FID": 20 }, "geometry": { "type": "MultiLineString", "coordinates": [ [ [ 434891.48170000128448, 736581.303099999204278 ], [ 434890.904599999950733, 736583.405499999527819 ], [ 434889.441300001053605, 736587.910099999979138 ] ] ] } },
{ "type": "Feature", "properties": { "LEFT_FID": 20, "RIGHT_FID": 2 }, "geometry": { "type": "MultiLineString", "coordinates": [ [ [ 434887.331399999791756, 736594.40520000027027 ], [ 434888.134499999578111, 736592.141499999444932 ], [ 434889.441300001053605, 736587.910099999979138 ] ] ] } },
{ "type": "Feature", "properties": { "LEFT_FID": -1, "RIGHT_FID": 2 }, "geometry": { "type": "MultiLineString", "coordinates": [ [ [ 434885.302899999544024, 736600.122400001389906 ], [ 434887.331399999791756, 736594.40520000027027 ] ] ] } },
{ "type": "Feature", "properties": { "LEFT_FID": -1, "RIGHT_FID": 20 }, "geometry": { "type": "MultiLineString", "coordinates": [ [ [ 434887.331399999791756, 736594.40520000027027 ], [ 434886.650899999774992, 736596.499800001271069 ], [ 434885.302899999544024, 736600.122400001389906 ] ] ] } },
{ "type": "Feature", "properties": { "LEFT_FID": 20, "RIGHT_FID": 2 }, "geometry": { "type": "MultiLineString", "coordinates": [ [ [ 434885.223067670827731, 736600.347403062391095 ], [ 434885.302899999544024, 736600.122400001389906 ] ] ] } },
{ "type": "Feature", "properties": { "LEFT_FID": -1, "RIGHT_FID": 20 }, "geometry": { "type": "MultiLineString", "coordinates": [ [ [ 434885.223067670827731, 736600.347403062391095 ], [ 434896.628199999860954, 736580.453099999809638 ], [ 434905.273199999413919, 736534.66389999887906 ], [ 434912.401799999119248, 736493.307700001168996 ], [ 434914.676660336670466, 736474.540316747035831 ] ] ] } },
{ "type": "Feature", "properties": { "LEFT_FID": -1, "RIGHT_FID": 2 }, "geometry": { "type": "MultiLineString", "coordinates": [ [ [ 434859.324899999832269, 736659.452099998947233 ], [ 434859.615800000436138, 736658.800500000477768 ], [ 434862.375580160762183, 736653.045346428640187 ], [ 434863.364299999549985, 736650.146900000283495 ], [ 434869.525399999460205, 736627.729300000704825 ], [ 434885.223067670827731, 736600.347403062391095 ] ] ] } },
{ "type": "Feature", "properties": { "LEFT_FID": -1, "RIGHT_FID": 20 }, "geometry": { "type": "MultiLineString", "coordinates": [ [ [ 434862.262866361474153, 736653.375768553698435 ], [ 434859.324899999832269, 736659.452099998947233 ] ] ] } },
{ "type": "Feature", "properties": { "LEFT_FID": 20, "RIGHT_FID": 2 }, "geometry": { "type": "MultiLineString", "coordinates": [ [ [ 434858.511181646666955, 736661.274611021159217 ], [ 434859.324899999832269, 736659.452099998947233 ] ] ] } },
{ "type": "Feature", "properties": { "LEFT_FID": -1, "RIGHT_FID": 20 }, "geometry": { "type": "MultiLineString", "coordinates": [ [ [ 434858.511181646666955, 736661.274611021159217 ], [ 434861.000299999606796, 736657.077000000397675 ], [ 434862.262866361474153, 736653.375768553698435 ] ] ] } },
{ "type": "Feature", "properties": { "LEFT_FID": -1, "RIGHT_FID": 2 }, "geometry": { "type": "MultiLineString", "coordinates": [ [ [ 434801.802333458617795, 736735.638654089183547 ], [ 434803.464399999880698, 736733.672900001634844 ], [ 434812.325499999918975, 736724.049299999140203 ], [ 434830.107599999348167, 736707.355299999471754 ], [ 434841.135200000659097, 736690.57719999877736 ], [ 434858.511181646666955, 736661.274611021159217 ] ] ] } },
{ "type": "Feature", "properties": { "LEFT_FID": 20, "RIGHT_FID": 2 }, "geometry": { "type": "MultiLineString", "coordinates": [ [ [ 434790.913099999830592, 736745.686700001126155 ], [ 434799.711800000222865, 736737.211999999941327 ], [ 434801.802333458617795, 736735.638654089183547 ] ] ] } },
{ "type": "Feature", "properties": { "LEFT_FID": -1, "RIGHT_FID": 2 }, "geometry": { "type": "MultiLineString", "coordinates": [ [ [ 434789.441000000515487, 736747.334499998949468 ], [ 434790.558600001037121, 736746.028200000175275 ], [ 434790.913099999830592, 736745.686700001126155 ] ] ] } },
{ "type": "Feature", "properties": { "LEFT_FID": -1, "RIGHT_FID": 20 }, "geometry": { "type": "MultiLineString", "coordinates": [ [ [ 434790.913099999830592, 736745.686700001126155 ], [ 434789.441000000515487, 736747.334499998949468 ] ] ] } },
{ "type": "Feature", "properties": { "LEFT_FID": 20, "RIGHT_FID": 2 }, "geometry": { "type": "MultiLineString", "coordinates": [ [ [ 434786.180599999905098, 736751.145049999817275 ], [ 434789.441000000515487, 736747.334499998949468 ] ] ] } },
{ "type": "Feature", "properties": { "LEFT_FID": -1, "RIGHT_FID": 2 }, "geometry": { "type": "MultiLineString", "coordinates": [ [ [ 434783.576050000905525, 736754.454250001115724 ], [ 434785.123800000990741, 736752.380300001124851 ], [ 434786.180599999905098, 736751.145049999817275 ] ] ] } },
{ "type": "Feature", "properties": { "LEFT_FID": -1, "RIGHT_FID": 20 }, "geometry": { "type": "MultiLineString", "coordinates": [ [ [ 434786.180599999905098, 736751.145049999817275 ], [ 434783.576050000905525, 736754.454250001115724 ] ] ] } },
{ "type": "Feature", "properties": { "LEFT_FID": 20, "RIGHT_FID": 2 }, "geometry": { "type": "MultiLineString", "coordinates": [ [ [ 434781.4648999995552, 736757.283200000412762 ], [ 434783.576050000905525, 736754.454250001115724 ] ] ] } },
{ "type": "Feature", "properties": { "LEFT_FID": -1, "RIGHT_FID": 20 }, "geometry": { "type": "MultiLineString", "coordinates": [ [ [ 434781.4648999995552, 736757.283200000412762 ], [ 434776.04682792146923, 736765.499012711690739 ], [ 434776.622799999604467, 736764.788200000068173 ], [ 434787.238200000079814, 736752.863899999530986 ], [ 434801.802333458617795, 736735.638654089183547 ] ] ] } },
{ "type": "Feature", "properties": { "LEFT_FID": -1, "RIGHT_FID": 2 }, "geometry": { "type": "MultiLineString", "coordinates": [ [ [ 434744.161987082916312, 736863.507700420334004 ], [ 434746.56730000092648, 736844.807000000961125 ], [ 434750.754399999859743, 736820.902399999089539 ], [ 434756.016100000531878, 736794.697100001387298 ], [ 434762.672500001266599, 736783.295399998547509 ], [ 434765.36909999884665, 736778.676500000408851 ], [ 434775.321790549263824, 736766.3937883451581 ], [ 434775.451999999349937, 736766.169700000667945 ], [ 434780.097799999173731, 736759.115000001038425 ], [ 434781.4648999995552, 736757.283200000412762 ] ] ] } },
{ "type": "Feature", "properties": { "LEFT_FID": 20, "RIGHT_FID": 2 }, "geometry": { "type": "MultiLineString", "coordinates": [ [ [ 434743.480300000461284, 736866.461700000800192 ], [ 434744.161987082916312, 736863.507700420334004 ] ] ] } },
{ "type": "Feature", "properties": { "LEFT_FID": -1, "RIGHT_FID": 20 }, "geometry": { "type": "MultiLineString", "coordinates": [ [ [ 434743.480300000461284, 736866.461700000800192 ], [ 434744.635623111156747, 736872.569670269149356 ], [ 434744.135000000766013, 736863.717499998863786 ], [ 434744.161987082916312, 736863.507700420334004 ] ] ] } },
{ "type": "Feature", "properties": { "LEFT_FID": -1, "RIGHT_FID": 2 }, "geometry": { "type": "MultiLineString", "coordinates": [ [ [ 434747.411599999468308, 736935.76659999997355 ], [ 434747.058894135407172, 736919.805927664157934 ], [ 434745.761400000134017, 736892.475999999674968 ], [ 434744.6563628432923, 736872.936396531527862 ], [ 434743.4387, 736866.641899999347515 ], [ 434743.480300000461284, 736866.461700000800192 ] ] ] } },
{ "type": "Feature", "properties": { "LEFT_FID": -1, "RIGHT_FID": 20 }, "geometry": { "type": "MultiLineString", "coordinates": [ [ [ 434747.222195791779086, 736921.930217655608431 ], [ 434747.411599999468308, 736935.76659999997355 ] ] ] } },
{ "type": "Feature", "properties": { "LEFT_FID": 20, "RIGHT_FID": 2 }, "geometry": { "type": "MultiLineString", "coordinates": [ [ [ 434747.590399999753572, 736943.857600000104867 ], [ 434747.411599999468308, 736935.76659999997355 ] ] ] } },
{ "type": "Feature", "properties": { "LEFT_FID": -1, "RIGHT_FID": 2 }, "geometry": { "type": "MultiLineString", "coordinates": [ [ [ 434749.302500000456348, 736985.792499999399297 ], [ 434748.859600000316277, 736978.034399999887682 ], [ 434747.696900000213645, 736948.679500000085682 ], [ 434747.590399999753572, 736943.857600000104867 ] ] ] } },
{ "type": "Feature", "properties": { "LEFT_FID": -1, "RIGHT_FID": 20 }, "geometry": { "type": "MultiLineString", "coordinates": [ [ [ 434747.590399999753572, 736943.857600000104867 ], [ 434749.302500000456348, 736985.792499999399297 ] ] ] } },
{ "type": "Feature", "properties": { "LEFT_FID": 20, "RIGHT_FID": 2 }, "geometry": { "type": "MultiLineString", "coordinates": [ [ [ 434749.690000001282897, 736992.580700002028607 ], [ 434749.302500000456348, 736985.792499999399297 ] ] ] } },
{ "type": "Feature", "properties": { "LEFT_FID": -1, "RIGHT_FID": 20 }, "geometry": { "type": "MultiLineString", "coordinates": [ [ [ 434749.690000001282897, 736992.580700002028607 ], [ 434750.44833924114937, 737003.108625011984259 ], [ 434750.702499999664724, 737002.133100000093691 ], [ 434755.28089999925578, 736984.559400000493042 ], [ 434754.609899999923073, 736969.941700000781566 ], [ 434752.809200000367127, 736953.219699999550357 ], [ 434748.342000001051929, 736935.150900001055561 ], [ 434747.222195791779086, 736921.930217655608431 ] ] ] } },
{ "type": "Feature", "properties": { "LEFT_FID": -1, "RIGHT_FID": 2 }, "geometry": { "type": "MultiLineString", "coordinates": [ [ [ 434754.012109080329537, 737048.247374862665311 ], [ 434751.273599999432918, 737045.948400000925176 ], [ 434745.716500000329688, 737038.316799999796785 ], [ 434743.871500000183005, 737027.178200000198558 ], [ 434745.566000000049826, 737014.131599999265745 ], [ 434750.208000000100583, 737004.03110000025481 ], [ 434750.319260713586118, 737003.604056851239875 ], [ 434749.690000001282897, 736992.580700002028607 ] ] ] } },
{ "type": "Feature", "properties": { "LEFT_FID": 20, "RIGHT_FID": 2 }, "geometry": { "type": "MultiLineString", "coordinates": [ [ [ 434765.416530364484061, 737103.440503679215908 ], [ 434764.421199999691453, 737101.247899998910725 ], [ 434760.15320000029169, 737089.483 ], [ 434758.484500000136904, 737083.370900000445545 ], [ 434757.199599999759812, 737077.071099999244325 ], [ 434754.012109080329537, 737048.247374862665311 ] ] ] } },
{ "type": "Feature", "properties": { "LEFT_FID": -1, "RIGHT_FID": 20 }, "geometry": { "type": "MultiLineString", "coordinates": [ [ [ 434765.416530364484061, 737103.440503679215908 ], [ 434766.247800000011921, 737089.57719999877736 ], [ 434766.178700000687968, 737087.386800000909716 ], [ 434765.788699999568053, 737075.01549999974668 ], [ 434764.051699999137782, 737066.991199999582022 ], [ 434758.726499999058433, 737052.205100000137463 ], [ 434754.012109080329537, 737048.247374862665311 ] ] ] } },
{ "type": "Feature", "properties": { "LEFT_FID": -1, "RIGHT_FID": 2 }, "geometry": { "type": "MultiLineString", "coordinates": [ [ [ 434793.942484823171981, 737180.394841944449581 ], [ 434788.308299999509472, 737173.66430000087712 ], [ 434787.586800000455696, 737168.922599998768419 ], [ 434785.638700000185054, 737152.87400000076741 ], [ 434781.739200000301935, 737144.513000000151806 ], [ 434767.465200001315679, 737123.52620000008028 ], [ 434765.018000000389293, 737110.086900000227615 ], [ 434765.416530364484061, 737103.440503679215908 ] ] ] } },
{ "type": "Feature", "properties": { "LEFT_FID": 20, "RIGHT_FID": 2 }, "geometry": { "type": "MultiLineString", "coordinates": [ [ [ 434778.150888462201692, 737245.951443627011031 ], [ 434784.670899999677204, 737228.7421000006143 ], [ 434789.841400000150315, 737212.282299998332746 ], [ 434791.8019999996759, 737203.959300000453368 ], [ 434793.199900000356138, 737195.564700000686571 ], [ 434793.925400001171511, 737187.091200000257231 ], [ 434793.96229999960633, 737180.679900000221096 ], [ 434793.942484823171981, 737180.394841944449581 ] ] ] } },
{ "type": "Feature", "properties": { "LEFT_FID": -1, "RIGHT_FID": 20 }, "geometry": { "type": "MultiLineString", "coordinates": [ [ [ 434778.150888462201692, 737245.951443627011031 ], [ 434778.405999999318738, 737245.462400000542402 ], [ 434788.403099999704864, 737222.988700001500547 ], [ 434793.436299999477342, 737209.857899998547509 ], [ 434795.973399998794775, 737204.246499999891967 ], [ 434799.214499999594409, 737194.847400001017377 ], [ 434796.293800000159536, 737183.203700001351535 ], [ 434793.942484823171981, 737180.394841944449581 ] ] ] } },
{ "type": "Feature", "properties": { "LEFT_FID": -1, "RIGHT_FID": 2 }, "geometry": { "type": "MultiLineString", "coordinates": [ [ [ 434762.003661162161734, 737340.995943773537874 ], [ 434759.386800001433585, 737329.437300001387484 ], [ 434759.428799999237526, 737325.937700000707991 ], [ 434759.706300000543706, 737302.839199999347329 ], [ 434763.682699999131728, 737273.687799999839626 ], [ 434766.770300001080614, 737267.767799998866394 ], [ 434778.150888462201692, 737245.951443627011031 ] ] ] } },
{ "type": "Feature", "properties": { "LEFT_FID": 20, "RIGHT_FID": 2 }, "geometry": { "type": "MultiLineString", "coordinates": [ [ [ 434768.032910055248067, 737375.490548419882543 ], [ 434767.935700001195073, 737375.175400001113303 ], [ 434764.734699999447912, 737360.920199999352917 ], [ 434762.12429999926826, 737342.952900000731461 ], [ 434762.003661162161734, 737340.995943773537874 ] ] ] } },
{ "type": "Feature", "properties": { "LEFT_FID": -1, "RIGHT_FID": 20 }, "geometry": { "type": "MultiLineString", "coordinates": [ [ [ 434768.032910055248067, 737375.490548419882543 ], [ 434765.459399999002926, 737356.259900000412017 ], [ 434762.003661162161734, 737340.995943773537874 ] ] ] } },
{ "type": "Feature", "properties": { "LEFT_FID": -1, "RIGHT_FID": 2 }, "geometry": { "type": "MultiLineString", "coordinates": [ [ [ 434786.914028195431456, 737411.505650658044033 ], [ 434783.665700000186916, 737410.438100001192652 ], [ 434771.974600000423379, 737394.726199999102391 ], [ 434769.495699999155477, 737386.421300000278279 ], [ 434768.032910055248067, 737375.490548419882543 ] ] ] } },
{ "type": "Feature", "properties": { "LEFT_FID": 20, "RIGHT_FID": 2 }, "geometry": { "type": "MultiLineString", "coordinates": [ [ [ 434823.285034297907259, 737447.336522115161642 ], [ 434822.416599999298342, 737443.528300000587478 ], [ 434819.897399999317713, 737436.921700001461431 ], [ 434816.806899999734014, 737431.901900000986643 ], [ 434812.570299999904819, 737427.552900000126101 ], [ 434807.757000000507105, 737424.262499998207204 ], [ 434796.832899998873472, 737418.4849999982398 ], [ 434790.938300000270829, 737414.811799999792129 ], [ 434786.914028195431456, 737411.505650658044033 ] ] ] } },
{ "type": "Feature", "properties": { "LEFT_FID": -1, "RIGHT_FID": 20 }, "geometry": { "type": "MultiLineString", "coordinates": [ [ [ 434823.285034297907259, 737447.336522115161642 ], [ 434822.109799999161623, 737433.304700001259334 ], [ 434818.812300000339746, 737424.550899998517707 ], [ 434812.42289999924833, 737419.444499998935498 ], [ 434801.935499998566229, 737416.442399998544715 ], [ 434786.914028195431456, 737411.505650658044033 ] ] ] } },
{ "type": "Feature", "properties": { "LEFT_FID": -1, "RIGHT_FID": 2 }, "geometry": { "type": "MultiLineString", "coordinates": [ [ [ 434825.251337708206847, 737461.912477610865608 ], [ 434823.583200000226498, 737450.89649999991525 ], [ 434823.285034297907259, 737447.336522115161642 ] ] ] } },
{ "type": "Feature", "properties": { "LEFT_FID": 20, "RIGHT_FID": 2 }, "geometry": { "type": "MultiLineString", "coordinates": [ [ [ 434876.111803162260912, 737592.70911128888838 ], [ 434877.323600000236183, 737589.368400000385009 ], [ 434878.355200000922196, 737584.415699999430217 ], [ 434878.926199999637902, 737577.737099998979829 ], [ 434878.485299999301787, 737571.684600000269711 ], [ 434876.81689999991795, 737565.28370000096038 ], [ 434874.047699999529868, 737559.445300000719726 ], [ 434870.91089999966789, 737554.770400001783855 ], [ 434867.168700000678655, 737550.296000000205822 ], [ 434852.005799999635201, 737535.464199999696575 ], [ 434844.304499999911059, 737526.412199999671429 ], [ 434840.570600000792183, 737521.143500000820495 ], [ 434837.192200001445599, 737515.64029999950435 ], [ 434834.189299999852665, 737509.902099999599159 ], [ 434831.58220000116853, 737503.928400000673719 ], [ 434828.487300000328105, 737494.575700000859797 ], [ 434827.023000000452157, 737487.202099999180064 ], [ 434826.145399999048095, 737478.669399999664165 ], [ 434825.251337708206847, 737461.912477610865608 ] ] ] } },
{ "type": "Feature", "properties": { "LEFT_FID": -1, "RIGHT_FID": 20 }, "geometry": { "type": "MultiLineString", "coordinates": [ [ [ 434876.111803162260912, 737592.70911128888838 ], [ 434879.099799999617971, 737590.396400001016445 ], [ 434881.499600000446662, 737572.495899999048561 ], [ 434879.833600000303704, 737566.407500000670552 ], [ 434877.74869999976363, 737561.048600000445731 ], [ 434872.478800000215415, 737550.892000001855195 ], [ 434854.059100000828039, 737534.562699999660254 ], [ 434839.433599999407306, 737518.514099999330938 ], [ 434829.777699999511242, 737494.020199999911711 ], [ 434826.595499999355525, 737470.789000001037493 ], [ 434825.251337708206847, 737461.912477610865608 ] ] ] } },
{ "type": "Feature", "properties": { "LEFT_FID": 20, "RIGHT_FID": 2 }, "geometry": { "type": "MultiLineString", "coordinates": [ [ [ 434740.591500001144595, 737638.396899999817833 ], [ 434745.273299999418668, 737639.294000000809319 ], [ 434748.830600000044797, 737640.939799998770468 ], [ 434761.768200000165962, 737648.269499999471009 ], [ 434764.676480369700585, 737649.468986934400164 ] ] ] } },
{ "type": "Feature", "properties": { "LEFT_FID": -1, "RIGHT_FID": 2 }, "geometry": { "type": "MultiLineString", "coordinates": [ [ [ 434764.676480369700585, 737649.468986934400164 ], [ 434768.331300000019837, 737649.93349999981001 ], [ 434794.184700000158045, 737644.069599998299964 ], [ 434806.191099999763537, 737635.820800001267344 ], [ 434824.873799999186303, 737614.834099999978207 ], [ 434843.904400001047179, 737601.619200000423007 ], [ 434849.946299999312032, 737599.711300000199117 ], [ 434858.635099998908117, 737599.430800000322051 ], [ 434868.768799999787007, 737598.39260000095237 ], [ 434876.111803162260912, 737592.70911128888838 ] ] ] } },
{ "type": "Feature", "properties": { "LEFT_FID": 20, "RIGHT_FID": 2 }, "geometry": { "type": "MultiLineString", "coordinates": [ [ [ 434617.16086760169128, 737682.589479489834048 ], [ 434625.056200000050012, 737676.81029999954626 ], [ 434633.834500000753906, 737671.333000001148321 ], [ 434643.060399999259971, 737666.431300000287592 ], [ 434652.692900000954978, 737662.090199999860488 ], [ 434662.690800000389572, 737658.294500000309199 ], [ 434673.013100000738632, 737655.029399999883026 ], [ 434706.417899999651127, 737645.83159999945201 ], [ 434723.009899998956826, 737641.565199998090975 ], [ 434735.213399999891408, 737638.846499999635853 ], [ 434740.591500001144595, 737638.396899999817833 ] ] ] } },
{ "type": "Feature", "properties": { "LEFT_FID": -1, "RIGHT_FID": 20 }, "geometry": { "type": "MultiLineString", "coordinates": [ [ [ 434617.16086760169128, 737682.589479489834048 ], [ 434625.09530000021914, 737677.878399999113753 ], [ 434646.226199999451637, 737667.132500000763685 ], [ 434681.5332, 737657.789499999140389 ], [ 434710.762200000695884, 737649.821300000650808 ], [ 434742.061400000937283, 737646.594699998968281 ], [ 434764.676480369700585, 737649.468986934400164 ] ] ] } },
{ "type": "Feature", "properties": { "LEFT_FID": -1, "RIGHT_FID": 2 }, "geometry": { "type": "MultiLineString", "coordinates": [ [ [ 434586.965288784704171, 737717.40498089697212 ], [ 434587.024299999640789, 737716.990000000572763 ], [ 434596.081300000252668, 737695.105500000296161 ], [ 434617.16086760169128, 737682.589479489834048 ] ] ] } },
{ "type": "Feature", "properties": { "LEFT_FID": 20, "RIGHT_FID": 2 }, "geometry": { "type": "MultiLineString", "coordinates": [ [ [ 434586.523484386503696, 737824.747501339297742 ], [ 434585.548899998771958, 737821.363299999502487 ], [ 434579.21910000074422, 737805.16259999864269 ], [ 434577.09509999997681, 737798.935000000637956 ], [ 434575.754699999350123, 737793.29909999971278 ], [ 434575.158699999912642, 737788.259599999873899 ], [ 434574.461099999607541, 737765.352499998989515 ], [ 434575.113099999842234, 737751.132799999555573 ], [ 434575.994099999254104, 737744.832100000581704 ], [ 434577.362400000391062, 737738.859099999535829 ], [ 434578.588499998906627, 737735.116599999833852 ], [ 434581.745299998903647, 737727.477699999813922 ], [ 434585.327299999480601, 737720.225900001008995 ], [ 434586.965288784704171, 737717.40498089697212 ] ] ] } },
{ "type": "Feature", "properties": { "LEFT_FID": -1, "RIGHT_FID": 20 }, "geometry": { "type": "MultiLineString", "coordinates": [ [ [ 434586.523484386503696, 737824.747501339297742 ], [ 434585.072700000251643, 737815.105700000189245 ], [ 434579.68370000005234, 737795.129000001470558 ], [ 434579.276300000026822, 737793.619999999296851 ], [ 434578.895999999309424, 737792.211100000888109 ], [ 434578.021600000734907, 737777.789699999033473 ], [ 434579.875699999800418, 737766.145999999367632 ], [ 434583.664899999392219, 737740.614100000355393 ], [ 434586.965288784704171, 737717.40498089697212 ] ] ] } },
{ "type": "Feature", "properties": { "LEFT_FID": -1, "RIGHT_FID": 2 }, "geometry": { "type": "MultiLineString", "coordinates": [ [ [ 434588.54760503169382, 737838.199651305214502 ], [ 434586.523484386503696, 737824.747501339297742 ] ] ] } },
{ "type": "Feature", "properties": { "LEFT_FID": 20, "RIGHT_FID": 2 }, "geometry": { "type": "MultiLineString", "coordinates": [ [ [ 434598.916787224821746, 737953.249092499958351 ], [ 434598.820000001054723, 737949.484599999617785 ], [ 434597.76759999897331, 737940.152499999152496 ], [ 434594.116299999412149, 737918.254300001077354 ], [ 434587.730599999369588, 737874.286899999715388 ], [ 434587.504899999476038, 737865.086600001202896 ], [ 434588.651399999274872, 737842.3369 ], [ 434588.54760503169382, 737838.199651305214502 ] ] ] } },
{ "type": "Feature", "properties": { "LEFT_FID": -1, "RIGHT_FID": 20 }, "geometry": { "type": "MultiLineString", "coordinates": [ [ [ 434598.916787224821746, 737953.249092499958351 ], [ 434600.899899998796172, 737918.243599999696016 ], [ 434590.468000000633765, 737871.865199999883771 ], [ 434589.138200000452343, 737842.124700000393204 ], [ 434588.54760503169382, 737838.199651305214502 ] ] ] } },
{ "type": "Feature", "properties": { "LEFT_FID": -1, "RIGHT_FID": 2 }, "geometry": { "type": "MultiLineString", "coordinates": [ [ [ 434596.994863265310414, 737987.174492789781652 ], [ 434598.916787224821746, 737953.249092499958351 ] ] ] } },
{ "type": "Feature", "properties": { "LEFT_FID": 20, "RIGHT_FID": 2 }, "geometry": { "type": "MultiLineString", "coordinates": [ [ [ 434592.810408527264372, 738034.988081970019266 ], [ 434592.664699998509604, 738031.592700000153854 ], [ 434592.730399999709334, 738023.652899998356588 ], [ 434593.5504, 738012.776300000026822 ], [ 434596.994863265310414, 737987.174492789781652 ] ] ] } },
{ "type": "Feature", "properties": { "LEFT_FID": -1, "RIGHT_FID": 20 }, "geometry": { "type": "MultiLineString", "coordinates": [ [ [ 434592.810408527264372, 738034.988081970019266 ], [ 434593.001600000890903, 738030.948899998795241 ], [ 434596.776799999759533, 737991.02370000036899 ], [ 434596.994863265310414, 737987.174492789781652 ] ] ] } },
{ "type": "Feature", "properties": { "LEFT_FID": -1, "RIGHT_FID": 2 }, "geometry": { "type": "MultiLineString", "coordinates": [ [ [ 434601.623380905366503, 738094.792028846684843 ], [ 434591.515499998640735, 738062.344799998099916 ], [ 434592.810408527264372, 738034.988081970019266 ] ] ] } },
{ "type": "Feature", "properties": { "LEFT_FID": 20, "RIGHT_FID": 2 }, "geometry": { "type": "MultiLineString", "coordinates": [ [ [ 434670.003427056130022, 738226.059791275300086 ], [ 434667.596599999524187, 738223.618000001413748 ], [ 434655.049400000018068, 738214.47850000008475 ], [ 434648.293900000862777, 738208.077499999664724 ], [ 434644.897799999744166, 738203.960500001092441 ], [ 434641.069100000429899, 738198.433599998592399 ], [ 434637.646700001321733, 738192.570499998400919 ], [ 434634.570200000307523, 738186.464199998416007 ], [ 434629.212399999902118, 738173.8933 ], [ 434614.672900000528898, 738135.824200000381097 ], [ 434606.477500000735745, 738112.60500000033062 ], [ 434603.611100000794977, 738102.87250000028871 ], [ 434601.623380905366503, 738094.792028846684843 ] ] ] } },
{ "type": "Feature", "properties": { "LEFT_FID": -1, "RIGHT_FID": 20 }, "geometry": { "type": "MultiLineString", "coordinates": [ [ [ 434670.003427056130022, 738226.059791275300086 ], [ 434654.629799999296665, 738200.301599999656901 ], [ 434631.317500000295695, 738161.610799999558367 ], [ 434612.195000000239816, 738128.727900000289083 ], [ 434601.623380905366503, 738094.792028846684843 ] ] ] } },
{ "type": "Feature", "properties": { "LEFT_FID": -1, "RIGHT_FID": 2 }, "geometry": { "type": "MultiLineString", "coordinates": [ [ [ 434773.196151633455884, 738444.290569033822976 ], [ 434765.357200001133606, 738432.461300000431947 ], [ 434751.625600000144914, 738411.739899999694899 ], [ 434740.845700000820216, 738385.169799999217503 ], [ 434729.700199999613687, 738357.786099999328144 ], [ 434708.278500000829808, 738305.150900001637638 ], [ 434684.386900000914466, 738250.159000000683591 ], [ 434670.003427056130022, 738226.059791275300086 ] ] ] } },
{ "type": "Feature", "properties": { "LEFT_FID": 20, "RIGHT_FID": 2 }, "geometry": { "type": "MultiLineString", "coordinates": [ [ [ 434777.686699999845587, 738454.597699999809265 ], [ 434774.735700000659563, 738449.473600000608712 ], [ 434773.689499999920372, 738446.652899999637157 ], [ 434773.196151633455884, 738444.290569033822976 ] ] ] } },
{ "type": "Feature", "properties": { "LEFT_FID": -1, "RIGHT_FID": 2 }, "geometry": { "type": "MultiLineString", "coordinates": [ [ [ 434791.914200000988785, 738474.297200000146404 ], [ 434791.627000001433771, 738473.929400000954047 ], [ 434777.686699999845587, 738454.597699999809265 ] ] ] } },
{ "type": "Feature", "properties": { "LEFT_FID": -1, "RIGHT_FID": 20 }, "geometry": { "type": "MultiLineString", "coordinates": [ [ [ 434777.686699999845587, 738454.597699999809265 ], [ 434791.914200000988785, 738474.297200000146404 ] ] ] } },
{ "type": "Feature", "properties": { "LEFT_FID": 20, "RIGHT_FID": 2 }, "geometry": { "type": "MultiLineString", "coordinates": [ [ [ 434857.993875631887931, 738525.5046812875662 ], [ 434834.678100000775885, 738513.306500000529923 ], [ 434827.406200000958052, 738508.95749999966938 ], [ 434820.378200001083314, 738504.130899999756366 ], [ 434813.371099999174476, 738498.422900000819936 ], [ 434806.351599998946767, 738491.650699998717755 ], [ 434799.138900000427384, 738483.549599998630583 ], [ 434791.914200000988785, 738474.297200000146404 ] ] ] } },
{ "type": "Feature", "properties": { "LEFT_FID": -1, "RIGHT_FID": 20 }, "geometry": { "type": "MultiLineString", "coordinates": [ [ [ 434857.993875631887931, 738525.5046812875662 ], [ 434818.421500000171363, 738496.107600000570528 ], [ 434775.498700001393445, 738447.765200001071207 ], [ 434773.196151633455884, 738444.290569033822976 ] ] ] } },
{ "type": "Feature", "properties": { "LEFT_FID": -1, "RIGHT_FID": 2 }, "geometry": { "type": "MultiLineString", "coordinates": [ [ [ 434895.734478476049844, 738553.483897532452829 ], [ 434885.611699999484699, 738546.021099999081343 ], [ 434857.993875631887931, 738525.5046812875662 ] ] ] } },
{ "type": "Feature", "properties": { "LEFT_FID": 20, "RIGHT_FID": 2 }, "geometry": { "type": "MultiLineString", "coordinates": [ [ [ 434969.544130807102192, 738640.815306897740811 ], [ 434968.514799999655224, 738639.717100000474602 ], [ 434953.481799999484792, 738621.383600000641309 ], [ 434926.957999999285676, 738591.867299999459647 ], [ 434920.607300001080148, 738584.240700001129881 ], [ 434902.713700000604149, 738561.377099999575876 ], [ 434896.067999999038875, 738553.823400000343099 ], [ 434895.734478476049844, 738553.483897532452829 ] ] ] } },
{ "type": "Feature", "properties": { "LEFT_FID": -1, "RIGHT_FID": 20 }, "geometry": { "type": "MultiLineString", "coordinates": [ [ [ 434969.544130807102192, 738640.815306897740811 ], [ 434968.632499999832362, 738638.890099999727681 ], [ 434954.681600000010803, 738614.648799999733455 ], [ 434922.950800000398885, 738574.190499999793246 ], [ 434919.406800000288058, 738570.935799999977462 ], [ 434895.734478476049844, 738553.483897532452829 ] ] ] } },
{ "type": "Feature", "properties": { "LEFT_FID": -1, "RIGHT_FID": 2 }, "geometry": { "type": "MultiLineString", "coordinates": [ [ [ 434882.063654000870883, 739501.308889842475764 ], [ 434881.948300000163727, 739500.130799999926239 ], [ 434873.628100001078565, 739430.044199999421835 ], [ 434866.498199999623466, 739370.36669999815058 ], [ 434865.144299998763017, 739317.00210000097286 ], [ 434867.63860000128625, 739263.581399999908172 ], [ 434870.236300000280607, 739209.65569999977015 ], [ 434881.88770000054501, 739155.421299998532049 ], [ 434895.750299999956042, 739121.556399998255074 ], [ 434913.496699999494012, 739089.206599998171441 ], [ 434945.0091999990982, 739033.204600000404753 ], [ 434979.53110000025481, 738975.91200000140816 ], [ 434988.783200000238139, 738962.444599998998456 ], [ 435010.030500000051688, 738931.949200001079589 ], [ 435021.175000000279397, 738915.954000000259839 ], [ 435039.161100000434089, 738888.756100001046434 ], [ 435040.452900000149384, 738886.80269999941811 ], [ 435050.782499999448191, 738867.920199998654425 ], [ 435052.039999999804422, 738862.000199999893084 ], [ 435055.339500000642147, 738828.612200000439771 ], [ 435042.11319999943953, 738782.570499998982996 ], [ 435028.862799999769777, 738752.409200000111014 ], [ 435000.035799998964649, 738698.707900000386871 ], [ 434990.474200001044665, 738685.016000001109205 ], [ 434969.544130807102192, 738640.815306897740811 ] ] ] } },
{ "type": "Feature", "properties": { "LEFT_FID": 20, "RIGHT_FID": 2 }, "geometry": { "type": "MultiLineString", "coordinates": [ [ [ 435020.804398417123593, 739964.518690155702643 ], [ 435015.920100000221282, 739952.421799999778159 ], [ 435010.023900001426227, 739940.732699999818578 ], [ 435005.055999998934567, 739932.31629999994766 ], [ 434996.004200000897981, 739918.653699999442324 ], [ 434989.200899999937974, 739907.722700000624172 ], [ 434982.934100000769831, 739896.815499999560416 ], [ 434977.149000001256354, 739885.892300000065006 ], [ 434968.019400000048336, 739866.618700000573881 ], [ 434958.809899999410845, 739844.109300001524389 ], [ 434952.508199999341741, 739826.706599998404272 ], [ 434946.519900000363123, 739808.708499999484047 ], [ 434916.715699999360368, 739712.502899999730289 ], [ 434905.119000000297092, 739672.245799999451265 ], [ 434897.24970000050962, 739640.646500000962988 ], [ 434892.51439999951981, 739617.870699999271892 ], [ 434889.380699999222998, 739599.504199999617413 ], [ 434886.416500000515953, 739576.338400001288392 ], [ 434884.907500000495929, 739557.621099999523722 ], [ 434882.063654000870883, 739501.308889842475764 ] ] ] } },
{ "type": "Feature", "properties": { "LEFT_FID": -1, "RIGHT_FID": 20 }, "geometry": { "type": "MultiLineString", "coordinates": [ [ [ 435020.804398417123593, 739964.518690155702643 ], [ 434997.299200001172721, 739866.80900000128895 ], [ 434968.49609999905806, 739823.769500001100823 ], [ 434926.750099999946542, 739731.377399999182671 ], [ 434906.148399999248795, 739669.006500000832602 ], [ 434895.342100000940263, 739607.140599999460392 ], [ 434887.827400000882335, 739560.173000000882894 ], [ 434882.063654000870883, 739501.308889842475764 ] ] ] } },
{ "type": "Feature", "properties": { "LEFT_FID": -1, "RIGHT_FID": 2 }, "geometry": { "type": "MultiLineString", "coordinates": [ [ [ 434985.315750000881962, 740138.576350001851097 ], [ 434986.197760697454214, 740137.546034678001888 ], [ 434988.975199999986216, 740132.117000000784174 ], [ 435000.390599998470861, 740110.625199999543838 ], [ 435016.310900000389665, 740040.25800000037998 ], [ 435023.142900000908412, 739974.239700001082383 ], [ 435020.804398417123593, 739964.518690155702643 ] ] ] } },
{ "type": "Feature", "properties": { "LEFT_FID": -1, "RIGHT_FID": 0 }, "geometry": { "type": "MultiLineString", "coordinates": [ [ [ 434986.107022466720082, 740137.723399850074202 ], [ 434985.315750000881962, 740138.576350001851097 ] ] ] } },
{ "type": "Feature", "properties": { "LEFT_FID": 2, "RIGHT_FID": 0 }, "geometry": { "type": "MultiLineString", "coordinates": [ [ [ 434985.315750000881962, 740138.576350001851097 ], [ 434983.711600000562612, 740140.449999999837019 ], [ 434970.262600000249222, 740154.802899999544024 ] ] ] } },
{ "type": "Feature", "properties": { "LEFT_FID": -1, "RIGHT_FID": 0 }, "geometry": { "type": "MultiLineString", "coordinates": [ [ [ 434970.262600000249222, 740154.802899999544024 ], [ 434955.204949153703637, 740170.110746652586386 ], [ 434974.951600000902545, 740159.528799998573959 ], [ 434986.107022466720082, 740137.723399850074202 ] ] ] } },
{ "type": "Feature", "properties": { "LEFT_FID": -1, "RIGHT_FID": 2 }, "geometry": { "type": "MultiLineString", "coordinates": [ [ [ 434763.095699999830686, 740326.120999998413026 ], [ 434765.526030567707494, 740323.842687756405212 ], [ 434808.320300000836141, 740262.498299998464063 ], [ 434839.133599999884609, 740240.838199998484924 ], [ 434918.406700000166893, 740189.830399999045767 ], [ 434955.070150378684048, 740170.182983381673694 ], [ 434970.262600000249222, 740154.802899999544024 ] ] ] } },
{ "type": "Feature", "properties": { "LEFT_FID": -1, "RIGHT_FID": 0 }, "geometry": { "type": "MultiLineString", "coordinates": [ [ [ 434765.438952675147448, 740323.967511476599611 ], [ 434763.095699999830686, 740326.120999998413026 ] ] ] } },
{ "type": "Feature", "properties": { "LEFT_FID": -1, "RIGHT_FID": 2 }, "geometry": { "type": "MultiLineString", "coordinates": [ [ [ 434755.541400001267903, 740334.026699998416007 ], [ 434756.431100000161678, 740333.01380000053905 ], [ 434763.095699999830686, 740326.120999998413026 ] ] ] } },
{ "type": "Feature", "properties": { "LEFT_FID": -1, "RIGHT_FID": 0 }, "geometry": { "type": "MultiLineString", "coordinates": [ [ [ 434763.095699999830686, 740326.120999998413026 ], [ 434755.541400001267903, 740334.026699998416007 ] ] ] } },
{ "type": "Feature", "properties": { "LEFT_FID": 2, "RIGHT_FID": 0 }, "geometry": { "type": "MultiLineString", "coordinates": [ [ [ 434755.541400001267903, 740334.026699998416007 ], [ 434753.275399999925867, 740336.606300000566989 ] ] ] } },
{ "type": "Feature", "properties": { "LEFT_FID": -1, "RIGHT_FID": 2 }, "geometry": { "type": "MultiLineString", "coordinates": [ [ [ 434748.22479999915231, 740342.579700001049787 ], [ 434750.025999999255873, 740340.305400001932867 ], [ 434753.275399999925867, 740336.606300000566989 ] ] ] } },
{ "type": "Feature", "properties": { "LEFT_FID": -1, "RIGHT_FID": 0 }, "geometry": { "type": "MultiLineString", "coordinates": [ [ [ 434753.275399999925867, 740336.606300000566989 ], [ 434748.22479999915231, 740342.579700001049787 ] ] ] } },
{ "type": "Feature", "properties": { "LEFT_FID": 2, "RIGHT_FID": 0 }, "geometry": { "type": "MultiLineString", "coordinates": [ [ [ 434748.22479999915231, 740342.579700001049787 ], [ 434745.675500001292676, 740345.798249999759719 ] ] ] } },
{ "type": "Feature", "properties": { "LEFT_FID": -1, "RIGHT_FID": 2 }, "geometry": { "type": "MultiLineString", "coordinates": [ [ [ 434741.846449999604374, 740350.950350000406615 ], [ 434743.898199999937788, 740348.042300000553951 ], [ 434745.675500001292676, 740345.798249999759719 ] ] ] } },
{ "type": "Feature", "properties": { "LEFT_FID": -1, "RIGHT_FID": 0 }, "geometry": { "type": "MultiLineString", "coordinates": [ [ [ 434745.675500001292676, 740345.798249999759719 ], [ 434741.846449999604374, 740350.950350000406615 ] ] ] } },
{ "type": "Feature", "properties": { "LEFT_FID": 2, "RIGHT_FID": 0 }, "geometry": { "type": "MultiLineString", "coordinates": [ [ [ 434741.846449999604374, 740350.950350000406615 ], [ 434738.619600000907667, 740355.524099999573082 ] ] ] } },
{ "type": "Feature", "properties": { "LEFT_FID": -1, "RIGHT_FID": 2 }, "geometry": { "type": "MultiLineString", "coordinates": [ [ [ 434734.324050001159776, 740362.030749999685213 ], [ 434737.184400000085589, 740357.558300000615418 ], [ 434738.619600000907667, 740355.524099999573082 ] ] ] } },
{ "type": "Feature", "properties": { "LEFT_FID": -1, "RIGHT_FID": 0 }, "geometry": { "type": "MultiLineString", "coordinates": [ [ [ 434738.619600000907667, 740355.524099999573082 ], [ 434734.324050001159776, 740362.030749999685213 ] ] ] } },
{ "type": "Feature", "properties": { "LEFT_FID": 2, "RIGHT_FID": 0 }, "geometry": { "type": "MultiLineString", "coordinates": [ [ [ 434734.324050001159776, 740362.030749999685213 ], [ 434732.115549999871291, 740365.48389999975916 ] ] ] } },
{ "type": "Feature", "properties": { "LEFT_FID": -1, "RIGHT_FID": 0 }, "geometry": { "type": "MultiLineString", "coordinates": [ [ [ 434732.115549999871291, 740365.48389999975916 ], [ 434709.114622171793599, 740404.70686317991931 ], [ 434765.438952675147448, 740323.967511476599611 ] ] ] } },
{ "type": "Feature", "properties": { "LEFT_FID": -1, "RIGHT_FID": 2 }, "geometry": { "type": "MultiLineString", "coordinates": [ [ [ 426713.951880459848326, 734396.94719897210598 ], [ 426682.962999999523163, 734985.735500000067987 ], [ 426365.941199999302626, 735731.669099999242462 ], [ 426330.870884069881868, 735938.194397293962538 ], [ 426198.106200000096578, 736720.030799999600276 ], [ 426078.735800000780728, 737095.195299999206327 ], [ 426438.396400000783615, 738375.148700001300313 ], [ 426729.121900000667665, 738957.576499999617226 ], [ 426495.546500000869855, 739384.800799999036826 ], [ 426494.03010000102222, 740447.391200000187382 ], [ 426833.174600768776145, 740671.664198836777359 ], [ 427464.744199999433476, 741089.315100000356324 ], [ 427922.639794262999203, 741247.210116636590101 ], [ 428040.214100000390317, 741287.75300000119023 ], [ 428787.66350000014063, 741056.242100000148639 ], [ 428807.693406660866458, 741044.276011148234829 ], [ 430062.04079999960959, 740294.915900000371039 ], [ 430931.68329999956768, 740158.501700000255369 ], [ 431546.644799999718089, 739447.340700000640936 ], [ 431898.5758, 739255.75349999871105 ], [ 433142.310399999551009, 740055.103200000012293 ], [ 433176.312499999650754, 740052.487700000521727 ], [ 433922.246000000042841, 740220.322699999669567 ], [ 434067.02630669134669, 740264.386278012534603 ], [ 434351.157399999501649, 740350.860899998690002 ], [ 434629.355199999525212, 740489.959799998672679 ], [ 434658.044899999513291, 740463.154300000052899 ], [ 434687.614699998986907, 740435.526399999507703 ], [ 434709.072896071709692, 740404.766676376340911 ], [ 434730.931399999710266, 740367.335500000743195 ], [ 434732.115549999871291, 740365.48389999975916 ] ] ] } }
]
}
